workload,scale,mode,phase,metric,n,mean,median,standard_deviation,ci95_lower,ci95_upper
alias-flood,32,anubis-d4-solve,requests,origin_cpu_seconds_per_1000_attempts,10,7.183403125,7.151187499999999,0.1797606001368073,7.080262265625,7.293267812499999
alias-flood,32,anubis-d4-solve,requests,origin_executions,10,32,32.0,0.0,32.0,32.0
alias-flood,32,anubis-d4-solve,requests,origin_max_concurrency,10,2,2.0,0.0,2.0,2.0
alias-flood,32,anubis-d4-solve,requests,server_cpu_seconds,10,1.03340495,1.034402,0.024102309557995548,1.01937227775,1.04720812625
alias-flood,32,anubis-d4-solve,requests,client_cpu_seconds,10,2.14085775,2.08022415,0.28328959756612726,1.9813382255,2.31509886975
alias-flood,32,anubis-d4-solve,requests,delivered_fraction,10,1.0,1.0,0.0,1.0,1.0
alias-flood,32,anubis-d4-solve,requests,delivered_per_second,10,24.980991957431407,25.13828235308496,2.4911723013517495,23.538702152889524,26.487186298829158
alias-flood,32,anubis-d4-solve,requests,attempted_per_second,10,24.980991957431407,25.13828235308496,2.4911723013517495,23.52777583118399,26.489106479322505
alias-flood,32,anubis-d4-solve,requests,p50_ms,10,152.4990054,137.18908575,49.66736162658379,128.94795933,185.79629589249998
alias-flood,32,anubis-d4-solve,requests,p95_ms,10,763.761324945,735.29754385,129.2440635598753,691.204914658625,841.86124138675
alias-flood,32,anubis-d4-solve,requests,p99_ms,10,807.724127124,799.3820168350001,138.25868525155826,728.750771998075,889.7564062771501
alias-flood,32,anubis-d4-solve,requests,server_peak_sampled_rss_bytes,10,93807001.6,94095360.0,8145744.457090315,89018746.88,98539560.96
alias-flood,32,anubis-d4-solve,requests,total_client_wire_read_bytes,10,554486.1,554485.5,15.3727753584778,554477.0,554495.1
alias-flood,32,anubis-d4-solve,requests,total_client_wire_written_bytes,10,41699.2,41702.0,16.42356031234803,41689.097499999996,41708.3
alias-flood,32,anubis-d4-solve,requests,nginx_hit_fraction,10,0.0,0.0,0.0,0.0,0.0
alias-flood,32,anubis-d5-nosolve,requests,origin_cpu_seconds_per_1000_attempts,10,0.0,0.0,0.0,0.0,0.0
alias-flood,32,anubis-d5-nosolve,requests,origin_executions,10,0,0.0,0.0,0.0,0.0
alias-flood,32,anubis-d5-nosolve,requests,origin_max_concurrency,10,0,0.0,0.0,0.0,0.0
alias-flood,32,anubis-d5-nosolve,requests,server_cpu_seconds,10,0.01903638,0.018956549999999996,0.0007141654038106301,0.018632519749999996,0.019485302
alias-flood,32,anubis-d5-nosolve,requests,client_cpu_seconds,10,0.89895022,0.8897657,0.03088122186470823,0.8824047159999999,0.919070233
alias-flood,32,anubis-d5-nosolve,requests,delivered_fraction,10,0.0,0.0,0.0,0.0,0.0
alias-flood,32,anubis-d5-nosolve,requests,delivered_per_second,10,0.0,0.0,0.0,0.0,0.0
alias-flood,32,anubis-d5-nosolve,requests,attempted_per_second,10,62.24076546115283,61.61649895237334,2.0955761459247153,61.54083232100438,63.58193058481603
alias-flood,32,anubis-d5-nosolve,requests,p50_ms,10,12.981032050000003,12.044182749999997,5.104378925112438,10.288632275000007,16.183532400000004
alias-flood,32,anubis-d5-nosolve,requests,p95_ms,10,58.425656909999994,59.04615742499998,10.789411252017858,52.268167619749995,64.72436090862499
alias-flood,32,anubis-d5-nosolve,requests,p99_ms,10,70.754214649,73.79138277000001,11.808055720498349,63.725570758,77.53723376087503
alias-flood,32,anubis-d5-nosolve,requests,server_peak_sampled_rss_bytes,10,55831756.8,55875584.0,1848677.265514803,54685665.28,56866816.0
alias-flood,32,anubis-d5-nosolve,requests,total_client_wire_read_bytes,10,140905.7,140904.0,32.42786867289718,140886.8,140924.4
alias-flood,32,anubis-d5-nosolve,requests,total_client_wire_written_bytes,10,10432,10432.0,0.0,10432.0,10432.0
alias-flood,32,anubis-d5-nosolve,requests,nginx_hit_fraction,10,0.0,0.0,0.0,0.0,0.0
alias-flood,32,anubis-d5-solve,requests,origin_cpu_seconds_per_1000_attempts,10,6.8405375,6.8386249999999995,0.07874612782587759,6.7945062499999995,6.887418984375
alias-flood,32,anubis-d5-solve,requests,origin_executions,10,32,32.0,0.0,32.0,32.0
alias-flood,32,anubis-d5-solve,requests,origin_max_concurrency,10,1.6,2.0,0.5163977794943223,1.3,1.9
alias-flood,32,anubis-d5-solve,requests,server_cpu_seconds,10,0.98487703,0.981167,0.016730105799960995,0.9763075535000001,0.9957374745
alias-flood,32,anubis-d5-solve,requests,client_cpu_seconds,10,14.451922660000001,14.99165735,1.8881370299736357,13.284218957750001,15.454207693499999
alias-flood,32,anubis-d5-solve,requests,delivered_fraction,10,1.0,1.0,0.0,1.0,1.0
alias-flood,32,anubis-d5-solve,requests,delivered_per_second,10,4.236272925334114,3.987802904133855,0.7617952768569203,3.832197902467896,4.721573470289811
alias-flood,32,anubis-d5-solve,requests,attempted_per_second,10,4.236272925334114,3.987802904133855,0.7617952768569203,3.829763083026095,4.716132452041463
alias-flood,32,anubis-d5-solve,requests,p50_ms,10,388.4646414,376.85834999999986,140.0601508637538,308.426378525,470.7113221900001
alias-flood,32,anubis-d5-solve,requests,p95_ms,10,6271.3817927049995,6468.800280374999,677.0689725483561,5840.9425381221245,6615.0489438726245
alias-flood,32,anubis-d5-solve,requests,p99_ms,10,7039.770297533001,7346.951710890001,1031.2643632673964,6397.9681114366,7585.422892796377
alias-flood,32,anubis-d5-solve,requests,server_peak_sampled_rss_bytes,10,75552768,75368448.0,4740377.2653644355,72900177.92,78399119.36
alias-flood,32,anubis-d5-solve,requests,total_client_wire_read_bytes,10,554494.1,554490.5,17.489361845927306,554483.9,554504.5
alias-flood,32,anubis-d5-solve,requests,total_client_wire_written_bytes,10,41709.5,41708.0,12.598500792642838,41702.2,41716.7
alias-flood,32,anubis-d5-solve,requests,nginx_hit_fraction,10,0.0,0.0,0.0,0.0,0.0
alias-flood,32,bounded-cold,requests,origin_cpu_seconds_per_1000_attempts,10,0.0,0.0,0.0,0.0,0.0
alias-flood,32,bounded-cold,requests,origin_executions,10,0,0.0,0.0,0.0,0.0
alias-flood,32,bounded-cold,requests,origin_max_concurrency,10,0,0.0,0.0,0.0,0.0
alias-flood,32,bounded-cold,requests,server_cpu_seconds,10,0.29913131000000004,0.29812055000000004,0.023477040782359147,0.28633144025000007,0.31374176975
alias-flood,32,bounded-cold,requests,client_cpu_seconds,10,0.92275001,0.9161718999999999,0.022354208751843588,0.9107454025,0.936327635
alias-flood,32,bounded-cold,requests,delivered_fraction,10,0.0,0.0,0.0,0.0,0.0
alias-flood,32,bounded-cold,requests,delivered_per_second,10,0.0,0.0,0.0,0.0,0.0
alias-flood,32,bounded-cold,requests,attempted_per_second,10,46.686654820766464,47.63747145386016,1.5713526071651527,45.706053720991065,47.63796826271054
alias-flood,32,bounded-cold,requests,p50_ms,10,72.68114994999999,72.880227,11.570978740515411,66.3432242075,79.77168496249998
alias-flood,32,bounded-cold,requests,p95_ms,10,126.995845955,132.15991419999995,16.57979406799152,116.78713872187501,136.3229741875
alias-flood,32,bounded-cold,requests,p99_ms,10,132.77748755599998,138.87047164,20.710339644288357,120.48459409009999,144.61852732589998
alias-flood,32,bounded-cold,requests,server_peak_sampled_rss_bytes,10,96422297.6,96264192.0,1750008.1906593847,95381473.28,97399623.68
alias-flood,32,bounded-cold,requests,total_client_wire_read_bytes,10,612800,612800.0,0.0,612800.0,612800.0
alias-flood,32,bounded-cold,requests,total_client_wire_written_bytes,10,15648,15648.0,0.0,15648.0,15648.0
alias-flood,32,bounded-cold,requests,nginx_hit_fraction,10,0.0,0.0,0.0,0.0,0.0
alias-flood,32,bounded-cold,requests,artifact_hit_fraction,10,0.0,0.0,0.0,0.0,0.0
alias-flood,32,bounded-warm,requests,origin_cpu_seconds_per_1000_attempts,10,0.0,0.0,0.0,0.0,0.0
alias-flood,32,bounded-warm,requests,origin_executions,10,0,0.0,0.0,0.0,0.0
alias-flood,32,bounded-warm,requests,origin_max_concurrency,10,0,0.0,0.0,0.0,0.0
alias-flood,32,bounded-warm,requests,server_cpu_seconds,10,0.25284743,0.25491955,0.014421027006119285,0.24409859150000005,0.260729049
alias-flood,32,bounded-warm,requests,client_cpu_seconds,10,0.93120873,0.9281877000000001,0.024807053152729228,0.9177553,0.94716055625
alias-flood,32,bounded-warm,requests,delivered_fraction,10,1.0,1.0,0.0,1.0,1.0
alias-flood,32,bounded-warm,requests,delivered_per_second,10,48.13919542236091,47.689358382938416,2.0750734636589754,47.03230531629005,49.29330988126815
alias-flood,32,bounded-warm,requests,attempted_per_second,10,48.13919542236091,47.689358382938416,2.0750734636589754,47.02681162939341,49.28452242224776
alias-flood,32,bounded-warm,requests,p50_ms,10,65.70616095,67.606492,8.291483975847058,60.85601808499999,70.48893197125001
alias-flood,32,bounded-warm,requests,p95_ms,10,116.37051697999999,116.486025625,20.33043266088227,105.686236685,129.293043348875
alias-flood,32,bounded-warm,requests,p99_ms,10,124.037317187,120.78887900000001,19.864554792367883,113.93054198600001,137.069270763525
alias-flood,32,bounded-warm,requests,server_peak_sampled_rss_bytes,10,100029235.2,100159488.0,1129857.3448829527,99352965.11999999,100644454.4
alias-flood,32,bounded-warm,requests,total_client_wire_read_bytes,10,1072960,1072960.0,0.0,1072960.0,1072960.0
alias-flood,32,bounded-warm,requests,total_client_wire_written_bytes,10,15648,15648.0,0.0,15648.0,15648.0
alias-flood,32,bounded-warm,requests,nginx_hit_fraction,10,0.0,0.0,0.0,0.0,0.0
alias-flood,32,bounded-warm,requests,artifact_hit_fraction,10,1.0,1.0,0.0,1.0,1.0
alias-flood,32,cgit,requests,origin_cpu_seconds_per_1000_attempts,10,6.84150625,6.854749999999999,0.08990114627984745,6.787383671874999,6.89268265625
alias-flood,32,cgit,requests,origin_executions,10,32,32.0,0.0,32.0,32.0
alias-flood,32,cgit,requests,origin_max_concurrency,10,2,2.0,0.0,2.0,2.0
alias-flood,32,cgit,requests,server_cpu_seconds,10,0.94596778,0.9479130499999999,0.011839643741336881,0.93879079225,0.9527646089999999
alias-flood,32,cgit,requests,client_cpu_seconds,10,0.84795188,0.845214,0.024730181279328384,0.8350584,0.86425156225
alias-flood,32,cgit,requests,delivered_fraction,10,1.0,1.0,0.0,1.0,1.0
alias-flood,32,cgit,requests,delivered_per_second,10,34.546987596921994,34.7288672605077,0.5500096495736616,34.18732152439878,34.74494090974187
alias-flood,32,cgit,requests,attempted_per_second,10,34.546987596921994,34.7288672605077,0.5500096495736616,34.191537247806494,34.74440453240185
alias-flood,32,cgit,requests,p50_ms,10,229.9680677,228.79281149999997,6.429219730782875,226.58160951124998,234.19313218124998
alias-flood,32,cgit,requests,p95_ms,10,291.710833965,292.31199727499995,8.290700402905644,286.65156357012495,296.277714432875
alias-flood,32,cgit,requests,p99_ms,10,304.448274437,304.72663498000003,7.960871732903963,300.0093831459,309.50261611830007
alias-flood,32,cgit,requests,server_peak_sampled_rss_bytes,10,60354560,60348416.0,3098251.511429417,58575667.2,62219888.64
alias-flood,32,cgit,requests,total_client_wire_read_bytes,10,469312,469312.0,0.0,469312.0,469312.0
alias-flood,32,cgit,requests,total_client_wire_written_bytes,10,8368,8368.0,0.0,8368.0,8368.0
alias-flood,32,cgit,requests,nginx_hit_fraction,10,0.0,0.0,0.0,0.0,0.0
alias-flood,32,nginx-cold,requests,origin_cpu_seconds_per_1000_attempts,10,3.4073374999999997,3.395171875,0.06959283836029151,3.3676062499999997,3.4481890625
alias-flood,32,nginx-cold,requests,origin_executions,10,16,16.0,0.0,16.0,16.0
alias-flood,32,nginx-cold,requests,origin_max_concurrency,10,2,2.0,0.0,2.0,2.0
alias-flood,32,nginx-cold,requests,server_cpu_seconds,10,0.48518681999999996,0.48394764999999995,0.011140387187645987,0.4789002715,0.49193791
alias-flood,32,nginx-cold,requests,client_cpu_seconds,10,0.8419393,0.8391123,0.016224481722590313,0.8327160210000001,0.8515745192499999
alias-flood,32,nginx-cold,requests,delivered_fraction,10,1.0,1.0,0.0,1.0,1.0
alias-flood,32,nginx-cold,requests,delivered_per_second,10,50.051500403166045,51.52352888166452,2.0038885416256815,48.88178892980363,51.21799732464461
alias-flood,32,nginx-cold,requests,attempted_per_second,10,50.051500403166045,51.52352888166452,2.0038885416256815,48.8820991433287,51.217369315457574
alias-flood,32,nginx-cold,requests,p50_ms,10,19.16914385,19.178913,1.4476658551236663,18.335457123750004,20.023985938749995
alias-flood,32,nginx-cold,requests,p95_ms,10,215.819398335,216.978804275,9.000751139579075,210.656200108375,221.2361039765
alias-flood,32,nginx-cold,requests,p99_ms,10,232.638926348,235.53418754000003,9.702380593889512,226.7455467699,238.05004256200004
alias-flood,32,nginx-cold,requests,server_peak_sampled_rss_bytes,10,63983616,63635456.0,8814255.524350338,58942842.879999995,69163417.6
alias-flood,32,nginx-cold,requests,total_client_wire_read_bytes,10,469872,469872.0,0.0,469872.0,469872.0
alias-flood,32,nginx-cold,requests,total_client_wire_written_bytes,10,8368,8368.0,0.0,8368.0,8368.0
alias-flood,32,nginx-cold,requests,nginx_hit_fraction,10,0.5,0.5,0.0,0.5,0.5
alias-flood,32,nginx-warm,requests,origin_cpu_seconds_per_1000_attempts,10,2.573653125,2.574625,0.09631600308405028,2.5170746093750003,2.6309596093749996
alias-flood,32,nginx-warm,requests,origin_executions,10,12,12.0,0.0,12.0,12.0
alias-flood,32,nginx-warm,requests,origin_max_concurrency,10,2,2.0,0.0,2.0,2.0
alias-flood,32,nginx-warm,requests,server_cpu_seconds,10,0.36871446,0.3684083,0.013037673099070337,0.36111639100000004,0.37650081925
alias-flood,32,nginx-warm,requests,client_cpu_seconds,10,0.8603923099999999,0.8492602,0.03860179713955325,0.8421841170000001,0.8860149589999999
alias-flood,32,nginx-warm,requests,delivered_fraction,10,1.0,1.0,0.0,1.0,1.0
alias-flood,32,nginx-warm,requests,delivered_per_second,10,54.32862237031863,56.1344938748225,2.372884595679199,52.9420270870299,55.706977023208665
alias-flood,32,nginx-warm,requests,attempted_per_second,10,54.32862237031863,56.1344938748225,2.372884595679199,52.94540344829513,55.707927273945934
alias-flood,32,nginx-warm,requests,p50_ms,10,6.189516899999996,5.150668999999979,3.9533025773160517,4.534124056249994,8.812350899999995
alias-flood,32,nginx-warm,requests,p95_ms,10,148.19177738,148.73164075,8.428400674899748,143.19546491725,152.93762898
alias-flood,32,nginx-warm,requests,p99_ms,10,158.17683671700001,159.507715675,12.002884072479022,150.76773581,164.93074668047498
alias-flood,32,nginx-warm,requests,server_peak_sampled_rss_bytes,10,59808972.8,60229632.0,6532558.519989219,56014817.28,63592048.64
alias-flood,32,nginx-warm,requests,total_client_wire_read_bytes,10,469868,469868.0,0.0,469868.0,469868.0
alias-flood,32,nginx-warm,requests,total_client_wire_written_bytes,10,8368,8368.0,0.0,8368.0,8368.0
alias-flood,32,nginx-warm,requests,nginx_hit_fraction,10,0.625,0.625,0.0,0.625,0.625
alias-flood,128,anubis-d4-solve,requests,origin_cpu_seconds_per_1000_attempts,10,7.129515625,7.137296875,0.11338085150768089,7.061616875,7.19390384765625
alias-flood,128,anubis-d4-solve,requests,origin_executions,10,128,128.0,0.0,128.0,128.0
alias-flood,128,anubis-d4-solve,requests,origin_max_concurrency,10,2,2.0,0.0,2.0,2.0
alias-flood,128,anubis-d4-solve,requests,server_cpu_seconds,10,4.01381879,4.01155095,0.08381129037251143,3.96705389825,4.065004678249999
alias-flood,128,anubis-d4-solve,requests,client_cpu_seconds,10,2.44088501,2.4299341500000002,0.3759690759762518,2.2211384395,2.6621970515
alias-flood,128,anubis-d4-solve,requests,delivered_fraction,10,1.0,1.0,0.0,1.0,1.0
alias-flood,128,anubis-d4-solve,requests,delivered_per_second,10,46.18696156069891,46.52404722811792,1.9998554283454624,45.007286120753854,47.35568011446401
alias-flood,128,anubis-d4-solve,requests,attempted_per_second,10,46.18696156069891,46.52404722811792,1.9998554283454624,45.02574473561389,47.33405465151353
alias-flood,128,anubis-d4-solve,requests,p50_ms,10,220.59646200000003,224.72243975000006,15.849699566241867,210.95134635374998,229.71123727250006
alias-flood,128,anubis-d4-solve,requests,p95_ms,10,691.4854373449995,679.609053424999,119.15083136486875,623.9487391432496,762.7565653349993
alias-flood,128,anubis-d4-solve,requests,p99_ms,10,945.8532349260003,936.0207375100002,166.13990720997117,847.8873030680752,1043.2629997340753
alias-flood,128,anubis-d4-solve,requests,server_peak_sampled_rss_bytes,10,105386803.2,104798208.0,3553729.9281969704,103408803.84,107623239.68
alias-flood,128,anubis-d4-solve,requests,total_client_wire_read_bytes,10,1962416.5,1962419.5,22.95042967402184,1962402.6975,1962429.8
alias-flood,128,anubis-d4-solve,requests,total_client_wire_written_bytes,10,123555.5,123554.5,13.986104214938166,123547.3,123563.7
alias-flood,128,anubis-d4-solve,requests,nginx_hit_fraction,10,0.0,0.0,0.0,0.0,0.0
alias-flood,128,anubis-d5-nosolve,requests,origin_cpu_seconds_per_1000_attempts,10,0.0,0.0,0.0,0.0,0.0
alias-flood,128,anubis-d5-nosolve,requests,origin_executions,10,0,0.0,0.0,0.0,0.0
alias-flood,128,anubis-d5-nosolve,requests,origin_max_concurrency,10,0,0.0,0.0,0.0,0.0
alias-flood,128,anubis-d5-nosolve,requests,server_cpu_seconds,10,0.046899380000000004,0.046266850000000005,0.0017704864320921014,0.045895857500000005,0.0479671655
alias-flood,128,anubis-d5-nosolve,requests,client_cpu_seconds,10,1.00566357,1.00323955,0.027534149684388883,0.9905885765,1.02237114
alias-flood,128,anubis-d5-nosolve,requests,delivered_fraction,10,0.0,0.0,0.0,0.0,0.0
alias-flood,128,anubis-d5-nosolve,requests,delivered_per_second,10,0.0,0.0,0.0,0.0,0.0
alias-flood,128,anubis-d5-nosolve,requests,attempted_per_second,10,229.12350545304838,224.44379085234365,12.92047668655701,221.25532090435442,237.382152489799
alias-flood,128,anubis-d5-nosolve,requests,p50_ms,10,6.357938800000002,6.137491250000011,1.4367748816813126,5.566586948750002,7.245183162500001
alias-flood,128,anubis-d5-nosolve,requests,p95_ms,10,40.897657699999975,39.854300249999994,6.499396211162071,37.011751765499994,44.75621457762497
alias-flood,128,anubis-d5-nosolve,requests,p99_ms,10,69.80281196000004,65.89614259999999,10.92895816593136,63.82895105300001,76.75550364345003
alias-flood,128,anubis-d5-nosolve,requests,server_peak_sampled_rss_bytes,10,57704038.4,57690112.0,1193973.5784565196,56998287.36,58408581.12
alias-flood,128,anubis-d5-nosolve,requests,total_client_wire_read_bytes,10,563611.9,563619.0,73.50502628316576,563567.8975000001,563653.4
alias-flood,128,anubis-d5-nosolve,requests,total_client_wire_written_bytes,10,47920,47920.0,0.0,47920.0,47920.0
alias-flood,128,anubis-d5-nosolve,requests,nginx_hit_fraction,10,0.0,0.0,0.0,0.0,0.0
alias-flood,128,anubis-d5-solve,requests,origin_cpu_seconds_per_1000_attempts,10,6.987307031249999,6.906925781249999,0.2056123448991295,6.8820527734375,7.1210316015625
alias-flood,128,anubis-d5-solve,requests,origin_executions,10,128,128.0,0.0,128.0,128.0
alias-flood,128,anubis-d5-solve,requests,origin_max_concurrency,10,2,2.0,0.0,2.0,2.0
alias-flood,128,anubis-d5-solve,requests,server_cpu_seconds,10,3.94714528,3.8948994499999996,0.1361431901862056,3.8756285305,4.0336518982500005
alias-flood,128,anubis-d5-solve,requests,client_cpu_seconds,10,16.68906937,16.670574799999997,4.381887448692193,14.03295652825,19.14574566
alias-flood,128,anubis-d5-solve,requests,delivered_fraction,10,1.0,1.0,0.0,1.0,1.0
alias-flood,128,anubis-d5-solve,requests,delivered_per_second,10,14.675874696831823,13.826439201506581,4.3273213212127,12.448530696211726,17.49209388789674
alias-flood,128,anubis-d5-solve,requests,attempted_per_second,10,14.675874696831823,13.826439201506581,4.3273213212127,12.459188512958615,17.436406726039575
alias-flood,128,anubis-d5-solve,requests,p50_ms,10,71.1645809500001,70.07346000000013,2.9324774692355535,70.03441340000019,73.03689971125016
alias-flood,128,anubis-d5-solve,requests,p95_ms,10,4982.963950269996,5666.2465114499955,1604.393527912853,4017.614547322372,5902.716588199621
alias-flood,128,anubis-d5-solve,requests,p99_ms,10,7389.567469067002,7536.132241820001,2138.0449857712774,6114.946473774101,8613.932762494125
alias-flood,128,anubis-d5-solve,requests,server_peak_sampled_rss_bytes,10,93689856,95473664.0,5923376.285778163,89952942.08,96972830.72
alias-flood,128,anubis-d5-solve,requests,total_client_wire_read_bytes,10,1962435,1962436.0,16.350331291240963,1962425.5,1962444.7
alias-flood,128,anubis-d5-solve,requests,total_client_wire_written_bytes,10,123555,123552.0,12.23837316712388,123548.1,123562.3
alias-flood,128,anubis-d5-solve,requests,nginx_hit_fraction,10,0.0,0.0,0.0,0.0,0.0
alias-flood,128,bounded-cold,requests,origin_cpu_seconds_per_1000_attempts,10,0.0,0.0,0.0,0.0,0.0
alias-flood,128,bounded-cold,requests,origin_executions,10,0,0.0,0.0,0.0,0.0
alias-flood,128,bounded-cold,requests,origin_max_concurrency,10,0,0.0,0.0,0.0,0.0
alias-flood,128,bounded-cold,requests,server_cpu_seconds,10,0.62283066,0.6051856,0.03585466584641697,0.602341183,0.64487420875
alias-flood,128,bounded-cold,requests,client_cpu_seconds,10,1.04750489,1.05083065,0.02589427243806158,1.03262266,1.0632444810000001
alias-flood,128,bounded-cold,requests,delivered_fraction,10,0.0,0.0,0.0,0.0,0.0
alias-flood,128,bounded-cold,requests,delivered_per_second,10,0.0,0.0,0.0,0.0,0.0
alias-flood,128,bounded-cold,requests,attempted_per_second,10,153.19571317479557,155.62089191863487,6.38264720094808,149.46670311527342,157.09666582215883
alias-flood,128,bounded-cold,requests,p50_ms,10,25.93422925,26.573316750000004,2.26576957313209,24.613157030000007,27.269436833749985
alias-flood,128,bounded-cold,requests,p95_ms,10,116.46190822499999,112.16839709999996,22.39087762913692,103.97576158249997,130.162273850375
alias-flood,128,bounded-cold,requests,p99_ms,10,122.38475996500003,118.77436704000002,21.797809078075417,110.0363982149,135.89056335975005
alias-flood,128,bounded-cold,requests,server_peak_sampled_rss_bytes,10,98733260.8,99090432.0,1410092.3123191302,97900072.96000001,99521341.44
alias-flood,128,bounded-cold,requests,total_client_wire_read_bytes,10,625760,625760.0,0.0,625760.0,625760.0
alias-flood,128,bounded-cold,requests,total_client_wire_written_bytes,10,40752,40752.0,0.0,40752.0,40752.0
alias-flood,128,bounded-cold,requests,nginx_hit_fraction,10,0.0,0.0,0.0,0.0,0.0
alias-flood,128,bounded-cold,requests,artifact_hit_fraction,10,0.0,0.0,0.0,0.0,0.0
alias-flood,128,bounded-warm,requests,origin_cpu_seconds_per_1000_attempts,10,0.0,0.0,0.0,0.0,0.0
alias-flood,128,bounded-warm,requests,origin_executions,10,0,0.0,0.0,0.0,0.0
alias-flood,128,bounded-warm,requests,origin_max_concurrency,10,0,0.0,0.0,0.0,0.0
alias-flood,128,bounded-warm,requests,server_cpu_seconds,10,0.61896581,0.6193667,0.01616263500701195,0.61014324375,0.628980091
alias-flood,128,bounded-warm,requests,client_cpu_seconds,10,1.08061358,1.07596275,0.03517132218083998,1.06026132475,1.1013967335000001
alias-flood,128,bounded-warm,requests,delivered_fraction,10,1.0,1.0,0.0,1.0,1.0
alias-flood,128,bounded-warm,requests,delivered_per_second,10,150.4934293560699,147.02971129070482,4.622172981672363,147.80779436410123,153.20485783648854
alias-flood,128,bounded-warm,requests,attempted_per_second,10,150.4934293560699,147.02971129070482,4.622172981672363,147.8036832556277,153.1967150297589
alias-flood,128,bounded-warm,requests,p50_ms,10,28.074542050000012,27.361876750000008,2.1998361661064343,26.840104302500006,29.43024778375
alias-flood,128,bounded-warm,requests,p95_ms,10,101.56999495999999,102.56230489999999,15.862497824048315,92.02096131499998,110.56226133549998
alias-flood,128,bounded-warm,requests,p99_ms,10,115.636573606,113.76066182999999,13.354931895667915,107.9071787587,123.68419142764999
alias-flood,128,bounded-warm,requests,server_peak_sampled_rss_bytes,10,113270784,113756160.0,2584246.0053464985,111713884.16000001,114680657.92
alias-flood,128,bounded-warm,requests,total_client_wire_read_bytes,10,2466400,2466400.0,0.0,2466400.0,2466400.0
alias-flood,128,bounded-warm,requests,total_client_wire_written_bytes,10,40752,40752.0,0.0,40752.0,40752.0
alias-flood,128,bounded-warm,requests,nginx_hit_fraction,10,0.0,0.0,0.0,0.0,0.0
alias-flood,128,bounded-warm,requests,artifact_hit_fraction,10,1.0,1.0,0.0,1.0,1.0
alias-flood,128,cgit,requests,origin_cpu_seconds_per_1000_attempts,10,6.90005234375,6.8738046875,0.10932275395575579,6.843420136718749,6.97033220703125
alias-flood,128,cgit,requests,origin_executions,10,128,128.0,0.0,128.0,128.0
alias-flood,128,cgit,requests,origin_max_concurrency,10,2,2.0,0.0,2.0,2.0
alias-flood,128,cgit,requests,server_cpu_seconds,10,3.80228146,3.78966775,0.06536358163148645,3.76787709425,3.8439719015
alias-flood,128,cgit,requests,client_cpu_seconds,10,0.97712577,0.97600195,0.01686826920826001,0.9675579,0.9875359385
alias-flood,128,cgit,requests,delivered_fraction,10,1.0,1.0,0.0,1.0,1.0
alias-flood,128,cgit,requests,delivered_per_second,10,53.01104352851017,52.77084391234261,0.8687756660803819,52.46905853034572,53.46499190164762
alias-flood,128,cgit,requests,attempted_per_second,10,53.01104352851017,52.77084391234261,0.8687756660803819,52.47078737328068,53.467751267620926
alias-flood,128,cgit,requests,p50_ms,10,250.75134445,249.87992275000002,3.2373268941093944,249.45209300125,252.89479256625003
alias-flood,128,cgit,requests,p95_ms,10,286.763722795,288.29595267499997,5.799289361669316,283.24491436999995,290.03025133862496
alias-flood,128,cgit,requests,p99_ms,10,301.374937558,302.871061135,7.770086594464995,296.777890384525,305.829383962975
alias-flood,128,cgit,requests,server_peak_sampled_rss_bytes,10,68883251.2,69326848.0,2861915.0602125297,67201781.76,70518415.36
alias-flood,128,cgit,requests,total_client_wire_read_bytes,10,1877248,1877248.0,0.0,1877248.0,1877248.0
alias-flood,128,cgit,requests,total_client_wire_written_bytes,10,33472,33472.0,0.0,33472.0,33472.0
alias-flood,128,cgit,requests,nginx_hit_fraction,10,0.0,0.0,0.0,0.0,0.0
alias-flood,128,nginx-cold,requests,origin_cpu_seconds_per_1000_attempts,10,0.8521984375,0.845484375,0.02886034178244394,0.83547263671875,0.8697312695312499
alias-flood,128,nginx-cold,requests,origin_executions,10,16,16.0,0.0,16.0,16.0
alias-flood,128,nginx-cold,requests,origin_max_concurrency,10,2,2.0,0.0,2.0,2.0
alias-flood,128,nginx-cold,requests,server_cpu_seconds,10,0.49617382,0.49154489999999995,0.01627728128574027,0.487420707,0.5063860495
alias-flood,128,nginx-cold,requests,client_cpu_seconds,10,0.93124073,0.9229704999999999,0.02900845527539439,0.915430612,0.949028812
alias-flood,128,nginx-cold,requests,delivered_fraction,10,1.0,1.0,0.0,1.0,1.0
alias-flood,128,nginx-cold,requests,delivered_per_second,10,192.3812014002131,190.84688348222147,4.9249604919266945,190.7077528604891,195.5545749198946
alias-flood,128,nginx-cold,requests,attempted_per_second,10,192.3812014002131,190.84688348222147,4.9249604919266945,190.71011411524745,195.54992736460855
alias-flood,128,nginx-cold,requests,p50_ms,10,0.6092650500000005,0.6063292500000017,0.028202542068685,0.5931004112500056,0.6263292624999959
alias-flood,128,nginx-cold,requests,p95_ms,10,153.63471352499988,156.41296354999986,10.193972778718795,147.38829506999988,159.41848621012488
alias-flood,128,nginx-cold,requests,p99_ms,10,227.24889685000002,225.87109852500004,11.420632084350979,220.57555553495,233.9387795647
alias-flood,128,nginx-cold,requests,server_peak_sampled_rss_bytes,10,60750643.2,60149760.0,8975027.997703118,55405568.0,66125834.24
alias-flood,128,nginx-cold,requests,total_client_wire_read_bytes,10,1879440,1879440.0,0.0,1879440.0,1879440.0
alias-flood,128,nginx-cold,requests,total_client_wire_written_bytes,10,33472,33472.0,0.0,33472.0,33472.0
alias-flood,128,nginx-cold,requests,nginx_hit_fraction,10,0.875,0.875,0.0,0.875,0.875
alias-flood,128,nginx-warm,requests,origin_cpu_seconds_per_1000_attempts,10,0.65841953125,0.6594687499999999,0.015398269062829538,0.649455390625,0.66746078125
alias-flood,128,nginx-warm,requests,origin_executions,10,12,12.0,0.0,12.0,12.0
alias-flood,128,nginx-warm,requests,origin_max_concurrency,10,2,2.0,0.0,2.0,2.0
alias-flood,128,nginx-warm,requests,server_cpu_seconds,10,0.38195773,0.38269045,0.008678763847211578,0.37684211075,0.38702111775000003
alias-flood,128,nginx-warm,requests,client_cpu_seconds,10,0.95483812,0.9508062,0.04729773603181352,0.929368897,0.9850529474999999
alias-flood,128,nginx-warm,requests,delivered_fraction,10,1.0,1.0,0.0,1.0,1.0
alias-flood,128,nginx-warm,requests,delivered_per_second,10,211.89433919730274,206.52750430510218,8.767195332545102,206.50207460049123,217.35661582879828
alias-flood,128,nginx-warm,requests,attempted_per_second,10,211.89433919730274,206.52750430510218,8.767195332545102,206.49966189549232,217.36009395546048
alias-flood,128,nginx-warm,requests,p50_ms,10,0.7124921500000028,0.703665749999999,0.05175150373073244,0.6825167050000046,0.7430523762500001
alias-flood,128,nginx-warm,requests,p95_ms,10,94.18716831499987,95.59132529999988,6.676681910905979,90.16743777712487,98.00805618624982
alias-flood,128,nginx-warm,requests,p99_ms,10,159.79847761100007,160.29165287500007,7.536936074209654,155.51983693262505,164.38146401947506
alias-flood,128,nginx-warm,requests,server_peak_sampled_rss_bytes,10,58847641.6,62754816.0,9003184.710994503,53364807.68,63898122.24
alias-flood,128,nginx-warm,requests,total_client_wire_read_bytes,10,1879436,1879436.0,0.0,1879436.0,1879436.0
alias-flood,128,nginx-warm,requests,total_client_wire_written_bytes,10,33472,33472.0,0.0,33472.0,33472.0
alias-flood,128,nginx-warm,requests,nginx_hit_fraction,10,0.90625,0.90625,0.0,0.90625,0.90625
alias-flood,512,anubis-d4-solve,requests,origin_cpu_seconds_per_1000_attempts,10,6.9500734374999995,6.9410078125000005,0.05992401256424094,6.916546352539062,6.987055600585937
alias-flood,512,anubis-d4-solve,requests,origin_executions,10,512,512.0,0.0,512.0,512.0
alias-flood,512,anubis-d4-solve,requests,origin_max_concurrency,10,2,2.0,0.0,2.0,2.0
alias-flood,512,anubis-d4-solve,requests,server_cpu_seconds,10,15.55949033,15.53321385,0.16105891290717234,15.47078083625,15.66112087
alias-flood,512,anubis-d4-solve,requests,client_cpu_seconds,10,2.66815463,2.6197134,0.2795941699680174,2.5034742654999995,2.8292032545
alias-flood,512,anubis-d4-solve,requests,delivered_fraction,10,1.0,1.0,0.0,1.0,1.0
alias-flood,512,anubis-d4-solve,requests,delivered_per_second,10,58.08948292556966,58.23603712466427,0.8228834369264444,57.57021612236407,58.5508123128375
alias-flood,512,anubis-d4-solve,requests,attempted_per_second,10,58.08948292556966,58.23603712466427,0.8228834369264444,57.57386428279276,58.54789689514867
alias-flood,512,anubis-d4-solve,requests,p50_ms,10,252.1029123,250.03674700000016,3.8684971854414645,250.03389592374998,254.66320091125002
alias-flood,512,anubis-d4-solve,requests,p95_ms,10,289.90410722,290.02021067500004,0.817504119559096,289.355027456125,290.304603397875
alias-flood,512,anubis-d4-solve,requests,p99_ms,10,710.5126978859989,690.5906611249998,108.79603171065409,649.3569985815992,774.8740874768243
alias-flood,512,anubis-d4-solve,requests,server_peak_sampled_rss_bytes,10,116479590.4,115607552.0,5375233.304160753,113623859.2,119851878.4
alias-flood,512,anubis-d4-solve,requests,total_client_wire_read_bytes,10,7594151.5,7594159.0,23.16246964380094,7594137.3,7594164.1
alias-flood,512,anubis-d4-solve,requests,total_client_wire_written_bytes,10,450913.4,450910.5,23.660562593104633,450899.6,450927.4
alias-flood,512,anubis-d4-solve,requests,nginx_hit_fraction,10,0.0,0.0,0.0,0.0,0.0
alias-flood,512,anubis-d5-nosolve,requests,origin_cpu_seconds_per_1000_attempts,10,0.0,0.0,0.0,0.0,0.0
alias-flood,512,anubis-d5-nosolve,requests,origin_executions,10,0,0.0,0.0,0.0,0.0
alias-flood,512,anubis-d5-nosolve,requests,origin_max_concurrency,10,0,0.0,0.0,0.0,0.0
alias-flood,512,anubis-d5-nosolve,requests,server_cpu_seconds,10,0.15020404,0.14763905,0.006922539261988899,0.14686301775,0.154779788
alias-flood,512,anubis-d5-nosolve,requests,client_cpu_seconds,10,1.32239464,1.32249765,0.037260591449268944,1.3010361427500001,1.3448290575000001
alias-flood,512,anubis-d5-nosolve,requests,delivered_fraction,10,0.0,0.0,0.0,0.0,0.0
alias-flood,512,anubis-d5-nosolve,requests,delivered_per_second,10,0.0,0.0,0.0,0.0,0.0
alias-flood,512,anubis-d5-nosolve,requests,attempted_per_second,10,696.8019401523893,710.3193439331344,22.336767200573934,682.854285699215,710.3995790855844
alias-flood,512,anubis-d5-nosolve,requests,p50_ms,10,5.763683049999995,5.676675500000002,0.5933419084267778,5.419948384999998,6.109654741249998
alias-flood,512,anubis-d5-nosolve,requests,p95_ms,10,18.002484139999993,17.100749275,2.5493504260961157,16.536346319999996,19.546680409624987
alias-flood,512,anubis-d5-nosolve,requests,p99_ms,10,41.25097578699997,41.858653379999936,3.3760498420830447,39.25688944104998,43.13707534934996
alias-flood,512,anubis-d5-nosolve,requests,server_peak_sampled_rss_bytes,10,60204646.4,60188672.0,941304.4088534449,59663554.559999995,60764979.2
alias-flood,512,anubis-d5-nosolve,requests,total_client_wire_read_bytes,10,2254612.1,2254596.0,243.63061748839735,2254473.0,2254755.7
alias-flood,512,anubis-d5-nosolve,requests,total_client_wire_written_bytes,10,197872,197872.0,0.0,197872.0,197872.0
alias-flood,512,anubis-d5-nosolve,requests,nginx_hit_fraction,10,0.0,0.0,0.0,0.0,0.0
alias-flood,512,anubis-d5-solve,requests,origin_cpu_seconds_per_1000_attempts,10,7.371419921875,7.323341796875,0.1722016140900433,7.278377539062499,7.479412470703124
alias-flood,512,anubis-d5-solve,requests,origin_executions,10,512,512.0,0.0,512.0,512.0
alias-flood,512,anubis-d5-solve,requests,origin_max_concurrency,10,2,2.0,0.0,2.0,2.0
alias-flood,512,anubis-d5-solve,requests,server_cpu_seconds,10,16.64922431,16.5004597,0.4464349605200481,16.421846002,16.9402143455
alias-flood,512,anubis-d5-solve,requests,client_cpu_seconds,10,17.22638834,16.82536745,2.916519526269805,15.55458479875,19.003247889
alias-flood,512,anubis-d5-solve,requests,delivered_fraction,10,1.0,1.0,0.0,1.0,1.0
alias-flood,512,anubis-d5-solve,requests,delivered_per_second,10,44.058235749534845,44.614336580493934,4.775220954259144,41.14168137613088,46.73673559885361
alias-flood,512,anubis-d5-solve,requests,attempted_per_second,10,44.058235749534845,44.614336580493934,4.775220954259144,41.11361865223128,46.731436661138765
alias-flood,512,anubis-d5-solve,requests,p50_ms,10,95.21598690000002,94.88855600000022,17.36113430943607,85.2683642037501,105.43330533750003
alias-flood,512,anubis-d5-solve,requests,p95_ms,10,169.09504351999993,180.19667027499997,26.128464435860565,153.27118779662493,183.84075329775004
alias-flood,512,anubis-d5-solve,requests,p99_ms,10,6228.528329459989,5806.700449484988,1364.0665341650915,5509.953086269992,7088.432298683168
alias-flood,512,anubis-d5-solve,requests,server_peak_sampled_rss_bytes,10,108186009.6,107456512.0,4967973.61875665,105535467.52,111341230.08
alias-flood,512,anubis-d5-solve,requests,total_client_wire_read_bytes,10,7594158.4,7594166.5,23.109401646179514,7594144.0,7594171.0
alias-flood,512,anubis-d5-solve,requests,total_client_wire_written_bytes,10,450912.3,450907.0,13.597793938724031,450905.2,450920.8
alias-flood,512,anubis-d5-solve,requests,nginx_hit_fraction,10,0.0,0.0,0.0,0.0,0.0
alias-flood,512,bounded-cold,requests,origin_cpu_seconds_per_1000_attempts,10,0.0,0.0,0.0,0.0,0.0
alias-flood,512,bounded-cold,requests,origin_executions,10,0,0.0,0.0,0.0,0.0
alias-flood,512,bounded-cold,requests,origin_max_concurrency,10,0,0.0,0.0,0.0,0.0
alias-flood,512,bounded-cold,requests,server_cpu_seconds,10,1.52523939,1.5332711,0.041543754754220064,1.5012357985,1.5506002815
alias-flood,512,bounded-cold,requests,client_cpu_seconds,10,1.3233467,1.31606865,0.03227456453473339,1.3055591255,1.3427903942500001
alias-flood,512,bounded-cold,requests,delivered_fraction,10,0.0,0.0,0.0,0.0,0.0
alias-flood,512,bounded-cold,requests,delivered_per_second,10,0.0,0.0,0.0,0.0,0.0
alias-flood,512,bounded-cold,requests,attempted_per_second,10,400.7922133264904,401.8321278928971,11.826699293734888,394.3075102664428,407.4092932572201
alias-flood,512,bounded-cold,requests,p50_ms,10,18.29473729999999,18.098696750000016,1.134551065650604,17.61595514624998,18.932817698750004
alias-flood,512,bounded-cold,requests,p95_ms,10,44.22806887,43.818722175,3.5157261554232173,42.17453101937501,46.276853626
alias-flood,512,bounded-cold,requests,p99_ms,10,116.88063065699997,113.29943232499997,22.157085670571355,104.19389693182497,130.17548938304998
alias-flood,512,bounded-cold,requests,server_peak_sampled_rss_bytes,10,146983321.6,142813184.0,9142687.381403824,141735485.44,152383109.12
alias-flood,512,bounded-cold,requests,total_client_wire_read_bytes,10,677600,677600.0,0.0,677600.0,677600.0
alias-flood,512,bounded-cold,requests,total_client_wire_written_bytes,10,141168,141168.0,0.0,141168.0,141168.0
alias-flood,512,bounded-cold,requests,nginx_hit_fraction,10,0.0,0.0,0.0,0.0,0.0
alias-flood,512,bounded-cold,requests,artifact_hit_fraction,10,0.0,0.0,0.0,0.0,0.0
alias-flood,512,bounded-warm,requests,origin_cpu_seconds_per_1000_attempts,10,0.0,0.0,0.0,0.0,0.0
alias-flood,512,bounded-warm,requests,origin_executions,10,0,0.0,0.0,0.0,0.0
alias-flood,512,bounded-warm,requests,origin_max_concurrency,10,0,0.0,0.0,0.0,0.0
alias-flood,512,bounded-warm,requests,server_cpu_seconds,10,1.67756767,1.6824902000000002,0.0592623796397203,1.6429770904999998,1.712421048
alias-flood,512,bounded-warm,requests,client_cpu_seconds,10,1.3887477000000001,1.39012555,0.017305165855380347,1.3784607334999999,1.39857610825
alias-flood,512,bounded-warm,requests,delivered_fraction,10,1.0,1.0,0.0,1.0,1.0
alias-flood,512,bounded-warm,requests,delivered_per_second,10,370.4823458725147,372.6375891743068,12.226596312751944,363.6571688360679,377.2865601202548
alias-flood,512,bounded-warm,requests,attempted_per_second,10,370.4823458725147,372.6375891743068,12.226596312751944,362.8933877428701,377.25154811325683
alias-flood,512,bounded-warm,requests,p50_ms,10,21.08418075,21.275999000000013,1.2821058340661369,20.309008650000024,21.800096356249995
alias-flood,512,bounded-warm,requests,p95_ms,10,50.275511394999995,49.61220964999997,5.356516210941286,47.45266687449997,53.66111742937499
alias-flood,512,bounded-warm,requests,p99_ms,10,107.57434028299996,109.53874232499996,17.248024564930557,96.97896748514994,116.77856539099996
alias-flood,512,bounded-warm,requests,server_peak_sampled_rss_bytes,10,173563084.8,171890688.0,10504985.007166801,167559168.0,180106035.2
alias-flood,512,bounded-warm,requests,total_client_wire_read_bytes,10,8040160,8040160.0,0.0,8040160.0,8040160.0
alias-flood,512,bounded-warm,requests,total_client_wire_written_bytes,10,141168,141168.0,0.0,141168.0,141168.0
alias-flood,512,bounded-warm,requests,nginx_hit_fraction,10,0.0,0.0,0.0,0.0,0.0
alias-flood,512,bounded-warm,requests,artifact_hit_fraction,10,1.0,1.0,0.0,1.0,1.0
alias-flood,512,cgit,requests,origin_cpu_seconds_per_1000_attempts,10,6.927244921874999,6.9294521484375,0.019157380775375956,6.915756152343749,6.938464462890624
alias-flood,512,cgit,requests,origin_executions,10,512,512.0,0.0,512.0,512.0
alias-flood,512,cgit,requests,origin_max_concurrency,10,2,2.0,0.0,2.0,2.0
alias-flood,512,cgit,requests,server_cpu_seconds,10,15.204432259999999,15.2112617,0.051151249182513056,15.173151709999999,15.23385445175
alias-flood,512,cgit,requests,client_cpu_seconds,10,1.47404671,1.4784671999999999,0.04106511545975755,1.4501692312499999,1.4986650684999998
alias-flood,512,cgit,requests,delivered_fraction,10,1.0,1.0,0.0,1.0,1.0
alias-flood,512,cgit,requests,delivered_per_second,10,61.20282268334956,61.19840597304011,0.40224588277883716,60.97535897002426,61.432862480526964
alias-flood,512,cgit,requests,attempted_per_second,10,61.20282268334956,61.19840597304011,0.40224588277883716,60.977002976850834,61.43058635117175
alias-flood,512,cgit,requests,p50_ms,10,249.90494789999997,249.90245649999986,0.030457299051960138,249.886748285,249.92287543624994
alias-flood,512,cgit,requests,p95_ms,10,279.94325615,279.9341723999999,0.06504725075094611,279.90994103350005,279.985951096875
alias-flood,512,cgit,requests,p99_ms,10,294.3238236909999,293.2207700749999,5.937214460707733,290.77042644332494,297.7815477729499
alias-flood,512,cgit,requests,server_peak_sampled_rss_bytes,10,78279475.2,78039040.0,2691672.721180592,76727019.52,79925688.32
alias-flood,512,cgit,requests,total_client_wire_read_bytes,10,7508992,7508992.0,0.0,7508992.0,7508992.0
alias-flood,512,cgit,requests,total_client_wire_written_bytes,10,133888,133888.0,0.0,133888.0,133888.0
alias-flood,512,cgit,requests,nginx_hit_fraction,10,0.0,0.0,0.0,0.0,0.0
alias-flood,512,nginx-cold,requests,origin_cpu_seconds_per_1000_attempts,10,0.222009375,0.223669921875,0.004973027597529051,0.2189749267578125,0.22475881347656249
alias-flood,512,nginx-cold,requests,origin_executions,10,16,16.0,0.0,16.0,16.0
alias-flood,512,nginx-cold,requests,origin_max_concurrency,10,2,2.0,0.0,2.0,2.0
alias-flood,512,nginx-cold,requests,server_cpu_seconds,10,0.53306613,0.5322805,0.009099815647100879,0.5277153915,0.5383931900000001
alias-flood,512,nginx-cold,requests,client_cpu_seconds,10,1.14968995,1.13402615,0.044350663402560504,1.126790708,1.178682305
alias-flood,512,nginx-cold,requests,delivered_fraction,10,1.0,1.0,0.0,1.0,1.0
alias-flood,512,nginx-cold,requests,delivered_per_second,10,752.8499722035948,762.8941782109462,22.028143900718177,737.3016392001834,763.4900324489732
alias-flood,512,nginx-cold,requests,attempted_per_second,10,752.8499722035948,762.8941782109462,22.028143900718177,737.248676644328,763.4801423699448
alias-flood,512,nginx-cold,requests,p50_ms,10,0.4265313500000019,0.4078457499999928,0.05153956714238985,0.40112960625000077,0.46007934500000286
alias-flood,512,nginx-cold,requests,p95_ms,10,2.082638024999995,1.5189762499999895,1.332400576256222,1.4192672611249966,3.005736965249993
alias-flood,512,nginx-cold,requests,p99_ms,10,201.3939405839997,203.7719574699995,13.881211330145623,193.0355514899746,209.13853685632478
alias-flood,512,nginx-cold,requests,server_peak_sampled_rss_bytes,10,65953792,68050944.0,4425885.474909324,63213127.68,68367626.24
alias-flood,512,nginx-cold,requests,total_client_wire_read_bytes,10,7517712,7517712.0,0.0,7517712.0,7517712.0
alias-flood,512,nginx-cold,requests,total_client_wire_written_bytes,10,133888,133888.0,0.0,133888.0,133888.0
alias-flood,512,nginx-cold,requests,nginx_hit_fraction,10,0.96875,0.96875,0.0,0.96875,0.96875
alias-flood,512,nginx-warm,requests,origin_cpu_seconds_per_1000_attempts,10,0.161816796875,0.16177050781249996,0.004087980343135415,0.1595407763671875,0.164414658203125
alias-flood,512,nginx-warm,requests,origin_executions,10,12,12.0,0.0,12.0,12.0
alias-flood,512,nginx-warm,requests,origin_max_concurrency,10,2,2.0,0.0,2.0,2.0
alias-flood,512,nginx-warm,requests,server_cpu_seconds,10,0.39478043,0.3919763,0.008836675713946062,0.38989441475,0.40006456149999997
alias-flood,512,nginx-warm,requests,client_cpu_seconds,10,1.19320689,1.1904393500000001,0.016337295214423408,1.1840444,1.20319154525
alias-flood,512,nginx-warm,requests,delivered_fraction,10,1.0,1.0,0.0,1.0,1.0
alias-flood,512,nginx-warm,requests,delivered_per_second,10,758.2782054710218,763.8441885247894,16.501175367188775,747.6788367950749,763.8923622202368
alias-flood,512,nginx-warm,requests,attempted_per_second,10,758.2782054710218,763.8441885247894,16.501175367188775,747.6944397227737,763.9072243577936
alias-flood,512,nginx-warm,requests,p50_ms,10,1.159442400000006,1.0959677499999998,0.25620726196109156,1.022597283750002,1.3179410125000044
alias-flood,512,nginx-warm,requests,p95_ms,10,18.313083684999988,17.958056775,2.834573384550065,16.798687025624996,20.115974585999975
alias-flood,512,nginx-warm,requests,p99_ms,10,130.93704310499987,132.44554848999988,12.61921065391843,123.45105472899992,138.47369592194985
alias-flood,512,nginx-warm,requests,server_peak_sampled_rss_bytes,10,58734592,55644160.0,9981772.2976575,53171281.919999994,64957900.8
alias-flood,512,nginx-warm,requests,total_client_wire_read_bytes,10,7517708,7517708.0,0.0,7517708.0,7517708.0
alias-flood,512,nginx-warm,requests,total_client_wire_written_bytes,10,133888,133888.0,0.0,133888.0,133888.0
alias-flood,512,nginx-warm,requests,nginx_hit_fraction,10,0.9765625,0.9765625,0.0,0.9765625,0.9765625
comparisons,256,anubis-d4-solve,requests,origin_cpu_seconds_per_1000_attempts,10,1236.238103125,1239.7765234375001,10.845740952396447,1229.74652609375,1242.3935689453126
comparisons,256,anubis-d4-solve,requests,origin_executions,10,64,64.0,0.0,64.0,64.0
comparisons,256,anubis-d4-solve,requests,origin_max_concurrency,10,2,2.0,0.0,2.0,2.0
comparisons,256,anubis-d4-solve,requests,server_cpu_seconds,10,118.7132518,119.3481108,1.9134311769128465,117.55154007025,119.8123894625
comparisons,256,anubis-d4-solve,requests,client_cpu_seconds,10,2.61878988,2.5984671,0.11759081980375656,2.5506335672500002,2.6894454395
comparisons,256,anubis-d4-solve,requests,delivered_fraction,10,1.0,1.0,0.0,1.0,1.0
comparisons,256,anubis-d4-solve,requests,delivered_per_second,10,0.980365489254563,0.977859931336352,0.010845971979331586,0.9743591100217064,0.987084392052407
comparisons,256,anubis-d4-solve,requests,attempted_per_second,10,0.980365489254563,0.977859931336352,0.010845971979331586,0.9743425571517809,0.9871031459741089
comparisons,256,anubis-d4-solve,requests,p50_ms,10,2257.5605479000005,2252.40226225,473.2704563224505,1990.2591505575017,2546.7858396662505
comparisons,256,anubis-d4-solve,requests,p95_ms,10,9932.809990404994,10188.719921999993,911.726543661169,9356.64202112787,10428.396200813491
comparisons,256,anubis-d4-solve,requests,p99_ms,10,14751.142518823997,14640.911143959998,403.0942545014006,14542.058696524748,15009.480068450623
comparisons,256,anubis-d4-solve,requests,server_peak_sampled_rss_bytes,10,1056801996.8,1057323008.0,29412413.764278863,1039592652.8,1074233507.84
comparisons,256,anubis-d4-solve,requests,total_client_wire_read_bytes,10,546029138.4,546029137.0,6.56928881657334,546029134.7,546029142.5
comparisons,256,anubis-d4-solve,requests,total_client_wire_written_bytes,10,60958.4,60958.0,4.742245131674331,60956.0,60961.5
comparisons,256,anubis-d4-solve,requests,nginx_hit_fraction,10,0.0,0.0,0.0,0.0,0.0
comparisons,256,anubis-d5-nosolve,requests,origin_cpu_seconds_per_1000_attempts,10,0.0,0.0,0.0,0.0,0.0
comparisons,256,anubis-d5-nosolve,requests,origin_executions,10,0,0.0,0.0,0.0,0.0
comparisons,256,anubis-d5-nosolve,requests,origin_max_concurrency,10,0,0.0,0.0,0.0,0.0
comparisons,256,anubis-d5-nosolve,requests,server_cpu_seconds,10,0.02431928,0.023904599999999998,0.0011303634123590502,0.023684180000000003,0.024982829749999998
comparisons,256,anubis-d5-nosolve,requests,client_cpu_seconds,10,0.79988315,0.7991123,0.029257091507425826,0.7836597475,0.8179467965
comparisons,256,anubis-d5-nosolve,requests,delivered_fraction,10,0.0,0.0,0.0,0.0,0.0
comparisons,256,anubis-d5-nosolve,requests,delivered_per_second,10,0.0,0.0,0.0,0.0,0.0
comparisons,256,anubis-d5-nosolve,requests,attempted_per_second,10,118.6044972266323,122.73869059561548,5.535268345130889,115.37268405557734,121.82714954696718
comparisons,256,anubis-d5-nosolve,requests,p50_ms,10,1.217329199999999,1.2388435000000015,0.11772142677010318,1.146689531249996,1.2827983187500034
comparisons,256,anubis-d5-nosolve,requests,p95_ms,10,9.325443349999984,8.749317749999989,1.5456798242196819,8.512105411124985,10.340889634999982
comparisons,256,anubis-d5-nosolve,requests,p99_ms,10,14.90545878699998,14.159598424999974,1.9748350023923094,13.792851173174983,16.08950373817498
comparisons,256,anubis-d5-nosolve,requests,server_peak_sampled_rss_bytes,10,56790630.4,56895488.0,897549.5097924744,56249937.92,57295667.2
comparisons,256,anubis-d5-nosolve,requests,total_client_wire_read_bytes,10,281817.9,281809.5,52.03300234786893,281788.1,281848.8
comparisons,256,anubis-d5-nosolve,requests,total_client_wire_written_bytes,10,26940,26940.0,0.0,26940.0,26940.0
comparisons,256,anubis-d5-nosolve,requests,nginx_hit_fraction,10,0.0,0.0,0.0,0.0,0.0
comparisons,256,anubis-d5-solve,requests,origin_cpu_seconds_per_1000_attempts,10,1232.2689875,1232.201734375,13.061857118929668,1224.6121844531249,1239.8072896484373
comparisons,256,anubis-d5-solve,requests,origin_executions,10,64,64.0,0.0,64.0,64.0
comparisons,256,anubis-d5-solve,requests,origin_max_concurrency,10,2,2.0,0.0,2.0,2.0
comparisons,256,anubis-d5-solve,requests,server_cpu_seconds,10,117.66751375,117.73404174999999,1.8394396221976335,116.61708841175,118.76336162449999
comparisons,256,anubis-d5-solve,requests,client_cpu_seconds,10,6.26867868,5.88009005,1.6825544121709295,5.376110284499999,7.34200319
comparisons,256,anubis-d5-solve,requests,delivered_fraction,10,1.0,1.0,0.0,1.0,1.0
comparisons,256,anubis-d5-solve,requests,delivered_per_second,10,0.9655570608570863,0.963073515234381,0.01004635603852567,0.959908312878184,0.9714565091492773
comparisons,256,anubis-d5-solve,requests,attempted_per_second,10,0.9655570608570863,0.963073515234381,0.01004635603852567,0.9597776244478511,0.9715254388308348
comparisons,256,anubis-d5-solve,requests,p50_ms,10,2455.3248997499995,2352.8897812499995,340.7801593527856,2266.9396582962495,2671.65775637375
comparisons,256,anubis-d5-solve,requests,p95_ms,10,8547.997173459997,8748.350960824999,656.3724064282028,8123.058398028496,8894.211069846122
comparisons,256,anubis-d5-solve,requests,p99_ms,10,15127.519348523994,15285.236534509995,492.4804512856299,14818.814740422422,15392.851790446444
comparisons,256,anubis-d5-solve,requests,server_peak_sampled_rss_bytes,10,1056447692.8,1060802560.0,34588828.16805161,1034346752.0,1075322368.0
comparisons,256,anubis-d5-solve,requests,total_client_wire_read_bytes,10,546029129.9,546029132.5,14.880636187116911,546029119.8,546029137.0
comparisons,256,anubis-d5-solve,requests,total_client_wire_written_bytes,10,60958.2,60959.5,6.196773353931867,60954.5,60961.8
comparisons,256,anubis-d5-solve,requests,nginx_hit_fraction,10,0.0,0.0,0.0,0.0,0.0
comparisons,256,bounded-cold,requests,origin_cpu_seconds_per_1000_attempts,10,0.0,0.0,0.0,0.0,0.0
comparisons,256,bounded-cold,requests,origin_executions,10,0,0.0,0.0,0.0,0.0
comparisons,256,bounded-cold,requests,origin_max_concurrency,10,0,0.0,0.0,0.0,0.0
comparisons,256,bounded-cold,requests,server_cpu_seconds,10,5.38883932,5.3755374499999995,0.08349232539856316,5.342619469,5.439406615749999
comparisons,256,bounded-cold,requests,client_cpu_seconds,10,16.072270500000002,16.07303385,0.15244666656040046,15.98217262375,16.161292595749998
comparisons,256,bounded-cold,requests,delivered_fraction,10,0.4375,0.4375,0.0,0.4375,0.4375
comparisons,256,bounded-cold,requests,delivered_per_second,10,0.2637802684127087,0.26361499033463515,0.000393604609195022,0.26355947178093675,0.2640174570975248
comparisons,256,bounded-cold,requests,attempted_per_second,10,0.6029263278004771,0.602548549336309,0.0008996676781600416,0.6024357311609961,0.6034736551364325
comparisons,256,bounded-cold,requests,p50_ms,10,190.22145834999827,190.01812150000114,4.9674883553777995,187.1835847012484,193.13893823374576
comparisons,256,bounded-cold,requests,p95_ms,10,50356.033617065,50319.92919162499,93.88925648145418,50303.17173873525,50415.1468420925
comparisons,256,bounded-cold,requests,p99_ms,10,53667.296530153,53652.697667485,123.64603251943876,53598.47562319752,53741.16413443945
comparisons,256,bounded-cold,requests,server_peak_sampled_rss_bytes,10,192468992,192589824.0,1304064.5248875618,191629701.12,193137868.8
comparisons,256,bounded-cold,requests,total_client_wire_read_bytes,10,12130465,12130465.0,0.0,12130465.0,12130465.0
comparisons,256,bounded-cold,requests,total_client_wire_written_bytes,10,1823692,1823692.0,0.0,1823692.0,1823692.0
comparisons,256,bounded-cold,requests,nginx_hit_fraction,10,0.0,0.0,0.0,0.0,0.0
comparisons,256,bounded-warm,requests,origin_cpu_seconds_per_1000_attempts,10,0.0,0.0,0.0,0.0,0.0
comparisons,256,bounded-warm,requests,origin_executions,10,0,0.0,0.0,0.0,0.0
comparisons,256,bounded-warm,requests,origin_max_concurrency,10,0,0.0,0.0,0.0,0.0
comparisons,256,bounded-warm,requests,server_cpu_seconds,10,5.38775221,5.3581232,0.07126618459868854,5.348114963,5.4307583835
comparisons,256,bounded-warm,requests,client_cpu_seconds,10,16.05409941,15.9713305,0.22515002585418664,15.939436362999999,16.207192127
comparisons,256,bounded-warm,requests,delivered_fraction,10,0.4375,0.4375,0.0,0.4375,0.4375
comparisons,256,bounded-warm,requests,delivered_per_second,10,0.2635970363554711,0.2636020487507501,0.0003531186427319579,0.26339150564816244,0.26380901453610095
comparisons,256,bounded-warm,requests,attempted_per_second,10,0.6025075116696482,0.6025189685731431,0.0008071283262444897,0.6020594625595989,0.6030078922912626
comparisons,256,bounded-warm,requests,p50_ms,10,187.84183855000228,186.975892500006,9.245543242980776,183.06983136999995,193.70998186750285
comparisons,256,bounded-warm,requests,p95_ms,10,50397.335813449994,50388.10155782499,116.51854219066182,50327.75925415812,50465.37096796424
comparisons,256,bounded-warm,requests,p99_ms,10,53724.94420013,53714.70746915499,86.85287040083465,53675.01094685063,53776.57916927725
comparisons,256,bounded-warm,requests,server_peak_sampled_rss_bytes,10,192538624,192565248.0,682260.3590875131,192130662.4,192932659.2
comparisons,256,bounded-warm,requests,total_client_wire_read_bytes,10,12130465,12130465.0,0.0,12130465.0,12130465.0
comparisons,256,bounded-warm,requests,total_client_wire_written_bytes,10,1823692,1823692.0,0.0,1823692.0,1823692.0
comparisons,256,bounded-warm,requests,nginx_hit_fraction,10,0.0,0.0,0.0,0.0,0.0
comparisons,256,cgit,requests,origin_cpu_seconds_per_1000_attempts,10,1235.6774343749998,1232.923515625,7.346114663707103,1231.5957816796874,1240.1556917968749
comparisons,256,cgit,requests,origin_executions,10,64,64.0,0.0,64.0,64.0
comparisons,256,cgit,requests,origin_max_concurrency,10,2,2.0,0.0,2.0,2.0
comparisons,256,cgit,requests,server_cpu_seconds,10,118.15476097,118.06879845,0.8708864934332082,117.653405375,118.68136160275
comparisons,256,cgit,requests,client_cpu_seconds,10,2.28842589,2.28839585,0.0663583283095724,2.25285550875,2.3291186675
comparisons,256,cgit,requests,delivered_fraction,10,1.0,1.0,0.0,1.0,1.0
comparisons,256,cgit,requests,delivered_per_second,10,0.9844342522102032,0.9845798620162329,0.006115157498948124,0.9808885926979054,0.9879043016493766
comparisons,256,cgit,requests,attempted_per_second,10,0.9844342522102032,0.9845798620162329,0.006115157498948124,0.9807887074510299,0.9879967173138446
comparisons,256,cgit,requests,p50_ms,10,2205.54509735,2234.588522,300.2277430097634,2029.036153734999,2380.4152506674995
comparisons,256,cgit,requests,p95_ms,10,10454.548312424993,10437.54900589999,443.86884259088066,10189.793213303992,10720.417237995245
comparisons,256,cgit,requests,p99_ms,10,14516.711945011997,14587.947062249998,396.0206454171338,14272.667987861221,14734.277760863999
comparisons,256,cgit,requests,server_peak_sampled_rss_bytes,10,991381504,977326080.0,29502420.162883602,975243622.4,1009577799.68
comparisons,256,cgit,requests,total_client_wire_read_bytes,10,546007520,546007520.0,0.0,546007520.0,546007520.0
comparisons,256,cgit,requests,total_client_wire_written_bytes,10,19200,19200.0,0.0,19200.0,19200.0
comparisons,256,cgit,requests,nginx_hit_fraction,10,0.0,0.0,0.0,0.0,0.0
comparisons,256,nginx-cold,requests,origin_cpu_seconds_per_1000_attempts,10,318.7026578125,319.48542187500004,3.367572277016714,316.65774476562495,320.6127958984375
comparisons,256,nginx-cold,requests,origin_executions,10,16,16.0,0.0,16.0,16.0
comparisons,256,nginx-cold,requests,origin_max_concurrency,10,2,2.0,0.0,2.0,2.0
comparisons,256,nginx-cold,requests,server_cpu_seconds,10,31.80504425,31.942834,0.41628242733919507,31.548056313999997,32.035433195749995
comparisons,256,nginx-cold,requests,client_cpu_seconds,10,2.12569632,2.1240546499999997,0.0450314970508865,2.0997139487500003,2.1519623025
comparisons,256,nginx-cold,requests,delivered_fraction,10,1.0,1.0,0.0,1.0,1.0
comparisons,256,nginx-cold,requests,delivered_per_second,10,3.6627238005095673,3.648590756550868,0.05917535311541657,3.6295171154067494,3.698347083668268
comparisons,256,nginx-cold,requests,attempted_per_second,10,3.6627238005095673,3.648590756550868,0.05917535311541657,3.629020375740939,3.6984225721024933
comparisons,256,nginx-cold,requests,p50_ms,10,8.592655899999864,8.53554250000002,0.7118626777361,8.17193481749982,9.021068199999991
comparisons,256,nginx-cold,requests,p95_ms,10,5969.950228234986,5662.521008149994,969.1645118431178,5467.514059371864,6589.299597931483
comparisons,256,nginx-cold,requests,p99_ms,10,12369.43574023799,12468.70987219499,217.07375447385087,12242.464821478814,12494.468554099989
comparisons,256,nginx-cold,requests,server_peak_sampled_rss_bytes,10,967480524.8,964165632.0,15846721.44414381,958390650.88,976677140.48
comparisons,256,nginx-cold,requests,total_client_wire_read_bytes,10,546008624,546008624.0,0.0,546008624.0,546008624.0
comparisons,256,nginx-cold,requests,total_client_wire_written_bytes,10,19200,19200.0,0.0,19200.0,19200.0
comparisons,256,nginx-cold,requests,nginx_hit_fraction,10,0.75,0.75,0.0,0.75,0.75
comparisons,256,nginx-warm,requests,origin_cpu_seconds_per_1000_attempts,10,0.0,0.0,0.0,0.0,0.0
comparisons,256,nginx-warm,requests,origin_executions,10,0,0.0,0.0,0.0,0.0
comparisons,256,nginx-warm,requests,origin_max_concurrency,10,0,0.0,0.0,0.0,0.0
comparisons,256,nginx-warm,requests,server_cpu_seconds,10,0.17898715000000004,0.17413089999999976,0.013488670381163383,0.17198985724999957,0.1876967542500003
comparisons,256,nginx-warm,requests,client_cpu_seconds,10,2.1218323,2.11604755,0.06189968420484874,2.0880041115,2.1606395947499997
comparisons,256,nginx-warm,requests,delivered_fraction,10,1.0,1.0,0.0,1.0,1.0
comparisons,256,nginx-warm,requests,delivered_per_second,10,49.12138142360761,50.153167379328465,1.5338050008829411,48.19866078333336,50.01039349633117
comparisons,256,nginx-warm,requests,attempted_per_second,10,49.12138142360761,50.153167379328465,1.5338050008829411,48.204129918121694,49.999352632723784
comparisons,256,nginx-warm,requests,p50_ms,10,9.715929899999997,9.86746750000001,1.724290194664051,8.655086066250002,10.721423979999994
comparisons,256,nginx-warm,requests,p95_ms,10,90.85499932499997,92.02486852499996,8.585609163468531,85.76522519424998,95.85979118812493
comparisons,256,nginx-warm,requests,p99_ms,10,193.9163248809996,195.4115191299996,8.352193249373805,189.1342699193496,198.79589283899966
comparisons,256,nginx-warm,requests,server_peak_sampled_rss_bytes,10,63903744,64327680.0,9297639.160124801,58786990.08,69666519.04
comparisons,256,nginx-warm,requests,total_client_wire_read_bytes,10,546008608,546008608.0,0.0,546008608.0,546008608.0
comparisons,256,nginx-warm,requests,total_client_wire_written_bytes,10,19200,19200.0,0.0,19200.0,19200.0
comparisons,256,nginx-warm,requests,nginx_hit_fraction,10,1.0,1.0,0.0,1.0,1.0
human-mix,256,anubis-d4-solve,requests,origin_cpu_seconds_per_1000_attempts,10,5.1717175,5.1899625,0.4572494593353831,4.89404675,5.431200625
human-mix,256,anubis-d4-solve,requests,origin_executions,10,40,40.0,0.0,40.0,40.0
human-mix,256,anubis-d4-solve,requests,origin_max_concurrency,10,1.1,1.0,0.31622776601683794,1.0,1.3
human-mix,256,anubis-d4-solve,requests,server_cpu_seconds,10,1.03611725,1.0374465499999999,0.018773631592342525,1.02464061425,1.0466852742500001
human-mix,256,anubis-d4-solve,requests,client_cpu_seconds,10,0.37855946,0.3541672,0.09839337609670232,0.323334027,0.4387575155
human-mix,256,anubis-d4-solve,requests,delivered_fraction,10,1.0,1.0,0.0,1.0,1.0
human-mix,256,anubis-d4-solve,requests,delivered_per_second,10,6.873906238529505,6.8674078303740345,0.07997910173789172,6.8265991349362745,6.921658110191766
human-mix,256,anubis-d4-solve,requests,attempted_per_second,10,6.873906238529505,6.8674078303740345,0.07997910173789172,6.826972769977448,6.921510752647551
human-mix,256,anubis-d4-solve,requests,p50_ms,10,25.54952639999991,25.59505100000004,0.45355982034270836,25.281943492499963,25.814333227499926
human-mix,256,anubis-d4-solve,requests,p95_ms,10,47.83450985499982,41.68531009999971,14.469332302614953,40.163442406249864,56.81519835687492
human-mix,256,anubis-d4-solve,requests,p99_ms,10,142.16884143499996,135.10091429999994,50.07725886659336,113.49545167432497,171.38780751772492
human-mix,256,anubis-d4-solve,requests,server_peak_sampled_rss_bytes,10,77204684.8,76136448.0,4796614.324849393,74623252.47999999,80224665.6
human-mix,256,anubis-d4-solve,requests,total_client_wire_read_bytes,10,4519181,4540619.0,4332408.931487014,2054073.6925,6994069.1
human-mix,256,anubis-d4-solve,requests,total_client_wire_written_bytes,10,35965.6,35977.0,108.93341493264998,35901.1,36028.0
human-mix,256,anubis-d4-solve,requests,nginx_hit_fraction,10,0.0,0.0,0.0,0.0,0.0
human-mix,256,anubis-d5-nosolve,requests,origin_cpu_seconds_per_1000_attempts,10,0.0,0.0,0.0,0.0,0.0
human-mix,256,anubis-d5-nosolve,requests,origin_executions,10,0,0.0,0.0,0.0,0.0
human-mix,256,anubis-d5-nosolve,requests,origin_max_concurrency,10,0,0.0,0.0,0.0,0.0
human-mix,256,anubis-d5-nosolve,requests,server_cpu_seconds,10,0.03539457,0.03531975,0.0010406054893933414,0.03479930675,0.0359956635
human-mix,256,anubis-d5-nosolve,requests,client_cpu_seconds,10,0.21132702,0.2146057,0.00947738420988502,0.20541708575,0.21634968975
human-mix,256,anubis-d5-nosolve,requests,delivered_fraction,10,0.0,0.0,0.0,0.0,0.0
human-mix,256,anubis-d5-nosolve,requests,delivered_per_second,10,0.0,0.0,0.0,0.0,0.0
human-mix,256,anubis-d5-nosolve,requests,attempted_per_second,10,7.739861501472574,7.753589252016778,0.032460743202994906,7.717829176755769,7.756118179017148
human-mix,256,anubis-d5-nosolve,requests,p50_ms,10,1.8303265000000124,1.831458750000138,0.060613528288798915,1.7949717612500287,1.865065703750065
human-mix,256,anubis-d5-nosolve,requests,p95_ms,10,2.8689736150000544,2.8393690000000706,0.13722544413738427,2.7913154197499974,2.951375264375037
human-mix,256,anubis-d5-nosolve,requests,p99_ms,10,8.961485522,8.99387839,0.5425778422049413,8.616564426775001,9.243628538975
human-mix,256,anubis-d5-nosolve,requests,server_peak_sampled_rss_bytes,10,55589683.2,55906304.0,1608057.8717422385,54629550.08,56488755.2
human-mix,256,anubis-d5-nosolve,requests,total_client_wire_read_bytes,10,176156.6,176162.0,35.34653841294474,176134.6,176175.4
human-mix,256,anubis-d5-nosolve,requests,total_client_wire_written_bytes,10,15437.6,15435.0,84.96692166824556,15388.8,15487.0
human-mix,256,anubis-d5-nosolve,requests,nginx_hit_fraction,10,0.0,0.0,0.0,0.0,0.0
human-mix,256,anubis-d5-solve,requests,origin_cpu_seconds_per_1000_attempts,10,5.20825,5.2281375,0.43284456778514724,4.9419269375,5.453000374999999
human-mix,256,anubis-d5-solve,requests,origin_executions,10,40,40.0,0.0,40.0,40.0
human-mix,256,anubis-d5-solve,requests,origin_max_concurrency,10,1.2,1.0,0.4216370213557839,1.0,1.5
human-mix,256,anubis-d5-solve,requests,server_cpu_seconds,10,1.0463897,1.04895835,0.02908434847405042,1.02923468975,1.06404204
human-mix,256,anubis-d5-solve,requests,client_cpu_seconds,10,2.02001706,1.79647135,1.6126266060811207,1.32015527125,3.094587035
human-mix,256,anubis-d5-solve,requests,delivered_fraction,10,1.0,1.0,0.0,1.0,1.0
human-mix,256,anubis-d5-solve,requests,delivered_per_second,10,5.814825586594941,5.943347355057608,0.7191569299470205,5.343739629826498,6.171743267107433
human-mix,256,anubis-d5-solve,requests,attempted_per_second,10,5.814825586594941,5.943347355057608,0.7191569299470205,5.355802580274659,6.172877496910443
human-mix,256,anubis-d5-solve,requests,p50_ms,10,25.891198750000076,25.738427499999943,0.877865161502734,25.428635126250107,26.457258672499997
human-mix,256,anubis-d5-solve,requests,p95_ms,10,74.8331846899989,75.75668584999963,31.074527113909802,57.033895800124164,93.43918051474745
human-mix,256,anubis-d5-solve,requests,p99_ms,10,1031.4544674539995,915.5664199199995,866.6748864114826,647.5477115520247,1610.3487887172992
human-mix,256,anubis-d5-solve,requests,server_peak_sampled_rss_bytes,10,77943193.6,78376960.0,3753135.9152586344,75671848.96,80066990.08
human-mix,256,anubis-d5-solve,requests,total_client_wire_read_bytes,10,4519178.5,4540611.5,4332405.67445602,2049942.1,6995110.64
human-mix,256,anubis-d5-solve,requests,total_client_wire_written_bytes,10,35971.6,35990.0,106.70020306135004,35907.9975,36032.3
human-mix,256,anubis-d5-solve,requests,nginx_hit_fraction,10,0.0,0.0,0.0,0.0,0.0
human-mix,256,bounded-cold,requests,origin_cpu_seconds_per_1000_attempts,10,0.0,0.0,0.0,0.0,0.0
human-mix,256,bounded-cold,requests,origin_executions,10,0,0.0,0.0,0.0,0.0
human-mix,256,bounded-cold,requests,origin_max_concurrency,10,0,0.0,0.0,0.0,0.0
human-mix,256,bounded-cold,requests,server_cpu_seconds,10,0.5543529899999999,0.5602695499999999,0.03920137661215063,0.5290706452499999,0.573729604
human-mix,256,bounded-cold,requests,client_cpu_seconds,10,0.36814017,0.37139915,0.02344812839240646,0.35416366850000003,0.38170563575
human-mix,256,bounded-cold,requests,delivered_fraction,10,0.1575,0.16249999999999998,0.044174527602328574,0.1325,0.1825
human-mix,256,bounded-cold,requests,delivered_per_second,10,0.8608656656669724,0.8623392845245348,0.25011965725514274,0.7124731795948552,1.0059184324668924
human-mix,256,bounded-cold,requests,attempted_per_second,10,5.458193595094039,5.32118459959208,0.3678433438585263,5.313412821984257,5.699797235783025
human-mix,256,bounded-cold,requests,p50_ms,10,4.268489700000015,4.289196749999974,0.19088214545589574,4.15498677250004,4.3772481350000545
human-mix,256,bounded-cold,requests,p95_ms,10,367.54807031499917,355.3584055999994,91.86346810506794,315.3862355777496,423.32392357962345
human-mix,256,bounded-cold,requests,p99_ms,10,1026.6271172119996,1002.3271767549999,252.1964877402519,874.8618961194497,1162.3294891453747
human-mix,256,bounded-cold,requests,server_peak_sampled_rss_bytes,10,98802073.6,98748416.0,1166265.143960288,98116802.56,99499622.4
human-mix,256,bounded-cold,requests,total_client_wire_read_bytes,10,406655.1,418545.5,51077.34906644584,376567.47500000003,436155.64
human-mix,256,bounded-cold,requests,total_client_wire_written_bytes,10,27354.4,27241.0,3579.0389523197737,25262.995,29454.87
human-mix,256,bounded-cold,requests,nginx_hit_fraction,10,0.0,0.0,0.0,0.0,0.0
human-mix,256,bounded-cold,requests,artifact_hit_fraction,10,0.0,0.0,0.0,0.0,0.0
human-mix,256,bounded-warm,requests,origin_cpu_seconds_per_1000_attempts,10,0.0,0.0,0.0,0.0,0.0
human-mix,256,bounded-warm,requests,origin_executions,10,0,0.0,0.0,0.0,0.0
human-mix,256,bounded-warm,requests,origin_max_concurrency,10,0,0.0,0.0,0.0,0.0
human-mix,256,bounded-warm,requests,server_cpu_seconds,10,0.5576228,0.5739748499999998,0.07050415219094863,0.5149333672499999,0.598293697
human-mix,256,bounded-warm,requests,client_cpu_seconds,10,0.39819594,0.39587839999999996,0.031041926070117916,0.37973577225,0.41611419025
human-mix,256,bounded-warm,requests,delivered_fraction,10,0.9525,0.95,0.027512623365365287,0.935,0.9675
human-mix,256,bounded-warm,requests,delivered_per_second,10,5.198127363605591,5.03531097962352,0.4598440607764389,4.994431031560695,5.514599810580581
human-mix,256,bounded-warm,requests,attempted_per_second,10,5.451785038033119,5.3191741051863755,0.3566745170085681,5.307901702408757,5.6875141990581355
human-mix,256,bounded-warm,requests,p50_ms,10,4.470163100000013,4.450770000000091,0.19759152763735013,4.35893558874996,4.586389342500049
human-mix,256,bounded-warm,requests,p95_ms,10,370.94205809499937,354.16521850000004,90.24970427987326,320.34767745362484,424.77142905662413
human-mix,256,bounded-warm,requests,p99_ms,10,1018.3374965149997,1004.8199862399995,249.5161443678437,867.2936275445248,1153.4141367865248
human-mix,256,bounded-warm,requests,server_peak_sampled_rss_bytes,10,104914944,105545728.0,5203451.3847378045,102004531.2,108093071.36
human-mix,256,bounded-warm,requests,total_client_wire_read_bytes,10,4846592.8,4848393.5,4330098.887847913,2378911.0875,7695816.72
human-mix,256,bounded-warm,requests,total_client_wire_written_bytes,10,27354.4,27241.0,3579.0389523197737,25268.9,29475.4
human-mix,256,bounded-warm,requests,nginx_hit_fraction,10,0.0,0.0,0.0,0.0,0.0
human-mix,256,bounded-warm,requests,artifact_hit_fraction,10,1.0,1.0,0.0,1.0,1.0
human-mix,256,cgit,requests,origin_cpu_seconds_per_1000_attempts,10,5.15526,5.2143999999999995,0.4872707649357911,4.868289375000001,5.434213375
human-mix,256,cgit,requests,origin_executions,10,40,40.0,0.0,40.0,40.0
human-mix,256,cgit,requests,origin_max_concurrency,10,2,2.0,0.0,2.0,2.0
human-mix,256,cgit,requests,server_cpu_seconds,10,1.02704439,1.02914175,0.030890912880739644,1.00908017,1.0450994645
human-mix,256,cgit,requests,client_cpu_seconds,10,0.20476489,0.203291,0.00892846288667751,0.199496313,0.2100299045
human-mix,256,cgit,requests,delivered_fraction,10,1.0,1.0,0.0,1.0,1.0
human-mix,256,cgit,requests,delivered_per_second,10,7.04002485028836,7.041816384841306,0.03165668946069027,7.0214491265012295,7.058242197692021
human-mix,256,cgit,requests,attempted_per_second,10,7.04002485028836,7.041816384841306,0.03165668946069027,7.021449165910749,7.058522160754061
human-mix,256,cgit,requests,p50_ms,10,25.948349200000024,25.91892325000012,0.4654279448334475,25.685862841250053,26.237781584999976
human-mix,256,cgit,requests,p95_ms,10,37.07728075000004,38.182081000000025,2.4081133330414883,35.57290590762506,38.37238561537504
human-mix,256,cgit,requests,p99_ms,10,40.60398977600001,41.336545204999986,4.545391106139132,37.902655793175036,43.19257672300002
human-mix,256,cgit,requests,server_peak_sampled_rss_bytes,10,52772864,54020096.0,3752907.7053200584,50430289.92,54827018.24
human-mix,256,cgit,requests,total_client_wire_read_bytes,10,4508547.7,4529956.0,4332429.1831112495,2042519.92,6991603.56
human-mix,256,cgit,requests,total_client_wire_written_bytes,10,10535.6,10533.0,84.96692166824556,10486.8,10585.0
human-mix,256,cgit,requests,nginx_hit_fraction,10,0.0,0.0,0.0,0.0,0.0
human-mix,256,nginx-cold,requests,origin_cpu_seconds_per_1000_attempts,10,2.3545675,2.3259125000000003,0.2710203777317,2.199655,2.51792925
human-mix,256,nginx-cold,requests,origin_executions,10,18.8,18.5,1.4757295747452437,18.0,19.7
human-mix,256,nginx-cold,requests,origin_max_concurrency,10,1.9,2.0,0.31622776601683794,1.7,2.0
human-mix,256,nginx-cold,requests,server_cpu_seconds,10,0.5043226399999999,0.5006754,0.048897208454112065,0.47605424525,0.5329743945
human-mix,256,nginx-cold,requests,client_cpu_seconds,10,0.21136124,0.2148862,0.011563132365333458,0.2041894995,0.21775406
human-mix,256,nginx-cold,requests,delivered_fraction,10,1.0,1.0,0.0,1.0,1.0
human-mix,256,nginx-cold,requests,delivered_per_second,10,7.333238257399592,7.335854555603367,0.03774272616820107,7.31185583300186,7.355325335263646
human-mix,256,nginx-cold,requests,attempted_per_second,10,7.333238257399592,7.335854555603367,0.03774272616820107,7.312696078099458,7.355351469808065
human-mix,256,nginx-cold,requests,p50_ms,10,7.4410716499999925,1.4839472500000284,9.841314350308135,1.5487564187499954,13.459763118749967
human-mix,256,nginx-cold,requests,p95_ms,10,34.32606254999995,34.68819579999989,3.6753422554756194,32.21642064374989,36.449132508499964
human-mix,256,nginx-cold,requests,p99_ms,10,41.46443431300001,42.77996989500002,4.486494004387209,38.726468967000024,43.940875789925016
human-mix,256,nginx-cold,requests,server_peak_sampled_rss_bytes,10,57713868.8,60516352.0,5979323.9242641395,54134312.96,61039820.8
human-mix,256,nginx-cold,requests,total_client_wire_read_bytes,10,4509246.5,4530655.5,4332430.1315155225,2045566.005,6994352.4675
human-mix,256,nginx-cold,requests,total_client_wire_written_bytes,10,10535.6,10533.0,84.96692166824556,10486.2,10586.4
human-mix,256,nginx-cold,requests,nginx_hit_fraction,10,0.53,0.5375000000000001,0.03689323936863109,0.5075000000000001,0.55
human-mix,256,nginx-warm,requests,origin_cpu_seconds_per_1000_attempts,10,0.0,0.0,0.0,0.0,0.0
human-mix,256,nginx-warm,requests,origin_executions,10,0,0.0,0.0,0.0,0.0
human-mix,256,nginx-warm,requests,origin_max_concurrency,10,0,0.0,0.0,0.0,0.0
human-mix,256,nginx-warm,requests,server_cpu_seconds,10,0.011903309999999995,0.011411649999999995,0.002839553224423392,0.010316949999999986,0.013595966750000027
human-mix,256,nginx-warm,requests,client_cpu_seconds,10,0.21228650999999998,0.20927649999999998,0.011888756179353293,0.20557619,0.219358545
human-mix,256,nginx-warm,requests,delivered_fraction,10,1.0,1.0,0.0,1.0,1.0
human-mix,256,nginx-warm,requests,delivered_per_second,10,7.751837518034653,7.755286238114656,0.02555410006808669,7.734373988331771,7.7630588746608735
human-mix,256,nginx-warm,requests,attempted_per_second,10,7.751837518034653,7.755286238114656,0.02555410006808669,7.735051844118355,7.763044173490833
human-mix,256,nginx-warm,requests,p50_ms,10,1.2039480500000337,1.1925329999998837,0.06584657731397174,1.168781437500028,1.2447266137500568
human-mix,256,nginx-warm,requests,p95_ms,10,4.810932149999977,4.337942449999938,2.9170089328545594,3.131046101624981,6.556779246875002
human-mix,256,nginx-warm,requests,p99_ms,10,8.460232272999978,8.41783432000004,1.4327645049539228,7.68856830799994,9.383150279125028
human-mix,256,nginx-warm,requests,server_peak_sampled_rss_bytes,10,32951500.8,34187264.0,2033585.7862994836,31746027.52,34103306.24
human-mix,256,nginx-warm,requests,total_client_wire_read_bytes,10,4509227.7,4530636.0,4332429.1831112495,2045085.4024999999,6985850.5875
human-mix,256,nginx-warm,requests,total_client_wire_written_bytes,10,10535.6,10533.0,84.96692166824556,10486.2,10585.8
human-mix,256,nginx-warm,requests,nginx_hit_fraction,10,1.0,1.0,0.0,1.0,1.0
large-plain,256,anubis-d4-solve,requests,origin_cpu_seconds_per_1000_attempts,10,6.971084375,6.983703125,0.2083694166928872,6.8524459375,7.096444687499999
large-plain,256,anubis-d4-solve,requests,origin_executions,10,32,32.0,0.0,32.0,32.0
large-plain,256,anubis-d4-solve,requests,origin_max_concurrency,10,2,2.0,0.0,2.0,2.0
large-plain,256,anubis-d4-solve,requests,server_cpu_seconds,10,1.13765504,1.1386783999999999,0.0276714052093171,1.12228896875,1.1545139947499998
large-plain,256,anubis-d4-solve,requests,client_cpu_seconds,10,1.37536832,1.34908595,0.15118997985235366,1.28803172225,1.4629697400000001
large-plain,256,anubis-d4-solve,requests,delivered_fraction,10,1.0,1.0,0.0,1.0,1.0
large-plain,256,anubis-d4-solve,requests,delivered_per_second,10,32.493107573568736,32.94758793823784,1.141921541798536,31.825096591026398,33.18197515288814
large-plain,256,anubis-d4-solve,requests,attempted_per_second,10,32.493107573568736,32.94758793823784,1.141921541798536,31.82414089738484,33.18018508714017
large-plain,256,anubis-d4-solve,requests,p50_ms,10,115.18901799999998,119.59187424999999,21.821180223408387,102.28047994624997,127.47482512499997
large-plain,256,anubis-d4-solve,requests,p95_ms,10,403.6029185449999,410.30934759999997,48.823168381853144,374.13448323399996,431.3412096522499
large-plain,256,anubis-d4-solve,requests,p99_ms,10,489.4435643560001,478.0424007150001,76.50871651781279,445.0511230070501,533.2163441391501
large-plain,256,anubis-d4-solve,requests,server_peak_sampled_rss_bytes,10,128503808,131434496.0,17098183.97384975,118098114.55999999,137829283.83999997
large-plain,256,anubis-d4-solve,requests,total_client_wire_read_bytes,10,131443064.7,131443069.5,16.090369790654286,131443054.5975,131443073.6
large-plain,256,anubis-d4-solve,requests,total_client_wire_written_bytes,10,37109,37108.5,16.220700080795254,37099.5,37118.8
large-plain,256,anubis-d4-solve,requests,nginx_hit_fraction,10,0.0,0.0,0.0,0.0,0.0
large-plain,256,anubis-d5-nosolve,requests,origin_cpu_seconds_per_1000_attempts,10,0.0,0.0,0.0,0.0,0.0
large-plain,256,anubis-d5-nosolve,requests,origin_executions,10,0,0.0,0.0,0.0,0.0
large-plain,256,anubis-d5-nosolve,requests,origin_max_concurrency,10,0,0.0,0.0,0.0,0.0
large-plain,256,anubis-d5-nosolve,requests,server_cpu_seconds,10,0.01687178,0.01676155,0.0010237332093861178,0.016295207500000002,0.017495548250000003
large-plain,256,anubis-d5-nosolve,requests,client_cpu_seconds,10,0.49159235,0.48108475,0.030665188919911913,0.47589043550000004,0.5115601230000001
large-plain,256,anubis-d5-nosolve,requests,delivered_fraction,10,0.0,0.0,0.0,0.0,0.0
large-plain,256,anubis-d5-nosolve,requests,delivered_per_second,10,0.0,0.0,0.0,0.0,0.0
large-plain,256,anubis-d5-nosolve,requests,attempted_per_second,10,103.76528476279174,100.07724104783753,7.857599084801562,99.98700642048077,109.34843814675217
large-plain,256,anubis-d5-nosolve,requests,p50_ms,10,3.227127150000002,3.434132250000001,0.8425548917793974,2.7100874025000032,3.694788133749999
large-plain,256,anubis-d5-nosolve,requests,p95_ms,10,21.968415509999993,21.60328117499999,3.39019176626123,20.117640019749995,24.02998724049999
large-plain,256,anubis-d5-nosolve,requests,p99_ms,10,29.341240072000012,28.09306489500001,6.870038548816296,25.910552906575013,33.878571235475015
large-plain,256,anubis-d5-nosolve,requests,server_peak_sampled_rss_bytes,10,55686348.8,55785472.0,1615569.631419677,54704117.76,56608788.48
large-plain,256,anubis-d5-nosolve,requests,total_client_wire_read_bytes,10,140914.9,140917.0,25.10179276466125,140900.4,140929.4
large-plain,256,anubis-d5-nosolve,requests,total_client_wire_written_bytes,10,13144,13144.0,0.0,13144.0,13144.0
large-plain,256,anubis-d5-nosolve,requests,nginx_hit_fraction,10,0.0,0.0,0.0,0.0,0.0
large-plain,256,anubis-d5-solve,requests,origin_cpu_seconds_per_1000_attempts,10,7.2685781249999994,7.242640625,0.07943782406886012,7.223870546874999,7.317004609374999
large-plain,256,anubis-d5-solve,requests,origin_executions,10,32,32.0,0.0,32.0,32.0
large-plain,256,anubis-d5-solve,requests,origin_max_concurrency,10,1.6,2.0,0.5163977794943223,1.3,1.9
large-plain,256,anubis-d5-solve,requests,server_cpu_seconds,10,1.1846652500000001,1.19003265,0.01672031268416088,1.174429287,1.1939161627500001
large-plain,256,anubis-d5-solve,requests,client_cpu_seconds,10,7.59346223,7.5127965,2.8526070061730313,6.013327031999999,9.32198155975
large-plain,256,anubis-d5-solve,requests,delivered_fraction,10,1.0,1.0,0.0,1.0,1.0
large-plain,256,anubis-d5-solve,requests,delivered_per_second,10,7.830489274255372,6.2281471614830455,2.96614103879071,6.167956557572669,9.64222526245087
large-plain,256,anubis-d5-solve,requests,attempted_per_second,10,7.830489274255372,6.2281471614830455,2.96614103879071,6.162521831981834,9.679717555337014
large-plain,256,anubis-d5-solve,requests,p50_ms,10,42.81180669999999,42.641575750000044,0.6704080645421973,42.42467512749997,43.22249062374999
large-plain,256,anubis-d5-solve,requests,p95_ms,10,2619.7111097449997,2403.3906887,1253.2919543676971,1969.3724066768746,3435.6294801806243
large-plain,256,anubis-d5-solve,requests,p99_ms,10,3851.9735649230015,4030.7656896800027,1467.793921091961,3011.367999650126,4746.198049316202
large-plain,256,anubis-d5-solve,requests,server_peak_sampled_rss_bytes,10,89840435.2,88444928.0,6947559.017706496,86146979.84,94114222.08
large-plain,256,anubis-d5-solve,requests,total_client_wire_read_bytes,10,131443064.8,131443061.5,14.327905949191909,131443056.4,131443073.2
large-plain,256,anubis-d5-solve,requests,total_client_wire_written_bytes,10,37117.5,37119.5,7.735200923914862,37112.8,37121.8
large-plain,256,anubis-d5-solve,requests,nginx_hit_fraction,10,0.0,0.0,0.0,0.0,0.0
large-plain,256,bounded-cold,requests,origin_cpu_seconds_per_1000_attempts,10,0.0,0.0,0.0,0.0,0.0
large-plain,256,bounded-cold,requests,origin_executions,10,0,0.0,0.0,0.0,0.0
large-plain,256,bounded-cold,requests,origin_max_concurrency,10,0,0.0,0.0,0.0,0.0
large-plain,256,bounded-cold,requests,server_cpu_seconds,10,0.27151270000000005,0.2703449,0.017790384605610856,0.26169155975,0.28263386175000005
large-plain,256,bounded-cold,requests,client_cpu_seconds,10,0.49407861,0.4938692,0.007092777568837175,0.4899041975,0.49834069099999995
large-plain,256,bounded-cold,requests,delivered_fraction,10,0.0,0.0,0.0,0.0,0.0
large-plain,256,bounded-cold,requests,delivered_per_second,10,0.0,0.0,0.0,0.0,0.0
large-plain,256,bounded-cold,requests,attempted_per_second,10,73.70718262667694,76.12983091705534,3.9582881841697137,71.24473141667333,76.07884214352035
large-plain,256,bounded-cold,requests,p50_ms,10,14.356467749999995,14.616934000000015,2.4687976956388518,12.788993271249993,15.717425911249997
large-plain,256,bounded-cold,requests,p95_ms,10,71.30384307,63.89301354999999,18.421955535000524,61.04246908912499,82.3708395695
large-plain,256,bounded-cold,requests,p99_ms,10,73.62164015,64.81302266499998,17.62432206822532,64.06799474172502,84.514897962
large-plain,256,bounded-cold,requests,server_peak_sampled_rss_bytes,10,96543129.6,96471040.0,1305379.2702999045,95778805.76,97297612.8
large-plain,256,bounded-cold,requests,total_client_wire_read_bytes,10,308560,308560.0,0.0,308560.0,308560.0
large-plain,256,bounded-cold,requests,total_client_wire_written_bytes,10,13688,13688.0,0.0,13688.0,13688.0
large-plain,256,bounded-cold,requests,nginx_hit_fraction,10,0.0,0.0,0.0,0.0,0.0
large-plain,256,bounded-cold,requests,artifact_hit_fraction,10,0.0,0.0,0.0,0.0,0.0
large-plain,256,bounded-warm,requests,origin_cpu_seconds_per_1000_attempts,10,0.0,0.0,0.0,0.0,0.0
large-plain,256,bounded-warm,requests,origin_executions,10,0,0.0,0.0,0.0,0.0
large-plain,256,bounded-warm,requests,origin_max_concurrency,10,0,0.0,0.0,0.0,0.0
large-plain,256,bounded-warm,requests,server_cpu_seconds,10,1.32741596,1.31489875,0.05821255047530942,1.2964588400000001,1.3641793695
large-plain,256,bounded-warm,requests,client_cpu_seconds,10,1.14627781,1.13201405,0.059470516178793224,1.1143866265000002,1.1835025752500001
large-plain,256,bounded-warm,requests,delivered_fraction,10,1.0,1.0,0.0,1.0,1.0
large-plain,256,bounded-warm,requests,delivered_per_second,10,32.50440495584257,32.93090586537799,1.5622327254097146,31.545876276197713,33.370118671270454
large-plain,256,bounded-warm,requests,attempted_per_second,10,32.50440495584257,32.93090586537799,1.5622327254097146,31.54024625462238,33.36959383329775
large-plain,256,bounded-warm,requests,p50_ms,10,135.13720055,135.373638,12.567815258352486,128.04339804875,142.66665806625
large-plain,256,bounded-warm,requests,p95_ms,10,269.27280450499995,260.96936055,33.19458255706005,250.73474777837498,290.305702952875
large-plain,256,bounded-warm,requests,p99_ms,10,290.048337342,290.677109095,33.18863407884766,271.07876243217504,310.086388330025
large-plain,256,bounded-warm,requests,server_peak_sampled_rss_bytes,10,176996352,175476736.0,6037679.681448201,173705164.8,180731914.24
large-plain,256,bounded-warm,requests,total_client_wire_read_bytes,10,131759984,131759984.0,0.0,131759984.0,131759984.0
large-plain,256,bounded-warm,requests,total_client_wire_written_bytes,10,13688,13688.0,0.0,13688.0,13688.0
large-plain,256,bounded-warm,requests,nginx_hit_fraction,10,0.0,0.0,0.0,0.0,0.0
large-plain,256,bounded-warm,requests,artifact_hit_fraction,10,1.0,1.0,0.0,1.0,1.0
large-plain,256,cgit,requests,origin_cpu_seconds_per_1000_attempts,10,6.760709374999999,6.7099843749999994,0.2706693694582636,6.6206875,6.934773671874999
large-plain,256,cgit,requests,origin_executions,10,32,32.0,0.0,32.0,32.0
large-plain,256,cgit,requests,origin_max_concurrency,10,2,2.0,0.0,2.0,2.0
large-plain,256,cgit,requests,server_cpu_seconds,10,1.0388132,1.0355964000000002,0.0314068356524499,1.0209716995,1.05747909
large-plain,256,cgit,requests,client_cpu_seconds,10,0.72576174,0.72528645,0.027651717975650077,0.710805549,0.742636363
large-plain,256,cgit,requests,delivered_fraction,10,1.0,1.0,0.0,1.0,1.0
large-plain,256,cgit,requests,delivered_per_second,10,39.53859472969549,39.019376119083645,1.5420059279977811,38.58738593797881,40.514139171085944
large-plain,256,cgit,requests,attempted_per_second,10,39.53859472969549,39.019376119083645,1.5420059279977811,38.58578054587521,40.51515991161562
large-plain,256,cgit,requests,p50_ms,10,136.30421335,136.87618075,5.411712903262654,133.01221731375,139.34516738750003
large-plain,256,cgit,requests,p95_ms,10,150.43558324999998,151.162397075,9.20785722101313,145.45408940374998,156.10795530675
large-plain,256,cgit,requests,p99_ms,10,161.53775364400002,155.04666724,21.262427896237327,151.49594433485,175.84258111030002
large-plain,256,cgit,requests,server_peak_sampled_rss_bytes,10,99972300.8,103567360.0,11838926.03347536,92769064.96000001,106410813.44
large-plain,256,cgit,requests,total_client_wire_read_bytes,10,131399680,131399680.0,0.0,131399680.0,131399680.0
large-plain,256,cgit,requests,total_client_wire_written_bytes,10,10048,10048.0,0.0,10048.0,10048.0
large-plain,256,cgit,requests,nginx_hit_fraction,10,0.0,0.0,0.0,0.0,0.0
large-plain,256,nginx-cold,requests,origin_cpu_seconds_per_1000_attempts,10,0.21866249999999998,0.220265625,0.00820880656419271,0.21375617187499998,0.22346265625
large-plain,256,nginx-cold,requests,origin_executions,10,1,1.0,0.0,1.0,1.0
large-plain,256,nginx-cold,requests,origin_max_concurrency,10,1,1.0,0.0,1.0,1.0
large-plain,256,nginx-cold,requests,server_cpu_seconds,10,0.08490086,0.0843201,0.0020230029281024502,0.08378968775,0.08614335399999999
large-plain,256,nginx-cold,requests,client_cpu_seconds,10,0.73334131,0.721201,0.030015758751601354,0.71794868775,0.75293516075
large-plain,256,nginx-cold,requests,delivered_fraction,10,1.0,1.0,0.0,1.0,1.0
large-plain,256,nginx-cold,requests,delivered_per_second,10,35.678445650722495,35.69305280811592,1.030075739567106,35.08874816584979,36.26643235459701
large-plain,256,nginx-cold,requests,attempted_per_second,10,35.678445650722495,35.69305280811592,1.030075739567106,35.08887120636857,36.26805092748588
large-plain,256,nginx-cold,requests,p50_ms,10,28.4662751,28.51224350000004,3.4955044260279444,26.498071126249997,30.638841363749997
large-plain,256,nginx-cold,requests,p95_ms,10,541.64747897,542.1857267749999,3.28681067703518,539.7122177809999,543.549013558125
large-plain,256,nginx-cold,requests,p99_ms,10,552.114307522,551.369055785,6.986015920189853,548.205751104,556.321096868
large-plain,256,nginx-cold,requests,server_peak_sampled_rss_bytes,10,40023654.4,38993920.0,5968769.25423084,36709816.32,43824568.31999999
large-plain,256,nginx-cold,requests,total_client_wire_read_bytes,10,131400225,131400225.0,0.0,131400225.0,131400225.0
large-plain,256,nginx-cold,requests,total_client_wire_written_bytes,10,10048,10048.0,0.0,10048.0,10048.0
large-plain,256,nginx-cold,requests,nginx_hit_fraction,10,0.96875,0.96875,0.0,0.96875,0.96875
large-plain,256,nginx-warm,requests,origin_cpu_seconds_per_1000_attempts,10,0.0,0.0,0.0,0.0,0.0
large-plain,256,nginx-warm,requests,origin_executions,10,0,0.0,0.0,0.0,0.0
large-plain,256,nginx-warm,requests,origin_max_concurrency,10,0,0.0,0.0,0.0,0.0
large-plain,256,nginx-warm,requests,server_cpu_seconds,10,0.04985801,0.04993785,0.005008102978718034,0.04707722475,0.052873712999999996
large-plain,256,nginx-warm,requests,client_cpu_seconds,10,0.75861235,0.7546815,0.02770175636679018,0.7427610295,0.7750870944999999
large-plain,256,nginx-warm,requests,delivered_fraction,10,1.0,1.0,0.0,1.0,1.0
large-plain,256,nginx-warm,requests,delivered_per_second,10,73.00388555250561,76.21309082366679,4.2786550411978475,70.50070306825695,75.49000775944573
large-plain,256,nginx-warm,requests,attempted_per_second,10,73.00388555250561,76.21309082366679,4.2786550411978475,70.50256287784974,75.49496199577122
large-plain,256,nginx-warm,requests,p50_ms,10,28.70294385,29.294723499999996,4.597803326139605,25.968821371250005,31.383520721249994
large-plain,256,nginx-warm,requests,p95_ms,10,61.696309344999996,60.878073474999994,9.785855807974299,56.195349869875,67.702299245375
large-plain,256,nginx-warm,requests,p99_ms,10,70.229235058,68.54060676,11.289574502989964,63.709886154725,76.973825468525
large-plain,256,nginx-warm,requests,server_peak_sampled_rss_bytes,10,34181120,34134016.0,263696.73474403634,34032435.2,34341693.440000005
large-plain,256,nginx-warm,requests,total_client_wire_read_bytes,10,131400224,131400224.0,0.0,131400224.0,131400224.0
large-plain,256,nginx-warm,requests,total_client_wire_written_bytes,10,10048,10048.0,0.0,10048.0,10048.0
large-plain,256,nginx-warm,requests,nginx_hit_fraction,10,1.0,1.0,0.0,1.0,1.0
ref-update,256,anubis-d4-solve,after-publication,origin_cpu_seconds_per_1000_attempts,10,1.9964468749999997,2.0004062499999997,0.037040527289610305,1.9736156249999999,2.0172096093749996
ref-update,256,anubis-d4-solve,after-publication,origin_executions,10,32,32.0,0.0,32.0,32.0
ref-update,256,anubis-d4-solve,after-publication,origin_max_concurrency,10,1.7,2.0,0.48304589153964794,1.4,2.0
ref-update,256,anubis-d4-solve,after-publication,server_cpu_seconds,10,0.7189752500000001,0.72041785,0.006315829402250573,0.7150518572500001,0.72260820275
ref-update,256,anubis-d4-solve,after-publication,client_cpu_seconds,10,0.60093939,0.5878203500000001,0.06791827063741065,0.562062104,0.64200977
ref-update,256,anubis-d4-solve,after-publication,delivered_fraction,10,1.0,1.0,0.0,1.0,1.0
ref-update,256,anubis-d4-solve,after-publication,delivered_per_second,10,47.759461242091696,47.70849293105191,1.6545330814499983,46.74398417839139,48.83554364042579
ref-update,256,anubis-d4-solve,after-publication,attempted_per_second,10,47.759461242091696,47.70849293105191,1.6545330814499983,46.746439268960856,48.835392546783105
ref-update,256,anubis-d4-solve,after-publication,p50_ms,10,45.1725687,44.855138749999995,0.9892963001113811,44.6242996775,45.78654072375001
ref-update,256,anubis-d4-solve,after-publication,p95_ms,10,154.27281771499997,157.86580392500002,17.5174939651589,143.84468468187495,164.23069800574996
ref-update,256,anubis-d4-solve,after-publication,p99_ms,10,214.9280324670001,212.08247392500013,41.30515253704213,190.93188380127506,240.0375299230501
ref-update,256,anubis-d4-solve,after-publication,server_peak_sampled_rss_bytes,10,83298304,83298304.0,3141488.8473831783,81465323.52,85158737.92
ref-update,256,anubis-d4-solve,after-publication,total_client_wire_read_bytes,10,2234590.5,2234590.5,6.078194176270157,2234587.1,2234594.2
ref-update,256,anubis-d4-solve,after-publication,total_client_wire_written_bytes,10,29339,29340.0,9.899494936611665,29333.0,29344.6
ref-update,256,anubis-d4-solve,after-publication,nginx_hit_fraction,10,0.0,0.0,0.0,0.0,0.0
ref-update,256,anubis-d4-solve,requests,origin_cpu_seconds_per_1000_attempts,10,2.03099375,2.011328125,0.060902509184761686,2.000524609375,2.0716945312499995
ref-update,256,anubis-d4-solve,requests,origin_executions,10,32,32.0,0.0,32.0,32.0
ref-update,256,anubis-d4-solve,requests,origin_max_concurrency,10,2,2.0,0.0,2.0,2.0
ref-update,256,anubis-d4-solve,requests,server_cpu_seconds,10,0.73013262,0.723248,0.017584415376046315,0.72217928,0.742063362
ref-update,256,anubis-d4-solve,requests,client_cpu_seconds,10,0.57887286,0.5593711,0.12294887907060488,0.5093502652499999,0.6526381455
ref-update,256,anubis-d4-solve,requests,delivered_fraction,10,1.0,1.0,0.0,1.0,1.0
ref-update,256,anubis-d4-solve,requests,delivered_per_second,10,49.96645418212906,51.54142761732194,4.54694433842994,47.282805096677954,52.64802383988338
ref-update,256,anubis-d4-solve,requests,attempted_per_second,10,49.96645418212906,51.54142761732194,4.54694433842994,47.28391005557202,52.58736732001725
ref-update,256,anubis-d4-solve,requests,p50_ms,10,40.700298149999995,43.37491349999999,5.751739369709338,37.20616014749999,43.91539758749999
ref-update,256,anubis-d4-solve,requests,p95_ms,10,153.04844042499997,139.92381372499995,49.67797597438153,126.12066156049998,183.93968952537497
ref-update,256,anubis-d4-solve,requests,p99_ms,10,211.53692819400007,203.79236922500004,66.78397247311196,172.84232161510005,250.89319118557506
ref-update,256,anubis-d4-solve,requests,server_peak_sampled_rss_bytes,10,79092121.6,78813184.0,4131519.963285054,76695060.48,81566105.6
ref-update,256,anubis-d4-solve,requests,total_client_wire_read_bytes,10,2234757.4,2234760.0,8.126773310757748,2234752.4,2234761.9
ref-update,256,anubis-d4-solve,requests,total_client_wire_written_bytes,10,29338.4,29340.0,9.020963240019205,29332.9,29343.4
ref-update,256,anubis-d4-solve,requests,nginx_hit_fraction,10,0.0,0.0,0.0,0.0,0.0
ref-update,256,anubis-d5-nosolve,after-publication,origin_cpu_seconds_per_1000_attempts,10,0.0,0.0,0.0,0.0,0.0
ref-update,256,anubis-d5-nosolve,after-publication,origin_executions,10,0,0.0,0.0,0.0,0.0
ref-update,256,anubis-d5-nosolve,after-publication,origin_max_concurrency,10,0,0.0,0.0,0.0,0.0
ref-update,256,anubis-d5-nosolve,after-publication,server_cpu_seconds,10,0.012251949999999996,0.012247000000000008,0.0007936791686681553,0.011790669999999996,0.012716684749999997
ref-update,256,anubis-d5-nosolve,after-publication,client_cpu_seconds,10,0.27035444,0.27096924999999994,0.0115615445996343,0.26334469075,0.2769661095
ref-update,256,anubis-d5-nosolve,after-publication,delivered_fraction,10,0.0,0.0,0.0,0.0,0.0
ref-update,256,anubis-d5-nosolve,after-publication,delivered_per_second,10,0.0,0.0,0.0,0.0,0.0
ref-update,256,anubis-d5-nosolve,after-publication,attempted_per_second,10,167.77859971523918,167.78212432513163,22.98983708955731,154.64489577305636,180.9132720621373
ref-update,256,anubis-d5-nosolve,after-publication,p50_ms,10,1.4007363999999982,1.3774557499999958,0.13425979325252613,1.3264548662500006,1.4839596499999956
ref-update,256,anubis-d5-nosolve,after-publication,p95_ms,10,10.857104414999998,11.039921775,1.4751008960305692,9.994538411874993,11.717502609749998
ref-update,256,anubis-d5-nosolve,after-publication,p99_ms,10,16.094555897000006,15.672087080000008,3.07490230197628,14.313442160150007,17.95236123012501
ref-update,256,anubis-d5-nosolve,after-publication,server_peak_sampled_rss_bytes,10,55816192,55449600.0,1269122.684504361,55124787.2,56603924.48
ref-update,256,anubis-d5-nosolve,after-publication,total_client_wire_read_bytes,10,140879.1,140901.0,83.5868809483083,140823.1,140915.4
ref-update,256,anubis-d5-nosolve,after-publication,total_client_wire_written_bytes,10,10748,10748.0,0.0,10748.0,10748.0
ref-update,256,anubis-d5-nosolve,after-publication,nginx_hit_fraction,10,0.0,0.0,0.0,0.0,0.0
ref-update,256,anubis-d5-nosolve,requests,origin_cpu_seconds_per_1000_attempts,10,0.0,0.0,0.0,0.0,0.0
ref-update,256,anubis-d5-nosolve,requests,origin_executions,10,0,0.0,0.0,0.0,0.0
ref-update,256,anubis-d5-nosolve,requests,origin_max_concurrency,10,0,0.0,0.0,0.0,0.0
ref-update,256,anubis-d5-nosolve,requests,server_cpu_seconds,10,0.01503074,0.014794950000000001,0.0011705695605131723,0.014373994000000001,0.015753877750000003
ref-update,256,anubis-d5-nosolve,requests,client_cpu_seconds,10,0.27331252,0.27301074999999997,0.01103095431469503,0.2664817295,0.2794620435
ref-update,256,anubis-d5-nosolve,requests,delivered_fraction,10,0.0,0.0,0.0,0.0,0.0
ref-update,256,anubis-d5-nosolve,requests,delivered_per_second,10,0.0,0.0,0.0,0.0,0.0
ref-update,256,anubis-d5-nosolve,requests,attempted_per_second,10,159.08328030810367,146.24226468012444,20.952506313241106,146.14931994664423,172.1247934629719
ref-update,256,anubis-d5-nosolve,requests,p50_ms,10,1.2651655500000032,1.2890882500000025,0.1929129996989786,1.1513234612500043,1.3776909262500023
ref-update,256,anubis-d5-nosolve,requests,p95_ms,10,11.408808694999998,11.325582499999996,1.9823679361982445,10.296726066249997,12.615724917749999
ref-update,256,anubis-d5-nosolve,requests,p99_ms,10,16.419365875000008,14.649900165000002,4.190453946891462,14.130750453625003,18.935769850900016
ref-update,256,anubis-d5-nosolve,requests,server_peak_sampled_rss_bytes,10,55213260.8,55156736.0,1233916.629151689,54459176.96,55919831.04
ref-update,256,anubis-d5-nosolve,requests,total_client_wire_read_bytes,10,140913.5,140920.0,30.380000731475377,140894.8,140931.2
ref-update,256,anubis-d5-nosolve,requests,total_client_wire_written_bytes,10,10748,10748.0,0.0,10748.0,10748.0
ref-update,256,anubis-d5-nosolve,requests,nginx_hit_fraction,10,0.0,0.0,0.0,0.0,0.0
ref-update,256,anubis-d5-solve,after-publication,origin_cpu_seconds_per_1000_attempts,10,2.255528125,2.252,0.07026160727617346,2.2140446093749997,2.29671609375
ref-update,256,anubis-d5-solve,after-publication,origin_executions,10,32,32.0,0.0,32.0,32.0
ref-update,256,anubis-d5-solve,after-publication,origin_max_concurrency,10,1.3,1.0,0.48304589153964794,1.0,1.6
ref-update,256,anubis-d5-solve,after-publication,server_cpu_seconds,10,0.76104773,0.7596517999999999,0.0087479315115759,0.7565572615,0.766782416
ref-update,256,anubis-d5-solve,after-publication,client_cpu_seconds,10,5.17827289,5.1020169,2.1028895053468215,3.947789076,6.3911000585
ref-update,256,anubis-d5-solve,after-publication,delivered_fraction,10,1.0,1.0,0.0,1.0,1.0
ref-update,256,anubis-d5-solve,after-publication,delivered_per_second,10,11.390367662034269,10.16387144800747,4.809618349932433,8.781804303783684,14.383034930498358
ref-update,256,anubis-d5-solve,after-publication,attempted_per_second,10,11.390367662034269,10.16387144800747,4.809618349932433,8.74508601532571,14.352685486275426
ref-update,256,anubis-d5-solve,after-publication,p50_ms,10,25.483534550000048,25.406145249999952,0.5413203102208247,25.18905189375008,25.811105816250077
ref-update,256,anubis-d5-solve,after-publication,p95_ms,10,1633.5920316149995,1906.6827586250001,742.4671929236555,1175.1208608337497,2044.5666055037493
ref-update,256,anubis-d5-solve,after-publication,p99_ms,10,2658.1384384340013,2583.144058410001,1126.467348851094,1996.7063188986265,3317.7898008943507
ref-update,256,anubis-d5-solve,after-publication,server_peak_sampled_rss_bytes,10,73678438.4,73705472.0,3616304.586795851,71648819.2,75859558.4
ref-update,256,anubis-d5-solve,after-publication,total_client_wire_read_bytes,10,2234593.6,2234594.5,7.618690467819548,2234589.0,2234597.8
ref-update,256,anubis-d5-solve,after-publication,total_client_wire_written_bytes,10,29339.4,29342.0,7.805980613179444,29334.8,29343.7
ref-update,256,anubis-d5-solve,after-publication,nginx_hit_fraction,10,0.0,0.0,0.0,0.0,0.0
ref-update,256,anubis-d5-solve,requests,origin_cpu_seconds_per_1000_attempts,10,2.3063374999999997,2.2888281249999998,0.05428309562364803,2.278755703125,2.341235234375
ref-update,256,anubis-d5-solve,requests,origin_executions,10,32,32.0,0.0,32.0,32.0
ref-update,256,anubis-d5-solve,requests,origin_max_concurrency,10,1.2,1.0,0.4216370213557839,1.0,1.5
ref-update,256,anubis-d5-solve,requests,server_cpu_seconds,10,0.76192363,0.75823185,0.01634362020055873,0.754479435,0.772974297
ref-update,256,anubis-d5-solve,requests,client_cpu_seconds,10,3.92118205,3.9347689999999997,1.070481744869254,3.28069741,4.541053987
ref-update,256,anubis-d5-solve,requests,delivered_fraction,10,1.0,1.0,0.0,1.0,1.0
ref-update,256,anubis-d5-solve,requests,delivered_per_second,10,12.893353194155083,11.840278802717368,3.6984388003971858,11.000135952463326,15.265807345411458
ref-update,256,anubis-d5-solve,requests,attempted_per_second,10,12.893353194155083,11.840278802717368,3.6984388003971858,10.991601170990966,15.2351535409752
ref-update,256,anubis-d5-solve,requests,p50_ms,10,25.235341400000003,25.22121224999998,0.519338258174041,24.954237824999993,25.563930225
ref-update,256,anubis-d5-solve,requests,p95_ms,10,1165.0119003349996,1093.4162645749993,538.7889899136388,853.1606968799997,1476.9037823169995
ref-update,256,anubis-d5-solve,requests,p99_ms,10,2039.3311705090011,2124.987094240001,556.2277095737649,1711.8878721364758,2356.9810555798013
ref-update,256,anubis-d5-solve,requests,server_peak_sampled_rss_bytes,10,72452915.2,69736448.0,5607239.342856792,69420195.84,75938232.32
ref-update,256,anubis-d5-solve,requests,total_client_wire_read_bytes,10,2234757,2234759.5,10.603982480391243,2234750.3,2234762.5
ref-update,256,anubis-d5-solve,requests,total_client_wire_written_bytes,10,29338.7,29341.0,5.558776843874918,29335.2,29341.8
ref-update,256,anubis-d5-solve,requests,nginx_hit_fraction,10,0.0,0.0,0.0,0.0,0.0
ref-update,256,bounded-cold,after-publication,origin_cpu_seconds_per_1000_attempts,10,0.0,0.0,0.0,0.0,0.0
ref-update,256,bounded-cold,after-publication,origin_executions,10,0,0.0,0.0,0.0,0.0
ref-update,256,bounded-cold,after-publication,origin_max_concurrency,10,0,0.0,0.0,0.0,0.0
ref-update,256,bounded-cold,after-publication,server_cpu_seconds,10,0.16406225999999993,0.15900535,0.016594907919077685,0.1549710994999999,0.17433987449999994
ref-update,256,bounded-cold,after-publication,client_cpu_seconds,10,0.30193374,0.29238945000000005,0.03629273459627973,0.28683683800000004,0.32616423549999995
ref-update,256,bounded-cold,after-publication,delivered_fraction,10,0.0,0.0,0.0,0.0,0.0
ref-update,256,bounded-cold,after-publication,delivered_per_second,10,0.0,0.0,0.0,0.0,0.0
ref-update,256,bounded-cold,after-publication,attempted_per_second,10,108.172330943839,109.42960012316581,11.996040087503522,101.18734762512017,115.14582707875329
ref-update,256,bounded-cold,after-publication,p50_ms,10,6.294620999999998,6.409728999999999,1.0133986027750608,5.679795827499997,6.856286801249998
ref-update,256,bounded-cold,after-publication,p95_ms,10,12.245193189999997,10.955939700000002,4.057371516383771,10.192402491124993,14.972005087499994
ref-update,256,bounded-cold,after-publication,p99_ms,10,14.160025537000001,13.266898234999992,5.190615342376332,11.3673030775,17.392979509199996
ref-update,256,bounded-cold,after-publication,server_peak_sampled_rss_bytes,10,97979596.8,97968128.0,1425626.1227745046,97118607.36,98798796.8
ref-update,256,bounded-cold,after-publication,total_client_wire_read_bytes,10,156440,156440.0,0.0,156440.0,156440.0
ref-update,256,bounded-cold,after-publication,total_client_wire_written_bytes,10,8956,8956.0,0.0,8956.0,8956.0
ref-update,256,bounded-cold,after-publication,nginx_hit_fraction,10,0.0,0.0,0.0,0.0,0.0
ref-update,256,bounded-cold,after-publication,artifact_hit_fraction,10,0.0,0.0,0.0,0.0,0.0
ref-update,256,bounded-cold,requests,origin_cpu_seconds_per_1000_attempts,10,0.0,0.0,0.0,0.0,0.0
ref-update,256,bounded-cold,requests,origin_executions,10,0,0.0,0.0,0.0,0.0
ref-update,256,bounded-cold,requests,origin_max_concurrency,10,0,0.0,0.0,0.0,0.0
ref-update,256,bounded-cold,requests,server_cpu_seconds,10,0.27236257999999997,0.26809679999999997,0.02642477530095986,0.257313204,0.28848496724999995
ref-update,256,bounded-cold,requests,client_cpu_seconds,10,0.29753333,0.29335935,0.018194309486396498,0.28812112675,0.30904804849999995
ref-update,256,bounded-cold,requests,delivered_fraction,10,0.0,0.0,0.0,0.0,0.0
ref-update,256,bounded-cold,requests,delivered_per_second,10,0.0,0.0,0.0,0.0,0.0
ref-update,256,bounded-cold,requests,attempted_per_second,10,94.94987762382588,100.02527189043134,8.708768313443137,89.53978836897383,99.9268700982926
ref-update,256,bounded-cold,requests,p50_ms,10,6.984243800000002,6.712897499999997,0.9272024626558802,6.470894373750001,7.562316432500004
ref-update,256,bounded-cold,requests,p95_ms,10,52.820805195,51.26052704999999,9.054245736850275,47.724857493125,58.19796407174999
ref-update,256,bounded-cold,requests,p99_ms,10,58.96709762400001,56.19540857000001,7.301210363460209,55.06320090277501,63.47322830242501
ref-update,256,bounded-cold,requests,server_peak_sampled_rss_bytes,10,96879820.8,97024000.0,1491216.6041383645,95969679.36,97722777.6
ref-update,256,bounded-cold,requests,total_client_wire_read_bytes,10,156440,156440.0,0.0,156440.0,156440.0
ref-update,256,bounded-cold,requests,total_client_wire_written_bytes,10,8956,8956.0,0.0,8956.0,8956.0
ref-update,256,bounded-cold,requests,nginx_hit_fraction,10,0.0,0.0,0.0,0.0,0.0
ref-update,256,bounded-cold,requests,artifact_hit_fraction,10,0.0,0.0,0.0,0.0,0.0
ref-update,256,bounded-warm,after-publication,origin_cpu_seconds_per_1000_attempts,10,0.0,0.0,0.0,0.0,0.0
ref-update,256,bounded-warm,after-publication,origin_executions,10,0,0.0,0.0,0.0,0.0
ref-update,256,bounded-warm,after-publication,origin_max_concurrency,10,0,0.0,0.0,0.0,0.0
ref-update,256,bounded-warm,after-publication,server_cpu_seconds,10,0.14791919999999995,0.14549639999999986,0.019604631876733218,0.13675821374999989,0.15927782024999998
ref-update,256,bounded-warm,after-publication,client_cpu_seconds,10,0.29241866,0.2936979,0.007441266843488404,0.28796489974999995,0.2967407515
ref-update,256,bounded-warm,after-publication,delivered_fraction,10,0.0,0.0,0.0,0.0,0.0
ref-update,256,bounded-warm,after-publication,delivered_per_second,10,0.0,0.0,0.0,0.0,0.0
ref-update,256,bounded-warm,after-publication,attempted_per_second,10,113.21050044708166,118.78807879500994,9.050794872034805,107.5826868658348,118.7664335306625
ref-update,256,bounded-warm,after-publication,p50_ms,10,5.529420050000001,5.1559337499999955,1.2338949489406978,4.8751649225,6.297846750000003
ref-update,256,bounded-warm,after-publication,p95_ms,10,10.246048430000002,9.661031925,1.9811132632262272,9.130367690500002,11.439472607249998
ref-update,256,bounded-warm,after-publication,p99_ms,10,11.648785462,11.700338605,3.1135738237194404,9.881279979175002,13.596364071674996
ref-update,256,bounded-warm,after-publication,server_peak_sampled_rss_bytes,10,98556723.2,98574336.0,1732124.3634949028,97549496.32,99548784.64
ref-update,256,bounded-warm,after-publication,total_client_wire_read_bytes,10,156440,156440.0,0.0,156440.0,156440.0
ref-update,256,bounded-warm,after-publication,total_client_wire_written_bytes,10,8956,8956.0,0.0,8956.0,8956.0
ref-update,256,bounded-warm,after-publication,nginx_hit_fraction,10,0.0,0.0,0.0,0.0,0.0
ref-update,256,bounded-warm,after-publication,artifact_hit_fraction,10,0.0,0.0,0.0,0.0,0.0
ref-update,256,bounded-warm,after-update-preparation,origin_cpu_seconds_per_1000_attempts,10,0.0,0.0,0.0,0.0,0.0
ref-update,256,bounded-warm,after-update-preparation,origin_executions,10,0,0.0,0.0,0.0,0.0
ref-update,256,bounded-warm,after-update-preparation,origin_max_concurrency,10,0,0.0,0.0,0.0,0.0
ref-update,256,bounded-warm,after-update-preparation,server_cpu_seconds,10,0.19734627,0.18763854999999996,0.02645468727260301,0.18598977274999995,0.21504959149999997
ref-update,256,bounded-warm,after-update-preparation,client_cpu_seconds,10,0.30545642999999995,0.30269909999999994,0.0111626101688778,0.29933651349999996,0.31237507800000003
ref-update,256,bounded-warm,after-update-preparation,delivered_fraction,10,1.0,1.0,0.0,1.0,1.0
ref-update,256,bounded-warm,after-update-preparation,delivered_per_second,10,100.17376808201865,100.1589557129663,0.11211861553978697,100.11459296229324,100.24571086840885
ref-update,256,bounded-warm,after-update-preparation,attempted_per_second,10,100.17376808201865,100.1589557129663,0.11211861553978697,100.1150100229969,100.24658819790581
ref-update,256,bounded-warm,after-update-preparation,p50_ms,10,8.742661100000001,8.330405250000002,1.0478093755983082,8.232277932499999,9.41750489875
ref-update,256,bounded-warm,after-update-preparation,p95_ms,10,15.446786509999999,14.881958875,1.286412938419302,14.747704011874996,16.246377874749996
ref-update,256,bounded-warm,after-update-preparation,p99_ms,10,17.464235685000002,17.17381450500001,1.7468041504469765,16.46904625245,18.517072482050008
ref-update,256,bounded-warm,after-update-preparation,server_peak_sampled_rss_bytes,10,107342233.6,107325440.0,1938210.0034176551,106234654.72,108494069.75999999
ref-update,256,bounded-warm,after-update-preparation,total_client_wire_read_bytes,10,2358872,2358872.0,0.0,2358872.0,2358872.0
ref-update,256,bounded-warm,after-update-preparation,total_client_wire_written_bytes,10,8956,8956.0,0.0,8956.0,8956.0
ref-update,256,bounded-warm,after-update-preparation,nginx_hit_fraction,10,0.0,0.0,0.0,0.0,0.0
ref-update,256,bounded-warm,after-update-preparation,artifact_hit_fraction,10,1.0,1.0,0.0,1.0,1.0
ref-update,256,bounded-warm,requests,origin_cpu_seconds_per_1000_attempts,10,0.0,0.0,0.0,0.0,0.0
ref-update,256,bounded-warm,requests,origin_executions,10,0,0.0,0.0,0.0,0.0
ref-update,256,bounded-warm,requests,origin_max_concurrency,10,0,0.0,0.0,0.0,0.0
ref-update,256,bounded-warm,requests,server_cpu_seconds,10,0.30161399,0.3052525,0.01581870330108216,0.29231960599999995,0.31063598300000006
ref-update,256,bounded-warm,requests,client_cpu_seconds,10,0.31000768,0.30785450000000003,0.011304902551331934,0.30401160925000004,0.317332201
ref-update,256,bounded-warm,requests,delivered_fraction,10,1.0,1.0,0.0,1.0,1.0
ref-update,256,bounded-warm,requests,delivered_per_second,10,87.89880659719577,86.55470017056217,4.383307653214609,86.44355377553786,90.70076314300977
ref-update,256,bounded-warm,requests,attempted_per_second,10,87.89880659719577,86.55470017056217,4.383307653214609,86.44258305835272,90.70376335179965
ref-update,256,bounded-warm,requests,p50_ms,10,12.083651149999998,11.9001855,1.8717341590541503,11.005777858749994,13.210441707500006
ref-update,256,bounded-warm,requests,p95_ms,10,34.48425395499999,33.661575625,3.180381684559275,32.78747401,36.47558804399999
ref-update,256,bounded-warm,requests,p99_ms,10,37.539977318,37.50929820999999,3.7303080654275296,35.363448457425,39.78948190147499
ref-update,256,bounded-warm,requests,server_peak_sampled_rss_bytes,10,97756774.4,97921024.0,1554476.461141335,96825344.0,98660802.55999999
ref-update,256,bounded-warm,requests,total_client_wire_read_bytes,10,2359032,2359032.0,0.0,2359032.0,2359032.0
ref-update,256,bounded-warm,requests,total_client_wire_written_bytes,10,8956,8956.0,0.0,8956.0,8956.0
ref-update,256,bounded-warm,requests,nginx_hit_fraction,10,0.0,0.0,0.0,0.0,0.0
ref-update,256,bounded-warm,requests,artifact_hit_fraction,10,1.0,1.0,0.0,1.0,1.0
ref-update,256,cgit,after-publication,origin_cpu_seconds_per_1000_attempts,10,1.9502,1.93953125,0.04187548766299801,1.9295060937499997,1.978600234375
ref-update,256,cgit,after-publication,origin_executions,10,32,32.0,0.0,32.0,32.0
ref-update,256,cgit,after-publication,origin_max_concurrency,10,2,2.0,0.0,2.0,2.0
ref-update,256,cgit,after-publication,server_cpu_seconds,10,0.68868746,0.68567185,0.01647873426984005,0.6815303697499999,0.6996786054999999
ref-update,256,cgit,after-publication,client_cpu_seconds,10,0.27924471,0.27691165,0.008089905529245144,0.27485728075,0.28429534925000005
ref-update,256,cgit,after-publication,delivered_fraction,10,1.0,1.0,0.0,1.0,1.0
ref-update,256,cgit,after-publication,delivered_per_second,10,59.9354582933642,61.56421993704479,2.6388711988456337,58.29304933369283,61.55950616338339
ref-update,256,cgit,after-publication,attempted_per_second,10,59.9354582933642,61.56421993704479,2.6388711988456337,58.28945167835329,61.5584499537567
ref-update,256,cgit,after-publication,p50_ms,10,44.34458319999999,44.10516274999998,1.2120103805621258,43.68219707999999,45.11307645624999
ref-update,256,cgit,after-publication,p95_ms,10,77.27601174999998,76.6582701,17.18165057927282,67.03996518999998,87.141091105625
ref-update,256,cgit,after-publication,p99_ms,10,91.370646959,90.37667380999999,8.081780730555192,86.21773363360002,95.707450767125
ref-update,256,cgit,after-publication,server_peak_sampled_rss_bytes,10,46401126.4,46084096.0,3553595.848812023,44637788.16,48773120.0
ref-update,256,cgit,after-publication,total_client_wire_read_bytes,10,2213632,2213632.0,0.0,2213632.0,2213632.0
ref-update,256,cgit,after-publication,total_client_wire_written_bytes,10,7136,7136.0,0.0,7136.0,7136.0
ref-update,256,cgit,after-publication,nginx_hit_fraction,10,0.0,0.0,0.0,0.0,0.0
ref-update,256,cgit,requests,origin_cpu_seconds_per_1000_attempts,10,1.952253125,1.949296875,0.016717166007518026,1.942618515625,1.962296953125
ref-update,256,cgit,requests,origin_executions,10,32,32.0,0.0,32.0,32.0
ref-update,256,cgit,requests,origin_max_concurrency,10,2,2.0,0.0,2.0,2.0
ref-update,256,cgit,requests,server_cpu_seconds,10,0.68644648,0.6856116000000001,0.005721325566645867,0.68323035625,0.6899260887499999
ref-update,256,cgit,requests,client_cpu_seconds,10,0.27858753999999997,0.27819315,0.004539697103747978,0.27572662825,0.2810817545
ref-update,256,cgit,requests,delivered_fraction,10,1.0,1.0,0.0,1.0,1.0
ref-update,256,cgit,requests,delivered_per_second,10,58.82744624455955,58.818414441606535,2.8589643882213034,57.193429848182504,60.46151676445046
ref-update,256,cgit,requests,attempted_per_second,10,58.82744624455955,58.818414441606535,2.8589643882213034,57.194839278382794,60.46290030154499
ref-update,256,cgit,requests,p50_ms,10,43.962042149999995,44.090213250000005,0.6448222658665158,43.580026925,44.32674086
ref-update,256,cgit,requests,p95_ms,10,82.86573691999999,85.496163425,12.63177530381965,75.36530781587498,90.19974306824999
ref-update,256,cgit,requests,p99_ms,10,94.969731471,93.80472169000001,7.624210042122221,91.32441329102501,99.88745127642501
ref-update,256,cgit,requests,server_peak_sampled_rss_bytes,10,47710617.6,46868480.0,2872041.8373846547,46082037.76,49496903.68
ref-update,256,cgit,requests,total_client_wire_read_bytes,10,2213792,2213792.0,0.0,2213792.0,2213792.0
ref-update,256,cgit,requests,total_client_wire_written_bytes,10,7136,7136.0,0.0,7136.0,7136.0
ref-update,256,cgit,requests,nginx_hit_fraction,10,0.0,0.0,0.0,0.0,0.0
ref-update,256,nginx-cold,after-publication,origin_cpu_seconds_per_1000_attempts,10,0.0,0.0,0.0,0.0,0.0
ref-update,256,nginx-cold,after-publication,origin_executions,10,0,0.0,0.0,0.0,0.0
ref-update,256,nginx-cold,after-publication,origin_max_concurrency,10,0,0.0,0.0,0.0,0.0
ref-update,256,nginx-cold,after-publication,server_cpu_seconds,10,0.0024038799999999997,0.002416249999999995,9.610705604804658e-05,0.0023450582499999987,0.0024589404999999986
ref-update,256,nginx-cold,after-publication,client_cpu_seconds,10,0.2707309,0.26934695,0.012577873333048887,0.26403848425,0.278663334
ref-update,256,nginx-cold,after-publication,delivered_fraction,10,0.0,0.0,0.0,0.0,0.0
ref-update,256,nginx-cold,after-publication,delivered_per_second,10,0.0,0.0,0.0,0.0,0.0
ref-update,256,nginx-cold,after-publication,attempted_per_second,10,159.04220418452496,146.16538209188244,20.93884758871753,150.09715599507086,172.07803945028067
ref-update,256,nginx-cold,after-publication,p50_ms,10,0.953886600000002,0.8649242500000014,0.21629911737732743,0.8369521262500021,1.088879556250002
ref-update,256,nginx-cold,after-publication,p95_ms,10,9.569551709999999,9.53701285,1.501744632074263,8.681113384625,10.412979334375
ref-update,256,nginx-cold,after-publication,p99_ms,10,15.581602407000009,14.770332350000007,1.8516332576812597,14.515200051150005,16.698603241150014
ref-update,256,nginx-cold,after-publication,server_peak_sampled_rss_bytes,10,30539366.4,30713856.0,364646.0022089003,30323906.560000002,30744985.6
ref-update,256,nginx-cold,after-publication,total_client_wire_read_bytes,10,2214336,2214336.0,0.0,2214336.0,2214336.0
ref-update,256,nginx-cold,after-publication,total_client_wire_written_bytes,10,7136,7136.0,0.0,7136.0,7136.0
ref-update,256,nginx-cold,after-publication,nginx_hit_fraction,10,1.0,1.0,0.0,1.0,1.0
ref-update,256,nginx-cold,requests,origin_cpu_seconds_per_1000_attempts,10,0.0693125,0.068765625,0.0019505051874094364,0.06825624999999999,0.070540625
ref-update,256,nginx-cold,requests,origin_executions,10,1,1.0,0.0,1.0,1.0
ref-update,256,nginx-cold,requests,origin_max_concurrency,10,1,1.0,0.0,1.0,1.0
ref-update,256,nginx-cold,requests,server_cpu_seconds,10,0.02597003,0.02592935,0.00023031680620880127,0.025841946249999997,0.026109341249999998
ref-update,256,nginx-cold,requests,client_cpu_seconds,10,0.26393352000000003,0.2637191,0.008039810187339281,0.2592554085,0.26862398
ref-update,256,nginx-cold,requests,delivered_fraction,10,1.0,1.0,0.0,1.0,1.0
ref-update,256,nginx-cold,requests,delivered_per_second,10,47.56939155616215,47.56594577651473,0.04294815737716786,47.54365392923282,47.59474034571252
ref-update,256,nginx-cold,requests,attempted_per_second,10,47.56939155616215,47.56594577651473,0.04294815737716786,47.543511489546816,47.59453084091393
ref-update,256,nginx-cold,requests,p50_ms,10,0.9284915000000111,0.8912285000000146,0.19828469401972243,0.8221214525000209,1.0549797837500132
ref-update,256,nginx-cold,requests,p95_ms,10,507.64194247,507.48612895,0.763206965522034,507.24004476600004,508.130113767625
ref-update,256,nginx-cold,requests,p99_ms,10,510.902482115,510.13619689000006,3.0552471473456144,509.232604828775,512.7834048793501
ref-update,256,nginx-cold,requests,server_peak_sampled_rss_bytes,10,30539366.4,30713856.0,364646.0022089003,30318991.360000003,30749911.04
ref-update,256,nginx-cold,requests,total_client_wire_read_bytes,10,2214337,2214337.0,0.0,2214337.0,2214337.0
ref-update,256,nginx-cold,requests,total_client_wire_written_bytes,10,7136,7136.0,0.0,7136.0,7136.0
ref-update,256,nginx-cold,requests,nginx_hit_fraction,10,0.96875,0.96875,0.0,0.96875,0.96875
ref-update,256,nginx-warm,after-publication,origin_cpu_seconds_per_1000_attempts,10,0.0,0.0,0.0,0.0,0.0
ref-update,256,nginx-warm,after-publication,origin_executions,10,0,0.0,0.0,0.0,0.0
ref-update,256,nginx-warm,after-publication,origin_max_concurrency,10,0,0.0,0.0,0.0,0.0
ref-update,256,nginx-warm,after-publication,server_cpu_seconds,10,0.002432840000000003,0.0023037500000000002,0.0003223445678841906,0.0022782000000000037,0.0026411850000000025
ref-update,256,nginx-warm,after-publication,client_cpu_seconds,10,0.27105279000000004,0.2716711,0.014383877233783511,0.26340906650000007,0.28013530075000004
ref-update,256,nginx-warm,after-publication,delivered_fraction,10,0.0,0.0,0.0,0.0,0.0
ref-update,256,nginx-warm,after-publication,delivered_per_second,10,0.0,0.0,0.0,0.0,0.0
ref-update,256,nginx-warm,after-publication,attempted_per_second,10,167.93436390594488,167.6140379628382,22.719163016761144,154.96481733758745,180.92991638699618
ref-update,256,nginx-warm,after-publication,p50_ms,10,0.9256341000000023,0.8551612500000054,0.19208428026198898,0.8275630262500039,1.0493493612500011
ref-update,256,nginx-warm,after-publication,p95_ms,10,10.26289379,10.137809125,1.8949755647305206,9.134475404875003,11.380167558124997
ref-update,256,nginx-warm,after-publication,p99_ms,10,14.603114574000005,14.858930770000002,3.1795212450998633,12.739786567175006,16.498052764900006
ref-update,256,nginx-warm,after-publication,server_peak_sampled_rss_bytes,10,30058086.4,30042112.0,85814.214107765,30008115.2,30108467.2
ref-update,256,nginx-warm,after-publication,total_client_wire_read_bytes,10,2214336,2214336.0,0.0,2214336.0,2214336.0
ref-update,256,nginx-warm,after-publication,total_client_wire_written_bytes,10,7136,7136.0,0.0,7136.0,7136.0
ref-update,256,nginx-warm,after-publication,nginx_hit_fraction,10,1.0,1.0,0.0,1.0,1.0
ref-update,256,nginx-warm,requests,origin_cpu_seconds_per_1000_attempts,10,0.0,0.0,0.0,0.0,0.0
ref-update,256,nginx-warm,requests,origin_executions,10,0,0.0,0.0,0.0,0.0
ref-update,256,nginx-warm,requests,origin_max_concurrency,10,0,0.0,0.0,0.0,0.0
ref-update,256,nginx-warm,requests,server_cpu_seconds,10,0.002551829999999998,0.0025168000000000065,0.0002581505463010969,0.0024109119999999994,0.0027071117499999943
ref-update,256,nginx-warm,requests,client_cpu_seconds,10,0.27758373999999997,0.27156800000000003,0.023471707517784997,0.26615269475000003,0.29341009525
ref-update,256,nginx-warm,requests,delivered_fraction,10,1.0,1.0,0.0,1.0,1.0
ref-update,256,nginx-warm,requests,delivered_per_second,10,159.31403729900305,146.52215174870344,20.877816205533918,146.4451834992889,172.2840453384091
ref-update,256,nginx-warm,requests,attempted_per_second,10,159.31403729900305,146.52215174870344,20.877816205533918,146.43148299686516,172.29262154853473
ref-update,256,nginx-warm,requests,p50_ms,10,1.0138465499999991,0.8415904999999988,0.35788842937355453,0.8299499299999978,1.2477809937499993
ref-update,256,nginx-warm,requests,p95_ms,10,9.976424104999998,9.459516825,2.17652524648701,8.751210386625,11.214938801374995
ref-update,256,nginx-warm,requests,p99_ms,10,15.794902114000008,15.457712185,3.2623213162380815,13.884979050875005,17.736099314925006
ref-update,256,nginx-warm,requests,server_peak_sampled_rss_bytes,10,30058086.4,30042112.0,85814.214107765,30008115.2,30108057.6
ref-update,256,nginx-warm,requests,total_client_wire_read_bytes,10,2214336,2214336.0,0.0,2214336.0,2214336.0
ref-update,256,nginx-warm,requests,total_client_wire_written_bytes,10,7136,7136.0,0.0,7136.0,7136.0
ref-update,256,nginx-warm,requests,nginx_hit_fraction,10,1.0,1.0,0.0,1.0,1.0
repeat-burst,32,anubis-d4-solve,requests,origin_cpu_seconds_per_1000_attempts,10,7.2524187499999995,7.233359374999999,0.1938440756150201,7.141989999999999,7.367938828125
repeat-burst,32,anubis-d4-solve,requests,origin_executions,10,32,32.0,0.0,32.0,32.0
repeat-burst,32,anubis-d4-solve,requests,origin_max_concurrency,10,2,2.0,0.0,2.0,2.0
repeat-burst,32,anubis-d4-solve,requests,server_cpu_seconds,10,1.04725874,1.0419976499999999,0.034591682608209565,1.02854279425,1.06843156225
repeat-burst,32,anubis-d4-solve,requests,client_cpu_seconds,10,2.17440955,2.2348002,0.30707901487670075,1.993794189,2.3541464089999997
repeat-burst,32,anubis-d4-solve,requests,delivered_fraction,10,1.0,1.0,0.0,1.0,1.0
repeat-burst,32,anubis-d4-solve,requests,delivered_per_second,10,24.960434659590238,24.25015041934627,2.909990518918003,23.30347143138841,26.682853129531694
repeat-burst,32,anubis-d4-solve,requests,attempted_per_second,10,24.960434659590238,24.25015041934627,2.909990518918003,23.32016848312004,26.74199159384945
repeat-burst,32,anubis-d4-solve,requests,p50_ms,10,169.47369019999996,161.89892899999995,22.64411895790953,156.87825681,183.50918931624994
repeat-burst,32,anubis-d4-solve,requests,p95_ms,10,744.477512145,737.8515800749999,150.43699157288444,656.3587840145,833.628888336375
repeat-burst,32,anubis-d4-solve,requests,p99_ms,10,820.196615496,817.03028756,153.02886925638845,728.0850593104501,908.5659166909002
repeat-burst,32,anubis-d4-solve,requests,server_peak_sampled_rss_bytes,10,90441728,90755072.0,8169825.93278048,85583360.0,95297955.83999999
repeat-burst,32,anubis-d4-solve,requests,total_client_wire_read_bytes,10,548903.2,548904.0,14.665151436881471,548894.5,548911.6
repeat-burst,32,anubis-d4-solve,requests,total_client_wire_written_bytes,10,41040.4,41038.0,11.286176402031725,41034.0,41047.3
repeat-burst,32,anubis-d4-solve,requests,nginx_hit_fraction,10,0.0,0.0,0.0,0.0,0.0
repeat-burst,32,anubis-d5-nosolve,requests,origin_cpu_seconds_per_1000_attempts,10,0.0,0.0,0.0,0.0,0.0
repeat-burst,32,anubis-d5-nosolve,requests,origin_executions,10,0,0.0,0.0,0.0,0.0
repeat-burst,32,anubis-d5-nosolve,requests,origin_max_concurrency,10,0,0.0,0.0,0.0,0.0
repeat-burst,32,anubis-d5-nosolve,requests,server_cpu_seconds,10,0.0204147,0.019797100000000005,0.0023485130577074135,0.01922535175,0.021982762750000003
repeat-burst,32,anubis-d5-nosolve,requests,client_cpu_seconds,10,0.9094753,0.9018682,0.026995510712379978,0.8947229965,0.92646130325
repeat-burst,32,anubis-d5-nosolve,requests,delivered_fraction,10,0.0,0.0,0.0,0.0,0.0
repeat-burst,32,anubis-d5-nosolve,requests,delivered_per_second,10,0.0,0.0,0.0,0.0,0.0
repeat-burst,32,anubis-d5-nosolve,requests,attempted_per_second,10,61.538886516653605,61.541990429215275,0.08509490174621623,61.488163982923375,61.58764617445815
repeat-burst,32,anubis-d5-nosolve,requests,p50_ms,10,15.780165649999999,15.527513500000005,4.695041083388414,13.119387763749994,18.6380637225
repeat-burst,32,anubis-d5-nosolve,requests,p95_ms,10,62.42983756499999,62.35508242499999,9.051327330471675,57.086266765,67.70404640037499
repeat-burst,32,anubis-d5-nosolve,requests,p99_ms,10,81.51762581000003,79.89361478500001,18.84694037964945,70.92484797775002,92.98484071490003
repeat-burst,32,anubis-d5-nosolve,requests,server_peak_sampled_rss_bytes,10,55907942.4,55519232.0,1602450.26793645,54969538.559999995,56857006.08
repeat-burst,32,anubis-d5-nosolve,requests,total_client_wire_read_bytes,10,140906.4,140899.0,24.690078979217542,140892.2,140921.1
repeat-burst,32,anubis-d5-nosolve,requests,total_client_wire_written_bytes,10,10128,10128.0,0.0,10128.0,10128.0
repeat-burst,32,anubis-d5-nosolve,requests,nginx_hit_fraction,10,0.0,0.0,0.0,0.0,0.0
repeat-burst,32,anubis-d5-solve,requests,origin_cpu_seconds_per_1000_attempts,10,6.827803125,6.8221718749999996,0.1215294630289898,6.759877187499999,6.900003593749999
repeat-burst,32,anubis-d5-solve,requests,origin_executions,10,32,32.0,0.0,32.0,32.0
repeat-burst,32,anubis-d5-solve,requests,origin_max_concurrency,10,1.5,1.5,0.5270462766947299,1.2,1.8
repeat-burst,32,anubis-d5-solve,requests,server_cpu_seconds,10,0.9881689,0.9828192499999999,0.021261743893303903,0.97614550175,1.00086359425
repeat-burst,32,anubis-d5-solve,requests,client_cpu_seconds,10,15.75488208,16.15178145,2.4881564009775077,14.259373142,17.179620846499997
repeat-burst,32,anubis-d5-solve,requests,delivered_fraction,10,1.0,1.0,0.0,1.0,1.0
repeat-burst,32,anubis-d5-solve,requests,delivered_per_second,10,3.886764188941669,3.70637819358745,0.763005068639923,3.470542828984116,4.371945941579561
repeat-burst,32,anubis-d5-solve,requests,attempted_per_second,10,3.886764188941669,3.70637819358745,0.763005068639923,3.469142661751282,4.353585184454332
repeat-burst,32,anubis-d5-solve,requests,p50_ms,10,279.18325135000003,287.94278599999996,106.4757422712911,216.00347792,341.65163695125
repeat-burst,32,anubis-d5-solve,requests,p95_ms,10,6878.240223665,7035.9344812,956.1923343061251,6302.682205797375,7415.5716547434995
repeat-burst,32,anubis-d5-solve,requests,p99_ms,10,7740.384140359001,7921.99168293,1342.3456296729807,6955.523212822601,8508.956825510726
repeat-burst,32,anubis-d5-solve,requests,server_peak_sampled_rss_bytes,10,81729126.4,80633856.0,10017641.722188791,76385710.08000001,88047001.6
repeat-burst,32,anubis-d5-solve,requests,total_client_wire_read_bytes,10,548895.8,548898.0,18.250114154894117,548884.7,548905.9025
repeat-burst,32,anubis-d5-solve,requests,total_client_wire_written_bytes,10,41040.4,41037.5,6.363087999461338,41036.8,41044.2
repeat-burst,32,anubis-d5-solve,requests,nginx_hit_fraction,10,0.0,0.0,0.0,0.0,0.0
repeat-burst,32,bounded-cold,requests,origin_cpu_seconds_per_1000_attempts,10,0.0,0.0,0.0,0.0,0.0
repeat-burst,32,bounded-cold,requests,origin_executions,10,0,0.0,0.0,0.0,0.0
repeat-burst,32,bounded-cold,requests,origin_max_concurrency,10,0,0.0,0.0,0.0,0.0
repeat-burst,32,bounded-cold,requests,server_cpu_seconds,10,0.29673025,0.30386529999999995,0.015606229749419508,0.28749221825,0.305604914
repeat-burst,32,bounded-cold,requests,client_cpu_seconds,10,0.92198999,0.92115575,0.009810059602656185,0.9161678197500001,0.92767754625
repeat-burst,32,bounded-cold,requests,delivered_fraction,10,0.0,0.0,0.0,0.0,0.0
repeat-burst,32,bounded-cold,requests,delivered_per_second,10,0.0,0.0,0.0,0.0,0.0
repeat-burst,32,bounded-cold,requests,attempted_per_second,10,47.71707220519881,47.69081078130063,1.669849492244661,46.694416610062014,48.79376745944178
repeat-burst,32,bounded-cold,requests,p50_ms,10,73.05295339999999,71.86045649999998,11.975521288663272,66.55340059624999,80.46893446749999
repeat-burst,32,bounded-cold,requests,p95_ms,10,122.95715618,117.87623314999999,24.17719197682442,109.57623728099999,138.17582560999998
repeat-burst,32,bounded-cold,requests,p99_ms,10,129.894564398,121.82968849,25.408076094718744,115.79660730072501,145.425524024275
repeat-burst,32,bounded-cold,requests,server_peak_sampled_rss_bytes,10,96465715.2,96520192.0,1298103.618061431,95677634.56,97212006.4
repeat-burst,32,bounded-cold,requests,total_client_wire_read_bytes,10,612800,612800.0,0.0,612800.0,612800.0
repeat-burst,32,bounded-cold,requests,total_client_wire_written_bytes,10,15344,15344.0,0.0,15344.0,15344.0
repeat-burst,32,bounded-cold,requests,nginx_hit_fraction,10,0.0,0.0,0.0,0.0,0.0
repeat-burst,32,bounded-cold,requests,artifact_hit_fraction,10,0.0,0.0,0.0,0.0,0.0
repeat-burst,32,bounded-warm,requests,origin_cpu_seconds_per_1000_attempts,10,0.0,0.0,0.0,0.0,0.0
repeat-burst,32,bounded-warm,requests,origin_executions,10,0,0.0,0.0,0.0,0.0
repeat-burst,32,bounded-warm,requests,origin_max_concurrency,10,0,0.0,0.0,0.0,0.0
repeat-burst,32,bounded-warm,requests,server_cpu_seconds,10,0.26166741000000004,0.26222005000000004,0.013696260863011678,0.253595465,0.26961217075
repeat-burst,32,bounded-warm,requests,client_cpu_seconds,10,0.92798807,0.9169037,0.02859627081227552,0.913304828,0.9465447425
repeat-burst,32,bounded-warm,requests,delivered_fraction,10,1.0,1.0,0.0,1.0,1.0
repeat-burst,32,bounded-warm,requests,delivered_per_second,10,47.07011080766034,47.67578117853269,2.228828313327714,45.68923128593538,48.46413292236563
repeat-burst,32,bounded-warm,requests,attempted_per_second,10,47.07011080766034,47.67578117853269,2.228828313327714,45.69085551786409,48.46327604371136
repeat-burst,32,bounded-warm,requests,p50_ms,10,69.06193605,69.25387725000003,7.954516552493978,64.60815488249999,74.06918446249998
repeat-burst,32,bounded-warm,requests,p95_ms,10,119.60796356,112.78702755,18.894133406145986,109.24757789762499,131.068861405625
repeat-burst,32,bounded-warm,requests,p99_ms,10,124.34685451300001,119.15784154000004,16.590607045222246,115.35574524092502,134.60605149179997
repeat-burst,32,bounded-warm,requests,server_peak_sampled_rss_bytes,10,98979840,98560000.0,1364625.9073958695,98215495.68,99836723.2
repeat-burst,32,bounded-warm,requests,total_client_wire_read_bytes,10,1067752,1067752.0,0.0,1067752.0,1067752.0
repeat-burst,32,bounded-warm,requests,total_client_wire_written_bytes,10,15344,15344.0,0.0,15344.0,15344.0
repeat-burst,32,bounded-warm,requests,nginx_hit_fraction,10,0.0,0.0,0.0,0.0,0.0
repeat-burst,32,bounded-warm,requests,artifact_hit_fraction,10,1.0,1.0,0.0,1.0,1.0
repeat-burst,32,cgit,requests,origin_cpu_seconds_per_1000_attempts,10,6.818346875,6.854921874999999,0.13695639421765116,6.732205781249999,6.8932125
repeat-burst,32,cgit,requests,origin_executions,10,32,32.0,0.0,32.0,32.0
repeat-burst,32,cgit,requests,origin_max_concurrency,10,2,2.0,0.0,2.0,2.0
repeat-burst,32,cgit,requests,server_cpu_seconds,10,0.94354083,0.95149375,0.01611746594998729,0.933067156,0.95224785475
repeat-burst,32,cgit,requests,client_cpu_seconds,10,0.86333853,0.86444,0.03320480102819973,0.8444577,0.88381766175
repeat-burst,32,cgit,requests,delivered_fraction,10,1.0,1.0,0.0,1.0,1.0
repeat-burst,32,cgit,requests,delivered_per_second,10,34.74987693147477,34.743128679749404,0.9063353181413771,34.18713480969817,35.3294834173145
repeat-burst,32,cgit,requests,attempted_per_second,10,34.74987693147477,34.743128679749404,0.9063353181413771,34.18606500758016,35.333637756256046
repeat-burst,32,cgit,requests,p50_ms,10,220.3706689,219.0656335,9.970650651597927,214.7180237925,226.38574585124996
repeat-burst,32,cgit,requests,p95_ms,10,290.051571165,286.781230875,11.891616395106208,283.797441734375,297.83072907275
repeat-burst,32,cgit,requests,p99_ms,10,315.80574996000007,295.5537397300001,43.63202481125007,293.51983391510004,344.3549005089501
repeat-burst,32,cgit,requests,server_peak_sampled_rss_bytes,10,57659801.6,58583040.0,4248949.119332691,55041638.4,60059719.68
repeat-burst,32,cgit,requests,total_client_wire_read_bytes,10,464104,464104.0,0.0,464104.0,464104.0
repeat-burst,32,cgit,requests,total_client_wire_written_bytes,10,8064,8064.0,0.0,8064.0,8064.0
repeat-burst,32,cgit,requests,nginx_hit_fraction,10,0.0,0.0,0.0,0.0,0.0
repeat-burst,32,nginx-cold,requests,origin_cpu_seconds_per_1000_attempts,10,0.8803749999999999,0.88290625,0.05072530786145008,0.8511642187499999,0.91049375
repeat-burst,32,nginx-cold,requests,origin_executions,10,4,4.0,0.0,4.0,4.0
repeat-burst,32,nginx-cold,requests,origin_max_concurrency,10,2,2.0,0.0,2.0,2.0
repeat-burst,32,nginx-cold,requests,server_cpu_seconds,10,0.12753332,0.1268499,0.006321461771844299,0.12397952699999999,0.13132605075
repeat-burst,32,nginx-cold,requests,client_cpu_seconds,10,0.85117639,0.8394952,0.03457826946185357,0.833709897,0.87348101775
repeat-burst,32,nginx-cold,requests,delivered_fraction,10,1.0,1.0,0.0,1.0,1.0
repeat-burst,32,nginx-cold,requests,delivered_per_second,10,34.32459365968237,34.661380179409875,0.7546143458835762,33.793783760747985,34.69143350478959
repeat-burst,32,nginx-cold,requests,attempted_per_second,10,34.32459365968237,34.661380179409875,0.7546143458835762,33.794795580448934,34.690330080499095
repeat-burst,32,nginx-cold,requests,p50_ms,10,12.281202650000004,9.443726999999996,6.751017191526583,8.598016814999998,16.48997359
repeat-burst,32,nginx-cold,requests,p95_ms,10,519.45296631,517.08785375,8.764046749592945,514.7809422948749,524.981140205
repeat-burst,32,nginx-cold,requests,p99_ms,10,528.985993993,528.4134538850001,8.415145603807169,524.2441762715499,534.002943157125
repeat-burst,32,nginx-cold,requests,server_peak_sampled_rss_bytes,10,45430784,43235328.0,11430050.949165964,39336488.96,52766259.19999999
repeat-burst,32,nginx-cold,requests,total_client_wire_read_bytes,10,464652,464652.0,0.0,464652.0,464652.0
repeat-burst,32,nginx-cold,requests,total_client_wire_written_bytes,10,8064,8064.0,0.0,8064.0,8064.0
repeat-burst,32,nginx-cold,requests,nginx_hit_fraction,10,0.875,0.875,0.0,0.875,0.875
repeat-burst,32,nginx-warm,requests,origin_cpu_seconds_per_1000_attempts,10,0.0,0.0,0.0,0.0,0.0
repeat-burst,32,nginx-warm,requests,origin_executions,10,0,0.0,0.0,0.0,0.0
repeat-burst,32,nginx-warm,requests,origin_max_concurrency,10,0,0.0,0.0,0.0,0.0
repeat-burst,32,nginx-warm,requests,server_cpu_seconds,10,0.0027781500000000044,0.0027705499999999966,0.00011220135917180698,0.002713589250000002,0.0028441400000000063
repeat-burst,32,nginx-warm,requests,client_cpu_seconds,10,0.88757802,0.88326845,0.03103973331592914,0.87124322125,0.907057207
repeat-burst,32,nginx-warm,requests,delivered_fraction,10,1.0,1.0,0.0,1.0,1.0
repeat-burst,32,nginx-warm,requests,delivered_per_second,10,62.924954978227035,61.55283237389946,3.9415286851315985,60.534261978536605,65.41191264336445
repeat-burst,32,nginx-warm,requests,attempted_per_second,10,62.924954978227035,61.55283237389946,3.9415286851315985,60.53478178755588,65.42827482190971
repeat-burst,32,nginx-warm,requests,p50_ms,10,5.780315149999996,5.957386,0.6229636495964284,5.366935549999991,6.019977199999995
repeat-burst,32,nginx-warm,requests,p95_ms,10,48.51255811,49.637894625000015,8.911202025445625,43.08578027,53.74643495937501
repeat-burst,32,nginx-warm,requests,p99_ms,10,64.58546781100003,66.18484501,11.582327237544602,57.77610260700001,71.28246897257502
repeat-burst,32,nginx-warm,requests,server_peak_sampled_rss_bytes,10,30289510.4,30359552.0,323750.7351017652,30096168.96,30474240.0
repeat-burst,32,nginx-warm,requests,total_client_wire_read_bytes,10,464648,464648.0,0.0,464648.0,464648.0
repeat-burst,32,nginx-warm,requests,total_client_wire_written_bytes,10,8064,8064.0,0.0,8064.0,8064.0
repeat-burst,32,nginx-warm,requests,nginx_hit_fraction,10,1.0,1.0,0.0,1.0,1.0
repeat-burst,128,anubis-d4-solve,requests,origin_cpu_seconds_per_1000_attempts,10,7.085249999999999,7.082171875,0.09753475164154445,7.0285028710937505,7.14246333984375
repeat-burst,128,anubis-d4-solve,requests,origin_executions,10,128,128.0,0.0,128.0,128.0
repeat-burst,128,anubis-d4-solve,requests,origin_max_concurrency,10,2,2.0,0.0,2.0,2.0
repeat-burst,128,anubis-d4-solve,requests,server_cpu_seconds,10,3.97798029,3.9835882999999996,0.05518755644884379,3.9446953464999996,4.0098896
repeat-burst,128,anubis-d4-solve,requests,client_cpu_seconds,10,2.37877729,2.4215878,0.2549045385995333,2.22785746175,2.524940183
repeat-burst,128,anubis-d4-solve,requests,delivered_fraction,10,1.0,1.0,0.0,1.0,1.0
repeat-burst,128,anubis-d4-solve,requests,delivered_per_second,10,46.484268581898796,46.53904794467674,1.3676849004351797,45.648590864973905,47.24760706174943
repeat-burst,128,anubis-d4-solve,requests,attempted_per_second,10,46.484268581898796,46.53904794467674,1.3676849004351797,45.6654199076848,47.250072642167346
repeat-burst,128,anubis-d4-solve,requests,p50_ms,10,226.7023917,220.72169199999996,21.02580469445551,214.58175265875002,239.009761915
repeat-burst,128,anubis-d4-solve,requests,p95_ms,10,653.7517227449996,648.9574885999996,77.59298416366023,610.1729054771245,701.7424861627496
repeat-burst,128,anubis-d4-solve,requests,p99_ms,10,891.6504938370001,879.4056847300001,115.76123377877359,826.4492055118751,962.9447154211002
repeat-burst,128,anubis-d4-solve,requests,server_peak_sampled_rss_bytes,10,107158323.2,108007424.0,5468617.324929276,103897866.24000001,110344683.52
repeat-burst,128,anubis-d4-solve,requests,total_client_wire_read_bytes,10,1941207.2,1941207.0,13.464356237447406,1941199.5,1941215.3
repeat-burst,128,anubis-d4-solve,requests,total_client_wire_written_bytes,10,121961.2,121959.5,16.870750493745742,121951.0,121970.5025
repeat-burst,128,anubis-d4-solve,requests,nginx_hit_fraction,10,0.0,0.0,0.0,0.0,0.0
repeat-burst,128,anubis-d5-nosolve,requests,origin_cpu_seconds_per_1000_attempts,10,0.0,0.0,0.0,0.0,0.0
repeat-burst,128,anubis-d5-nosolve,requests,origin_executions,10,0,0.0,0.0,0.0,0.0
repeat-burst,128,anubis-d5-nosolve,requests,origin_max_concurrency,10,0,0.0,0.0,0.0,0.0
repeat-burst,128,anubis-d5-nosolve,requests,server_cpu_seconds,10,0.04696878,0.045353199999999996,0.0042885461669687356,0.0446420535,0.04970527875
repeat-burst,128,anubis-d5-nosolve,requests,client_cpu_seconds,10,1.02742546,1.0279033499999999,0.03258936179778781,1.0094643927499998,1.04709572
repeat-burst,128,anubis-d5-nosolve,requests,delivered_fraction,10,0.0,0.0,0.0,0.0,0.0
repeat-burst,128,anubis-d5-nosolve,requests,delivered_per_second,10,0.0,0.0,0.0,0.0,0.0
repeat-burst,128,anubis-d5-nosolve,requests,attempted_per_second,10,220.86164651075373,224.48097030741422,7.656497591757143,215.45310236779127,224.54111118296478
repeat-burst,128,anubis-d5-nosolve,requests,p50_ms,10,7.11165745,7.237976750000016,0.7032565569225616,6.64792211250001,7.473626532499995
repeat-burst,128,anubis-d5-nosolve,requests,p95_ms,10,44.62043913499997,43.830629374999994,4.093174733722714,42.38519582024996,47.15457399074997
repeat-burst,128,anubis-d5-nosolve,requests,p99_ms,10,76.11759075800005,76.47201246000006,10.63512363507875,70.05421341087502,82.49716313622505
repeat-burst,128,anubis-d5-nosolve,requests,server_peak_sampled_rss_bytes,10,57370214.4,57268224.0,1216805.7180772943,56679608.32,58098903.04
repeat-burst,128,anubis-d5-nosolve,requests,total_client_wire_read_bytes,10,563654.9,563661.5,90.15351105506404,563602.0,563706.5
repeat-burst,128,anubis-d5-nosolve,requests,total_client_wire_written_bytes,10,46704,46704.0,0.0,46704.0,46704.0
repeat-burst,128,anubis-d5-nosolve,requests,nginx_hit_fraction,10,0.0,0.0,0.0,0.0,0.0
repeat-burst,128,anubis-d5-solve,requests,origin_cpu_seconds_per_1000_attempts,10,7.04562734375,7.0410703125,0.14577023407276496,6.9671792773437495,7.1384933593749995
repeat-burst,128,anubis-d5-solve,requests,origin_executions,10,128,128.0,0.0,128.0,128.0
repeat-burst,128,anubis-d5-solve,requests,origin_max_concurrency,10,2,2.0,0.0,2.0,2.0
repeat-burst,128,anubis-d5-solve,requests,server_cpu_seconds,10,3.9975145899999998,3.986465,0.10190780342415663,3.9413003537500004,4.059968197
repeat-burst,128,anubis-d5-solve,requests,client_cpu_seconds,10,17.78344916,16.9900615,4.7557912471107615,15.27272131075,20.81449686325
repeat-burst,128,anubis-d5-solve,requests,delivered_fraction,10,1.0,1.0,0.0,1.0,1.0
repeat-burst,128,anubis-d5-solve,requests,delivered_per_second,10,13.708541769864174,13.143890523178719,3.1391632050762994,11.817949917933968,15.521196979127476
repeat-burst,128,anubis-d5-solve,requests,attempted_per_second,10,13.708541769864174,13.143890523178719,3.1391632050762994,11.845705284847817,15.49767583732839
repeat-burst,128,anubis-d5-solve,requests,p50_ms,10,70.13480414999992,70.10785224999995,0.13343610969341768,70.06041853124998,70.21741884499977
repeat-burst,128,anubis-d5-solve,requests,p95_ms,10,5119.455690924997,4692.593989849996,1233.8021342496675,4446.068924415997,5863.831880745623
repeat-burst,128,anubis-d5-solve,requests,p99_ms,10,8014.970045549002,7556.130978985002,2094.0692497553923,6851.367815742602,9325.287539656476
repeat-burst,128,anubis-d5-solve,requests,server_peak_sampled_rss_bytes,10,92885811.2,93489152.0,8110881.185835521,88288460.8,97758085.12
repeat-burst,128,anubis-d5-solve,requests,total_client_wire_read_bytes,10,1941202.1,1941204.0,17.810421418683813,1941191.4,1941211.8025
repeat-burst,128,anubis-d5-solve,requests,total_client_wire_written_bytes,10,121972.3,121972.0,18.11721097005092,121961.5975,121982.6
repeat-burst,128,anubis-d5-solve,requests,nginx_hit_fraction,10,0.0,0.0,0.0,0.0,0.0
repeat-burst,128,bounded-cold,requests,origin_cpu_seconds_per_1000_attempts,10,0.0,0.0,0.0,0.0,0.0
repeat-burst,128,bounded-cold,requests,origin_executions,10,0,0.0,0.0,0.0,0.0
repeat-burst,128,bounded-cold,requests,origin_max_concurrency,10,0,0.0,0.0,0.0,0.0
repeat-burst,128,bounded-cold,requests,server_cpu_seconds,10,0.62666059,0.6269353000000001,0.027622205765870884,0.61146790325,0.64381505475
repeat-burst,128,bounded-cold,requests,client_cpu_seconds,10,1.04827637,1.0520193,0.014084226749259434,1.039524632,1.0559425485
repeat-burst,128,bounded-cold,requests,delivered_fraction,10,0.0,0.0,0.0,0.0,0.0
repeat-burst,128,bounded-cold,requests,delivered_per_second,10,0.0,0.0,0.0,0.0,0.0
repeat-burst,128,bounded-cold,requests,attempted_per_second,10,151.37939753120963,151.26612186326884,4.742129540792308,148.660836719451,154.10643017935536
repeat-burst,128,bounded-cold,requests,p50_ms,10,25.71878735000001,25.07527475000002,1.9285535409761125,24.704250807500014,26.924982730000007
repeat-burst,128,bounded-cold,requests,p95_ms,10,121.24747296,110.65512064999999,31.080914087602363,104.952845785,141.24584865875
repeat-burst,128,bounded-cold,requests,p99_ms,10,125.72315632600001,115.38370062000001,30.194579511632696,109.577619421675,144.57671751212501
repeat-burst,128,bounded-cold,requests,server_peak_sampled_rss_bytes,10,99058483.2,99770368.0,1741676.0558504686,98013583.36,100059965.44
repeat-burst,128,bounded-cold,requests,total_client_wire_read_bytes,10,625760,625760.0,0.0,625760.0,625760.0
repeat-burst,128,bounded-cold,requests,total_client_wire_written_bytes,10,39536,39536.0,0.0,39536.0,39536.0
repeat-burst,128,bounded-cold,requests,nginx_hit_fraction,10,0.0,0.0,0.0,0.0,0.0
repeat-burst,128,bounded-cold,requests,artifact_hit_fraction,10,0.0,0.0,0.0,0.0,0.0
repeat-burst,128,bounded-warm,requests,origin_cpu_seconds_per_1000_attempts,10,0.0,0.0,0.0,0.0,0.0
repeat-burst,128,bounded-warm,requests,origin_executions,10,0,0.0,0.0,0.0,0.0
repeat-burst,128,bounded-warm,requests,origin_max_concurrency,10,0,0.0,0.0,0.0,0.0
repeat-burst,128,bounded-warm,requests,server_cpu_seconds,10,0.60679804,0.6122270000000001,0.024650068649766953,0.59142088025,0.6199899497500001
repeat-burst,128,bounded-warm,requests,client_cpu_seconds,10,1.05171362,1.052602,0.020544973666341528,1.03981446,1.063694806
repeat-burst,128,bounded-warm,requests,delivered_fraction,10,1.0,1.0,0.0,1.0,1.0
repeat-burst,128,bounded-warm,requests,delivered_per_second,10,150.59423834985643,151.36253693383276,6.108464674680696,147.04587072751923,154.10231105806324
repeat-burst,128,bounded-warm,requests,attempted_per_second,10,150.59423834985643,151.36253693383276,6.108464674680696,147.05328052837945,154.11570732349136
repeat-burst,128,bounded-warm,requests,p50_ms,10,27.07287699999999,27.69662024999998,2.7521816004446418,25.262854150000003,28.2861938425
repeat-burst,128,bounded-warm,requests,p95_ms,10,114.32063434499996,109.899742575,18.229507382558545,104.2902565045,125.51196789812496
repeat-burst,128,bounded-warm,requests,p99_ms,10,127.71991152700001,121.55165460500001,21.613917033646516,115.861992073975,140.817325193575
repeat-burst,128,bounded-warm,requests,server_peak_sampled_rss_bytes,10,113393664,113451008.0,1265888.5899260207,112635064.32,114126059.52
repeat-burst,128,bounded-warm,requests,total_client_wire_read_bytes,10,2445568,2445568.0,0.0,2445568.0,2445568.0
repeat-burst,128,bounded-warm,requests,total_client_wire_written_bytes,10,39536,39536.0,0.0,39536.0,39536.0
repeat-burst,128,bounded-warm,requests,nginx_hit_fraction,10,0.0,0.0,0.0,0.0,0.0
repeat-burst,128,bounded-warm,requests,artifact_hit_fraction,10,1.0,1.0,0.0,1.0,1.0
repeat-burst,128,cgit,requests,origin_cpu_seconds_per_1000_attempts,10,6.88914765625,6.896816406249999,0.06551563042922878,6.850340976562499,6.9267126171874995
repeat-burst,128,cgit,requests,origin_executions,10,128,128.0,0.0,128.0,128.0
repeat-burst,128,cgit,requests,origin_max_concurrency,10,2,2.0,0.0,2.0,2.0
repeat-burst,128,cgit,requests,server_cpu_seconds,10,3.79325947,3.79838385,0.03409869619677725,3.77265182,3.8124832530000003
repeat-burst,128,cgit,requests,client_cpu_seconds,10,0.99980335,0.992004,0.0366115620519666,0.9801165105,1.02279529
repeat-burst,128,cgit,requests,delivered_fraction,10,1.0,1.0,0.0,1.0,1.0
repeat-burst,128,cgit,requests,delivered_per_second,10,52.79028975587548,52.77041886221215,0.7421255529083333,52.3487198951356,53.237161235666285
repeat-burst,128,cgit,requests,attempted_per_second,10,52.79028975587548,52.77041886221215,0.7421255529083333,52.346639299587004,53.23592248854864
repeat-burst,128,cgit,requests,p50_ms,10,248.3472051,249.921497,4.248430095702553,245.4918322225,250.54721350749998
repeat-burst,128,cgit,requests,p95_ms,10,285.773034555,285.3818154,3.9525410776425574,283.4213557048749,288.053400022
repeat-burst,128,cgit,requests,p99_ms,10,312.7300688820001,295.4113431850001,40.80162747716337,292.1629598905251,340.73836281317523
repeat-burst,128,cgit,requests,server_peak_sampled_rss_bytes,10,67120332.8,68880384.0,6471755.121701837,63106897.92,70634291.2
repeat-burst,128,cgit,requests,total_client_wire_read_bytes,10,1856416,1856416.0,0.0,1856416.0,1856416.0
repeat-burst,128,cgit,requests,total_client_wire_written_bytes,10,32256,32256.0,0.0,32256.0,32256.0
repeat-burst,128,cgit,requests,nginx_hit_fraction,10,0.0,0.0,0.0,0.0,0.0
repeat-burst,128,nginx-cold,requests,origin_cpu_seconds_per_1000_attempts,10,0.21951015624999998,0.22012500000000002,0.014907281826658356,0.21092337890625,0.22841910156249998
repeat-burst,128,nginx-cold,requests,origin_executions,10,4,4.0,0.0,4.0,4.0
repeat-burst,128,nginx-cold,requests,origin_max_concurrency,10,2,2.0,0.0,2.0,2.0
repeat-burst,128,nginx-cold,requests,server_cpu_seconds,10,0.13086236,0.1299558,0.007112444907999879,0.126895619,0.13521083374999998
repeat-burst,128,nginx-cold,requests,client_cpu_seconds,10,0.94614658,0.9304762,0.03359357638811323,0.928698079,0.9673654577499999
repeat-burst,128,nginx-cold,requests,delivered_fraction,10,1.0,1.0,0.0,1.0,1.0
repeat-burst,128,nginx-cold,requests,delivered_per_second,10,130.92078571537928,131.53256151399114,1.9532866982187183,129.66806754651333,131.59029537422754
repeat-burst,128,nginx-cold,requests,attempted_per_second,10,130.92078571537928,131.53256151399114,1.9532866982187183,129.6651735204031,131.59165482545768
repeat-burst,128,nginx-cold,requests,p50_ms,10,0.6773713000000043,0.6605407500000098,0.05826192556473159,0.6458065762500168,0.7137598812500111
repeat-burst,128,nginx-cold,requests,p95_ms,10,507.35047854,506.81306630000006,1.8158723621058905,506.565201155,508.542801061125
repeat-burst,128,nginx-cold,requests,p99_ms,10,529.8379749530001,537.893695825,15.586363452266196,520.651263193325,538.576913826
repeat-burst,128,nginx-cold,requests,server_peak_sampled_rss_bytes,10,44317081.6,42223616.0,11120213.494878307,38126336.0,51180718.08
repeat-burst,128,nginx-cold,requests,total_client_wire_read_bytes,10,1858596,1858596.0,0.0,1858596.0,1858596.0
repeat-burst,128,nginx-cold,requests,total_client_wire_written_bytes,10,32256,32256.0,0.0,32256.0,32256.0
repeat-burst,128,nginx-cold,requests,nginx_hit_fraction,10,0.96875,0.96875,0.0,0.96875,0.96875
repeat-burst,128,nginx-warm,requests,origin_cpu_seconds_per_1000_attempts,10,0.0,0.0,0.0,0.0,0.0
repeat-burst,128,nginx-warm,requests,origin_executions,10,0,0.0,0.0,0.0,0.0
repeat-burst,128,nginx-warm,requests,origin_max_concurrency,10,0,0.0,0.0,0.0,0.0
repeat-burst,128,nginx-warm,requests,server_cpu_seconds,10,0.006666430000000001,0.006568150000000009,0.0003390428981379419,0.006482338750000008,0.0068784752499999975
repeat-burst,128,nginx-warm,requests,client_cpu_seconds,10,1.01874837,1.00222085,0.05530737459105855,0.98750537475,1.05176899075
repeat-burst,128,nginx-warm,requests,delivered_fraction,10,1.0,1.0,0.0,1.0,1.0
repeat-burst,128,nginx-warm,requests,delivered_per_second,10,222.80787084460346,223.99179911125563,10.932287495085948,217.01126648613655,229.01484744843643
repeat-burst,128,nginx-warm,requests,attempted_per_second,10,222.80787084460346,223.99179911125563,10.932287495085948,217.02083502728772,228.9545586485598
repeat-burst,128,nginx-warm,requests,p50_ms,10,0.7416124999999993,0.724411250000017,0.07716069509364237,0.6984228499999944,0.7903700362499981
repeat-burst,128,nginx-warm,requests,p95_ms,10,40.54096479499998,39.578705324999994,10.934353146748634,34.21157109262498,47.10120300224997
repeat-burst,128,nginx-warm,requests,p99_ms,10,67.69367455100004,69.33669300000008,9.778670892828288,61.93370308152504,73.49624645400004
repeat-burst,128,nginx-warm,requests,server_peak_sampled_rss_bytes,10,30324326.4,30238720.0,363656.7319691592,30117877.76,30544701.439999998
repeat-burst,128,nginx-warm,requests,total_client_wire_read_bytes,10,1858592,1858592.0,0.0,1858592.0,1858592.0
repeat-burst,128,nginx-warm,requests,total_client_wire_written_bytes,10,32256,32256.0,0.0,32256.0,32256.0
repeat-burst,128,nginx-warm,requests,nginx_hit_fraction,10,1.0,1.0,0.0,1.0,1.0
repeat-burst,512,anubis-d4-solve,requests,origin_cpu_seconds_per_1000_attempts,10,6.9557234375,6.966404296875,0.06509803761644682,6.916088583984374,6.993237163085937
repeat-burst,512,anubis-d4-solve,requests,origin_executions,10,512,512.0,0.0,512.0,512.0
repeat-burst,512,anubis-d4-solve,requests,origin_max_concurrency,10,2,2.0,0.0,2.0,2.0
repeat-burst,512,anubis-d4-solve,requests,server_cpu_seconds,10,15.572778119999999,15.62426305,0.21036741724567284,15.447863504999999,15.69521967625
repeat-burst,512,anubis-d4-solve,requests,client_cpu_seconds,10,2.85363262,2.7329703,0.40095387661357923,2.62055547925,3.09531974
repeat-burst,512,anubis-d4-solve,requests,delivered_fraction,10,1.0,1.0,0.0,1.0,1.0
repeat-burst,512,anubis-d4-solve,requests,delivered_per_second,10,57.892459060002885,57.74147973386043,1.052130749597216,57.30101053009028,58.54515699049484
repeat-burst,512,anubis-d4-solve,requests,attempted_per_second,10,57.892459060002885,57.74147973386043,1.052130749597216,57.324673049113684,58.54582920984125
repeat-burst,512,anubis-d4-solve,requests,p50_ms,10,252.64805249999998,250.00993225000025,4.275013809118537,250.35407980375,255.3744106500001
repeat-burst,512,anubis-d4-solve,requests,p95_ms,10,290.40900433,290.02513880000004,8.15026888936094,285.5425341767501,295.26596812749983
repeat-burst,512,anubis-d4-solve,requests,p99_ms,10,758.8408642929992,767.7787387599988,171.02098124869335,658.5278325230244,856.3162810092988
repeat-burst,512,anubis-d4-solve,requests,server_peak_sampled_rss_bytes,10,116176896,115378176.0,3372586.279916481,114264832.0,118233200.64
repeat-burst,512,anubis-d4-solve,requests,total_client_wire_read_bytes,10,7510427.9,7510449.5,77.85092592041964,7510375.597499999,7510460.9
repeat-burst,512,anubis-d4-solve,requests,total_client_wire_written_bytes,10,445679.7,445676.0,23.730196421905617,445666.0,445693.9025
repeat-burst,512,anubis-d4-solve,requests,nginx_hit_fraction,10,0.0,0.0,0.0,0.0,0.0
repeat-burst,512,anubis-d5-nosolve,requests,origin_cpu_seconds_per_1000_attempts,10,0.0,0.0,0.0,0.0,0.0
repeat-burst,512,anubis-d5-nosolve,requests,origin_executions,10,0,0.0,0.0,0.0,0.0
repeat-burst,512,anubis-d5-nosolve,requests,origin_max_concurrency,10,0,0.0,0.0,0.0,0.0
repeat-burst,512,anubis-d5-nosolve,requests,server_cpu_seconds,10,0.15061635,0.1483534,0.006990512605151192,0.14678409200000003,0.1549835625
repeat-burst,512,anubis-d5-nosolve,requests,client_cpu_seconds,10,1.30771817,1.29684255,0.05570175368546011,1.27924173575,1.3438052105
repeat-burst,512,anubis-d5-nosolve,requests,delivered_fraction,10,0.0,0.0,0.0,0.0,0.0
repeat-burst,512,anubis-d5-nosolve,requests,delivered_per_second,10,0.0,0.0,0.0,0.0,0.0
repeat-burst,512,anubis-d5-nosolve,requests,attempted_per_second,10,716.8743688968037,711.3274245523161,28.500754863854326,701.7242464594736,732.7375836593932
repeat-burst,512,anubis-d5-nosolve,requests,p50_ms,10,5.622479750000002,5.734242749999993,0.5267669450917344,5.2916375687500095,5.913817575000001
repeat-burst,512,anubis-d5-nosolve,requests,p95_ms,10,16.898183489999994,17.131691975000003,2.0420401582834056,15.696048495124995,18.036117363999995
repeat-burst,512,anubis-d5-nosolve,requests,p99_ms,10,43.84964678199995,43.848702909999915,5.826132964868381,40.39395823059998,47.251101409299935
repeat-burst,512,anubis-d5-nosolve,requests,server_peak_sampled_rss_bytes,10,60857139.2,61411328.0,1856713.833191247,59702824.96,61926277.120000005
repeat-burst,512,anubis-d5-nosolve,requests,total_client_wire_read_bytes,10,2254658.9,2254616.5,182.062535044052,2254553.8975,2254767.5
repeat-burst,512,anubis-d5-nosolve,requests,total_client_wire_written_bytes,10,193008,193008.0,0.0,193008.0,193008.0
repeat-burst,512,anubis-d5-nosolve,requests,nginx_hit_fraction,10,0.0,0.0,0.0,0.0,0.0
repeat-burst,512,anubis-d5-solve,requests,origin_cpu_seconds_per_1000_attempts,10,7.3617427734375,7.3308691406249995,0.13609986985666186,7.2879067187499995,7.44461201171875
repeat-burst,512,anubis-d5-solve,requests,origin_executions,10,512,512.0,0.0,512.0,512.0
repeat-burst,512,anubis-d5-solve,requests,origin_max_concurrency,10,2,2.0,0.0,2.0,2.0
repeat-burst,512,anubis-d5-solve,requests,server_cpu_seconds,10,16.621448739999998,16.598673650000002,0.355707842490404,16.4230468675,16.835016022999998
repeat-burst,512,anubis-d5-solve,requests,client_cpu_seconds,10,17.26921695,16.382496,3.9263504316780753,15.08080624,19.61143102125
repeat-burst,512,anubis-d5-solve,requests,delivered_fraction,10,1.0,1.0,0.0,1.0,1.0
repeat-burst,512,anubis-d5-solve,requests,delivered_per_second,10,44.22522177985549,44.83548683418328,5.072494125414612,41.123301561521544,47.14449021507351
repeat-burst,512,anubis-d5-solve,requests,attempted_per_second,10,44.22522177985549,44.83548683418328,5.072494125414612,41.24644796463596,47.06037209971519
repeat-burst,512,anubis-d5-solve,requests,p50_ms,10,103.01371049999992,99.81803775000014,21.162856675657466,91.62050705749995,116.28275091999991
repeat-burst,512,anubis-d5-solve,requests,p95_ms,10,167.64868781000024,155.04360012500058,35.38945849851005,149.5286692337503,191.10911774012519
repeat-burst,512,anubis-d5-solve,requests,p99_ms,10,6348.969109335994,6118.510602234993,1457.505375636507,5542.612400865944,7257.271826925494
repeat-burst,512,anubis-d5-solve,requests,server_peak_sampled_rss_bytes,10,106985062.4,107397120.0,3166130.6949309316,105115166.72,108792227.83999999
repeat-burst,512,anubis-d5-solve,requests,total_client_wire_read_bytes,10,7510455.9,7510451.0,23.206560375127644,7510442.6,7510469.6
repeat-burst,512,anubis-d5-solve,requests,total_client_wire_written_bytes,10,445692,445696.0,13.097921802925667,445684.1,445699.0
repeat-burst,512,anubis-d5-solve,requests,nginx_hit_fraction,10,0.0,0.0,0.0,0.0,0.0
repeat-burst,512,bounded-cold,requests,origin_cpu_seconds_per_1000_attempts,10,0.0,0.0,0.0,0.0,0.0
repeat-burst,512,bounded-cold,requests,origin_executions,10,0,0.0,0.0,0.0,0.0
repeat-burst,512,bounded-cold,requests,origin_max_concurrency,10,0,0.0,0.0,0.0,0.0
repeat-burst,512,bounded-cold,requests,server_cpu_seconds,10,1.49364675,1.46872715,0.08089368236648296,1.4569689527499998,1.54739434325
repeat-burst,512,bounded-cold,requests,client_cpu_seconds,10,1.3244538,1.31492995,0.03537727965541979,1.3048540075000001,1.345651929
repeat-burst,512,bounded-cold,requests,delivered_fraction,10,0.0,0.0,0.0,0.0,0.0
repeat-burst,512,bounded-cold,requests,delivered_per_second,10,0.0,0.0,0.0,0.0,0.0
repeat-burst,512,bounded-cold,requests,attempted_per_second,10,402.61026454874116,402.28761176510557,12.552360819003791,395.03675977868295,408.9304287091523
repeat-burst,512,bounded-cold,requests,p50_ms,10,17.689247600000023,17.30593675000003,1.0167643777673512,17.165640530000008,18.334136950000033
repeat-burst,512,bounded-cold,requests,p95_ms,10,44.89089692999998,44.01682627499996,4.1379209992361,42.63219098324999,47.50577016112498
repeat-burst,512,bounded-cold,requests,p99_ms,10,118.58763359299998,124.12524964499993,15.837230616120403,108.19597480479996,126.75829841002498
repeat-burst,512,bounded-cold,requests,server_peak_sampled_rss_bytes,10,139800576,139829248.0,1514055.5567202796,138909214.72,140675481.6
repeat-burst,512,bounded-cold,requests,total_client_wire_read_bytes,10,677600,677600.0,0.0,677600.0,677600.0
repeat-burst,512,bounded-cold,requests,total_client_wire_written_bytes,10,136304,136304.0,0.0,136304.0,136304.0
repeat-burst,512,bounded-cold,requests,nginx_hit_fraction,10,0.0,0.0,0.0,0.0,0.0
repeat-burst,512,bounded-cold,requests,artifact_hit_fraction,10,0.0,0.0,0.0,0.0,0.0
repeat-burst,512,bounded-warm,requests,origin_cpu_seconds_per_1000_attempts,10,0.0,0.0,0.0,0.0,0.0
repeat-burst,512,bounded-warm,requests,origin_executions,10,0,0.0,0.0,0.0,0.0
repeat-burst,512,bounded-warm,requests,origin_max_concurrency,10,0,0.0,0.0,0.0,0.0
repeat-burst,512,bounded-warm,requests,server_cpu_seconds,10,1.6296489299999999,1.6405382999999998,0.05889350490960684,1.593739247,1.6615238715
repeat-burst,512,bounded-warm,requests,client_cpu_seconds,10,1.37746946,1.37416985,0.018573331309296406,1.366586931,1.38830376075
repeat-burst,512,bounded-warm,requests,delivered_fraction,10,1.0,1.0,0.0,1.0,1.0
repeat-burst,512,bounded-warm,requests,delivered_per_second,10,377.17376054823706,373.0603970908229,9.22193640985078,371.6864508906804,382.6425819816564
repeat-burst,512,bounded-warm,requests,attempted_per_second,10,377.17376054823706,373.0603970908229,9.22193640985078,371.6917899816512,382.6393435910943
repeat-burst,512,bounded-warm,requests,p50_ms,10,21.045896149999987,21.186285999999967,1.237072401846983,20.308786574999967,21.75650229249999
repeat-burst,512,bounded-warm,requests,p95_ms,10,48.26141418999998,48.14313697499999,5.031053784722745,45.43820820112497,51.35208031087497
repeat-burst,512,bounded-warm,requests,p99_ms,10,117.55740783599997,107.70750550999998,25.366712491191247,103.5314775989999,133.12714785237492
repeat-burst,512,bounded-warm,requests,server_peak_sampled_rss_bytes,10,167591116.8,170358784.0,5683102.146168583,164173342.72,170849587.20000002
repeat-burst,512,bounded-warm,requests,total_client_wire_read_bytes,10,7956832,7956832.0,0.0,7956832.0,7956832.0
repeat-burst,512,bounded-warm,requests,total_client_wire_written_bytes,10,136304,136304.0,0.0,136304.0,136304.0
repeat-burst,512,bounded-warm,requests,nginx_hit_fraction,10,0.0,0.0,0.0,0.0,0.0
repeat-burst,512,bounded-warm,requests,artifact_hit_fraction,10,1.0,1.0,0.0,1.0,1.0
repeat-burst,512,cgit,requests,origin_cpu_seconds_per_1000_attempts,10,6.9322160156249995,6.911439453125,0.06678162988239227,6.896539853515624,6.9734266796875
repeat-burst,512,cgit,requests,origin_executions,10,512,512.0,0.0,512.0,512.0
repeat-burst,512,cgit,requests,origin_max_concurrency,10,2,2.0,0.0,2.0,2.0
repeat-burst,512,cgit,requests,server_cpu_seconds,10,15.24302563,15.2186165,0.1812825401387508,15.147228403749999,15.355858772
repeat-burst,512,cgit,requests,client_cpu_seconds,10,1.48530003,1.4431769,0.08404441513537221,1.4412502595,1.5397402745
repeat-burst,512,cgit,requests,delivered_fraction,10,1.0,1.0,0.0,1.0,1.0
repeat-burst,512,cgit,requests,delivered_per_second,10,60.95523345680167,61.02050585169416,0.8287584605300102,60.448743507557054,61.41920338166308
repeat-burst,512,cgit,requests,attempted_per_second,10,60.95523345680167,61.02050585169416,0.8287584605300102,60.44885882393815,61.418917352963106
repeat-burst,512,cgit,requests,p50_ms,10,251.30551870000008,249.9226015000001,3.2448228996504733,249.8839620225,253.53437698624998
repeat-burst,512,cgit,requests,p95_ms,10,281.27109354500004,279.9946185250001,3.392001423496202,279.72627061849994,283.4283661147501
repeat-burst,512,cgit,requests,p99_ms,10,295.887224844,294.935036965,8.23970862861239,291.43250333607494,301.004580277
repeat-burst,512,cgit,requests,server_peak_sampled_rss_bytes,10,78316748.8,78178304.0,2249807.560177181,77020753.92,79654103.03999999
repeat-burst,512,cgit,requests,total_client_wire_read_bytes,10,7425664,7425664.0,0.0,7425664.0,7425664.0
repeat-burst,512,cgit,requests,total_client_wire_written_bytes,10,129024,129024.0,0.0,129024.0,129024.0
repeat-burst,512,cgit,requests,nginx_hit_fraction,10,0.0,0.0,0.0,0.0,0.0
repeat-burst,512,nginx-cold,requests,origin_cpu_seconds_per_1000_attempts,10,0.053564453124999994,0.052447265624999996,0.0035243172347319473,0.05171697265625,0.055858828124999996
repeat-burst,512,nginx-cold,requests,origin_executions,10,4,4.0,0.0,4.0,4.0
repeat-burst,512,nginx-cold,requests,origin_max_concurrency,10,1.8,2.0,0.4216370213557839,1.5,2.0
repeat-burst,512,nginx-cold,requests,server_cpu_seconds,10,0.14493836,0.14323165,0.007324284075927758,0.14098165525,0.14953455775
repeat-burst,512,nginx-cold,requests,client_cpu_seconds,10,1.19077555,1.18350865,0.029954075540038493,1.174111085,1.2087536269999999
repeat-burst,512,nginx-cold,requests,delivered_fraction,10,1.0,1.0,0.0,1.0,1.0
repeat-burst,512,nginx-cold,requests,delivered_per_second,10,477.87710156982547,476.84898820157264,19.261512505960557,468.5568542877392,489.992360195077
repeat-burst,512,nginx-cold,requests,attempted_per_second,10,477.87710156982547,476.84898820157264,19.261512505960557,468.509072497309,490.0527727213854
repeat-burst,512,nginx-cold,requests,p50_ms,10,0.7714998999999935,0.7379952499999902,0.1532625371291684,0.6845139687499893,0.8653483049999989
repeat-burst,512,nginx-cold,requests,p95_ms,10,17.447492044999997,17.882083125000023,4.328089056289745,14.93273792999999,19.958639739624992
repeat-burst,512,nginx-cold,requests,p99_ms,10,522.4848278469999,523.339805075,7.045072911276113,518.196701446675,526.350918164625
repeat-burst,512,nginx-cold,requests,server_peak_sampled_rss_bytes,10,51471974.4,48314368.0,10433562.562258856,45421762.559999995,57716398.08
repeat-burst,512,nginx-cold,requests,total_client_wire_read_bytes,10,7434372,7434372.0,0.0,7434372.0,7434372.0
repeat-burst,512,nginx-cold,requests,total_client_wire_written_bytes,10,129024,129024.0,0.0,129024.0,129024.0
repeat-burst,512,nginx-cold,requests,nginx_hit_fraction,10,0.9921875,0.9921875,0.0,0.9921875,0.9921875
repeat-burst,512,nginx-warm,requests,origin_cpu_seconds_per_1000_attempts,10,0.0,0.0,0.0,0.0,0.0
repeat-burst,512,nginx-warm,requests,origin_executions,10,0,0.0,0.0,0.0,0.0
repeat-burst,512,nginx-warm,requests,origin_max_concurrency,10,0,0.0,0.0,0.0,0.0
repeat-burst,512,nginx-warm,requests,server_cpu_seconds,10,0.020495870000000003,0.020369399999999996,0.0013690838413170905,0.019725930999999995,0.021307947250000007
repeat-burst,512,nginx-warm,requests,client_cpu_seconds,10,1.19783798,1.1899001,0.035495032047967286,1.18127548425,1.22152095525
repeat-burst,512,nginx-warm,requests,delivered_fraction,10,1.0,1.0,0.0,1.0,1.0
repeat-burst,512,nginx-warm,requests,delivered_per_second,10,770.3259499264736,763.664530149974,33.20579530476207,752.534287278295,788.9023060753644
repeat-burst,512,nginx-warm,requests,attempted_per_second,10,770.3259499264736,763.664530149974,33.20579530476207,752.4856046472207,788.8750518215454
repeat-burst,512,nginx-warm,requests,p50_ms,10,1.7699916000000002,1.4034367500000116,0.7832329756542126,1.3430231475000032,2.2581836687499988
repeat-burst,512,nginx-warm,requests,p95_ms,10,24.353460354999996,24.382740124999984,2.7940126789003163,22.61737999987499,25.929546703249994
repeat-burst,512,nginx-warm,requests,p99_ms,10,48.14221486899997,46.81415082999996,5.888110582161761,45.06711956192499,51.96514969092495
repeat-burst,512,nginx-warm,requests,server_peak_sampled_rss_bytes,10,30223564.8,30167040.0,275836.5331878043,30063810.560000002,30391910.4
repeat-burst,512,nginx-warm,requests,total_client_wire_read_bytes,10,7434368,7434368.0,0.0,7434368.0,7434368.0
repeat-burst,512,nginx-warm,requests,total_client_wire_written_bytes,10,129024,129024.0,0.0,129024.0,129024.0
repeat-burst,512,nginx-warm,requests,nginx_hit_fraction,10,1.0,1.0,0.0,1.0,1.0
session-churn,256,anubis-d4-solve,requests,origin_cpu_seconds_per_1000_attempts,10,4.88873984375,4.8760351562499995,0.09903356412922515,4.83467890625,4.950005449218749
session-churn,256,anubis-d4-solve,requests,origin_executions,10,128,128.0,0.0,128.0,128.0
session-churn,256,anubis-d4-solve,requests,origin_max_concurrency,10,2,2.0,0.0,2.0,2.0
session-churn,256,anubis-d4-solve,requests,server_cpu_seconds,10,3.66441899,3.6544276,0.057669661926806184,3.63335987575,3.7000781267500003
session-churn,256,anubis-d4-solve,requests,client_cpu_seconds,10,2.67866845,2.678059,0.3950654159842878,2.4443672005000003,2.9083548012500002
session-churn,256,anubis-d4-solve,requests,delivered_fraction,10,1.0,1.0,0.0,1.0,1.0
session-churn,256,anubis-d4-solve,requests,delivered_per_second,10,53.018234931328024,52.7956199981239,0.8656278884749631,52.47538778997554,53.46815505904408
session-churn,256,anubis-d4-solve,requests,attempted_per_second,10,53.018234931328024,52.7956199981239,0.8656278884749631,52.47570847894295,53.46760133067726
session-churn,256,anubis-d4-solve,requests,p50_ms,10,113.33626414999999,111.74942825,4.6552537835138805,110.70813486624995,116.1259185
session-churn,256,anubis-d4-solve,requests,p95_ms,10,243.9114678549999,235.78584294999987,35.76887884246209,223.78331768449996,265.5538718139998
session-churn,256,anubis-d4-solve,requests,p99_ms,10,382.1025684850002,387.7291583450001,53.8560286226745,350.5349667122001,413.2922523257002
session-churn,256,anubis-d4-solve,requests,server_peak_sampled_rss_bytes,10,95816499.2,96419840.0,3718181.9873575848,93462528.0,97897717.75999999
session-churn,256,anubis-d4-solve,requests,total_client_wire_read_bytes,10,1468299.9,1468298.5,24.999777776790115,1468286.2,1468315.4024999999
session-churn,256,anubis-d4-solve,requests,total_client_wire_written_bytes,10,136113.2,136120.0,17.306389314675407,136102.5,136122.7
session-churn,256,anubis-d4-solve,requests,nginx_hit_fraction,10,0.0,0.0,0.0,0.0,0.0
session-churn,256,anubis-d5-nosolve,requests,origin_cpu_seconds_per_1000_attempts,10,0.0,0.0,0.0,0.0,0.0
session-churn,256,anubis-d5-nosolve,requests,origin_executions,10,0,0.0,0.0,0.0,0.0
session-churn,256,anubis-d5-nosolve,requests,origin_max_concurrency,10,0,0.0,0.0,0.0,0.0
session-churn,256,anubis-d5-nosolve,requests,server_cpu_seconds,10,0.04334445,0.04331645,0.0015970027414225396,0.04243912575,0.04432678674999999
session-churn,256,anubis-d5-nosolve,requests,client_cpu_seconds,10,0.5566741,0.5530638999999999,0.022166423762829512,0.544574518,0.570879089
session-churn,256,anubis-d5-nosolve,requests,delivered_fraction,10,0.0,0.0,0.0,0.0,0.0
session-churn,256,anubis-d5-nosolve,requests,delivered_per_second,10,0.0,0.0,0.0,0.0,0.0
session-churn,256,anubis-d5-nosolve,requests,attempted_per_second,10,379.30790434065653,400.5396378497654,28.31022204463204,362.7634242742863,395.79336854931375
session-churn,256,anubis-d5-nosolve,requests,p50_ms,10,1.6682918,1.6034552500000032,0.18979720024896035,1.5726152550000034,1.7935251074999992
session-churn,256,anubis-d5-nosolve,requests,p95_ms,10,14.383684309999978,14.348822499999981,1.9462558172063804,13.255876654999973,15.53062084474998
session-churn,256,anubis-d5-nosolve,requests,p99_ms,10,27.612306767000014,26.18034914000001,5.842016708049159,24.64370631700001,31.424133041625023
session-churn,256,anubis-d5-nosolve,requests,server_peak_sampled_rss_bytes,10,57415680,56911872.0,1740522.3600818487,56437534.720000006,58452008.96
session-churn,256,anubis-d5-nosolve,requests,total_client_wire_read_bytes,10,563624.1,563642.0,69.63308600562426,563581.1,563662.3
session-churn,256,anubis-d5-nosolve,requests,total_client_wire_written_bytes,10,44640,44640.0,0.0,44640.0,44640.0
session-churn,256,anubis-d5-nosolve,requests,nginx_hit_fraction,10,0.0,0.0,0.0,0.0,0.0
session-churn,256,anubis-d5-solve,requests,origin_cpu_seconds_per_1000_attempts,10,4.6839234375,4.680058593749999,0.021130895406215097,4.671272460937499,4.69617341796875
session-churn,256,anubis-d5-solve,requests,origin_executions,10,128,128.0,0.0,128.0,128.0
session-churn,256,anubis-d5-solve,requests,origin_max_concurrency,10,2,2.0,0.0,2.0,2.0
session-churn,256,anubis-d5-solve,requests,server_cpu_seconds,10,3.5750732899999997,3.5711515499999997,0.023063757926161037,3.56137009,3.58857456475
session-churn,256,anubis-d5-solve,requests,client_cpu_seconds,10,32.05109549,32.6782376,5.5541560345313465,28.678435018749997,35.248414013
session-churn,256,anubis-d5-solve,requests,delivered_fraction,10,1.0,1.0,0.0,1.0,1.0
session-churn,256,anubis-d5-solve,requests,delivered_per_second,10,7.593144750149149,7.354760289639965,1.3664409318357245,6.8279296946691215,8.43630680765923
session-churn,256,anubis-d5-solve,requests,attempted_per_second,10,7.593144750149149,7.354760289639965,1.3664409318357245,6.837034276772348,8.4163331971015
session-churn,256,anubis-d5-solve,requests,p50_ms,10,72.41454074999983,72.6265464999999,1.0318339214857808,71.78379146249985,72.98261166874971
session-churn,256,anubis-d5-solve,requests,p95_ms,10,4896.519317284997,5014.388074799995,1173.357322897529,4210.446874649997,5589.861125301998
session-churn,256,anubis-d5-solve,requests,p99_ms,10,8253.767824899005,7979.615677600006,1769.5643882719219,7233.917683408554,9330.643808416557
session-churn,256,anubis-d5-solve,requests,server_peak_sampled_rss_bytes,10,87925555.2,87003136.0,5713194.483991145,84734760.96000001,91442186.24
session-churn,256,anubis-d5-solve,requests,total_client_wire_read_bytes,10,1468276.9,1468280.0,54.569934742289895,1468240.7,1468302.1025
session-churn,256,anubis-d5-solve,requests,total_client_wire_written_bytes,10,136106.4,136109.0,10.658330075579382,136099.8,136112.4
session-churn,256,anubis-d5-solve,requests,nginx_hit_fraction,10,0.0,0.0,0.0,0.0,0.0
session-churn,256,bounded-cold,requests,origin_cpu_seconds_per_1000_attempts,10,0.0,0.0,0.0,0.0,0.0
session-churn,256,bounded-cold,requests,origin_executions,10,0,0.0,0.0,0.0,0.0
session-churn,256,bounded-cold,requests,origin_max_concurrency,10,0,0.0,0.0,0.0,0.0
session-churn,256,bounded-cold,requests,server_cpu_seconds,10,0.61627357,0.62014075,0.02789999920438271,0.5999663392500001,0.63225409
session-churn,256,bounded-cold,requests,client_cpu_seconds,10,0.58333738,0.5837217,0.004134943129475916,0.5808772265000001,0.5858008797500001
session-churn,256,bounded-cold,requests,delivered_fraction,10,0.0,0.0,0.0,0.0,0.0
session-churn,256,bounded-cold,requests,delivered_per_second,10,0.0,0.0,0.0,0.0,0.0
session-churn,256,bounded-cold,requests,attempted_per_second,10,207.95420782145726,206.17855602147966,5.75579052770352,206.0067102859906,211.6436203109496
session-churn,256,bounded-cold,requests,p50_ms,10,11.177587300000004,10.829906250000008,1.752303536350864,10.319530852500003,12.336050911250009
session-churn,256,bounded-cold,requests,p95_ms,10,57.24855716999997,52.01146202499994,14.879671085593358,49.44706307012496,67.08625566462496
session-churn,256,bounded-cold,requests,p99_ms,10,82.130097746,78.182243245,19.029418702947137,70.871643835875,93.232968608275
session-churn,256,bounded-cold,requests,server_peak_sampled_rss_bytes,10,99525427.2,99676160.0,1062044.6989493428,98875371.52,100104232.96
session-churn,256,bounded-cold,requests,total_client_wire_read_bytes,10,321520,321520.0,0.0,321520.0,321520.0
session-churn,256,bounded-cold,requests,total_client_wire_written_bytes,10,35896,35896.0,0.0,35896.0,35896.0
session-churn,256,bounded-cold,requests,nginx_hit_fraction,10,0.0,0.0,0.0,0.0,0.0
session-churn,256,bounded-cold,requests,artifact_hit_fraction,10,0.0,0.0,0.0,0.0,0.0
session-churn,256,bounded-warm,requests,origin_cpu_seconds_per_1000_attempts,10,0.0,0.0,0.0,0.0,0.0
session-churn,256,bounded-warm,requests,origin_executions,10,0,0.0,0.0,0.0,0.0
session-churn,256,bounded-warm,requests,origin_max_concurrency,10,0,0.0,0.0,0.0,0.0
session-churn,256,bounded-warm,requests,server_cpu_seconds,10,0.5593177300000001,0.5643140000000002,0.025506241063797553,0.5440270800000001,0.5736343230000001
session-churn,256,bounded-warm,requests,client_cpu_seconds,10,0.59836423,0.5988679,0.011460773704253614,0.59178354525,0.60549037325
session-churn,256,bounded-warm,requests,delivered_fraction,10,1.0,1.0,0.0,1.0,1.0
session-churn,256,bounded-warm,requests,delivered_per_second,10,210.40315986355364,206.2935212689182,13.532408231977206,202.11790213784386,218.93058026298328
session-churn,256,bounded-warm,requests,attempted_per_second,10,210.40315986355364,206.2935212689182,13.532408231977206,202.33052790637467,217.86705249760044
session-churn,256,bounded-warm,requests,p50_ms,10,12.957783600000004,13.0684945,1.3460351685651275,12.14318300375,13.735556247500014
session-churn,256,bounded-warm,requests,p95_ms,10,58.437562609999986,49.71154009999998,30.53351914100077,42.10134885737499,77.43605186362497
session-churn,256,bounded-warm,requests,p99_ms,10,72.38844925400001,68.35357508500003,30.9790614242705,55.276781216574996,91.46213864399999
session-churn,256,bounded-warm,requests,server_peak_sampled_rss_bytes,10,119308288,119482368.0,2335473.606249871,117925416.96000001,120673904.64
session-churn,256,bounded-warm,requests,total_client_wire_read_bytes,10,1584664,1584664.0,0.0,1584664.0,1584664.0
session-churn,256,bounded-warm,requests,total_client_wire_written_bytes,10,35896,35896.0,0.0,35896.0,35896.0
session-churn,256,bounded-warm,requests,nginx_hit_fraction,10,0.0,0.0,0.0,0.0,0.0
session-churn,256,bounded-warm,requests,artifact_hit_fraction,10,1.0,1.0,0.0,1.0,1.0
session-churn,256,cgit,requests,origin_cpu_seconds_per_1000_attempts,10,4.66585703125,4.659367187499999,0.08550280535422766,4.6168968359375,4.717125703124999
session-churn,256,cgit,requests,origin_executions,10,128,128.0,0.0,128.0,128.0
session-churn,256,cgit,requests,origin_max_concurrency,10,2,2.0,0.0,2.0,2.0
session-churn,256,cgit,requests,server_cpu_seconds,10,3.3946175,3.38913025,0.06464600632853423,3.35832396125,3.43344934325
session-churn,256,cgit,requests,client_cpu_seconds,10,0.59280962,0.59236685,0.006666739815732019,0.5891053530000001,0.5969521542499999
session-churn,256,cgit,requests,delivered_fraction,10,1.0,1.0,0.0,1.0,1.0
session-churn,256,cgit,requests,delivered_per_second,10,61.737228211880804,61.69991444988729,0.9972503304698441,61.141133354301495,62.34109447027204
session-churn,256,cgit,requests,attempted_per_second,10,61.737228211880804,61.69991444988729,0.9972503304698441,61.14750483404338,62.33880113732899
session-churn,256,cgit,requests,p50_ms,10,110.01391530000001,109.90310924999997,0.39484618851066583,109.87219412124999,110.27003370000001
session-churn,256,cgit,requests,p95_ms,10,149.90611345499997,149.698984375,4.837445720929411,147.16937806624995,152.866700165
session-churn,256,cgit,requests,p99_ms,10,167.20832612200002,166.394206415,6.896450952561913,163.40477435215004,171.30914585000002
session-churn,256,cgit,requests,server_peak_sampled_rss_bytes,10,61196288,62521344.0,3316601.9334161216,58981109.760000005,62918696.96
session-churn,256,cgit,requests,total_client_wire_read_bytes,10,1298712,1298712.0,0.0,1298712.0,1298712.0
session-churn,256,cgit,requests,total_client_wire_written_bytes,10,32256,32256.0,0.0,32256.0,32256.0
session-churn,256,cgit,requests,nginx_hit_fraction,10,0.0,0.0,0.0,0.0,0.0
session-churn,256,nginx-cold,requests,origin_cpu_seconds_per_1000_attempts,10,1.15188203125,1.1470195312499998,0.023026381086453534,1.1382295507812499,1.1653872265625
session-churn,256,nginx-cold,requests,origin_executions,10,32,32.0,0.0,32.0,32.0
session-churn,256,nginx-cold,requests,origin_max_concurrency,10,2,2.0,0.0,2.0,2.0
session-churn,256,nginx-cold,requests,server_cpu_seconds,10,0.87245167,0.8714186500000001,0.014575447894627431,0.8641437375000001,0.881029309
session-churn,256,nginx-cold,requests,client_cpu_seconds,10,0.5354958,0.5282763500000001,0.01365645447821491,0.5278527265,0.54398427275
session-churn,256,nginx-cold,requests,delivered_fraction,10,1.0,1.0,0.0,1.0,1.0
session-churn,256,nginx-cold,requests,delivered_per_second,10,176.54238503880367,177.68574730450672,3.7245785097736746,174.1602440117115,177.77835841175516
session-churn,256,nginx-cold,requests,attempted_per_second,10,176.54238503880367,177.68574730450672,3.7245785097736746,174.16483502710864,177.78170421161917
session-churn,256,nginx-cold,requests,p50_ms,10,0.557110349999985,0.5569644999999639,0.0146438742654606,0.5486093612499826,0.5657096112499826
session-churn,256,nginx-cold,requests,p95_ms,10,122.20958360999998,121.17122429999998,3.495162133383804,120.24927881712497,124.32020469712498
session-churn,256,nginx-cold,requests,p99_ms,10,128.87043024500002,129.823221985,4.082526993320669,126.35010601885,131.14681285862503
session-churn,256,nginx-cold,requests,server_peak_sampled_rss_bytes,10,58558464,59951104.0,5572580.276790038,55255408.64,61793976.32
session-churn,256,nginx-cold,requests,total_client_wire_read_bytes,10,1300920,1300920.0,0.0,1300920.0,1300920.0
session-churn,256,nginx-cold,requests,total_client_wire_written_bytes,10,32256,32256.0,0.0,32256.0,32256.0
session-churn,256,nginx-cold,requests,nginx_hit_fraction,10,0.75,0.75,0.0,0.75,0.75
session-churn,256,nginx-warm,requests,origin_cpu_seconds_per_1000_attempts,10,0.0,0.0,0.0,0.0,0.0
session-churn,256,nginx-warm,requests,origin_executions,10,0,0.0,0.0,0.0,0.0
session-churn,256,nginx-warm,requests,origin_max_concurrency,10,0,0.0,0.0,0.0,0.0
session-churn,256,nginx-warm,requests,server_cpu_seconds,10,0.005513840000000015,0.0054602999999999735,0.0001963989658266596,0.005403468999999998,0.005633654500000022
session-churn,256,nginx-warm,requests,client_cpu_seconds,10,0.54265824,0.55011745,0.019891036850981682,0.52974133325,0.55323498175
session-churn,256,nginx-warm,requests,delivered_fraction,10,1.0,1.0,0.0,1.0,1.0
session-churn,256,nginx-warm,requests,delivered_per_second,10,395.791048006047,401.29950635074795,17.229329641284608,384.8069097337251,401.45911887428724
session-churn,256,nginx-warm,requests,attempted_per_second,10,395.791048006047,401.29950635074795,17.229329641284608,384.77838623287306,401.4614494959137
session-churn,256,nginx-warm,requests,p50_ms,10,0.7353772500000048,0.7146465000000077,0.06547911448242298,0.7016773637500094,0.7766854212499966
session-churn,256,nginx-warm,requests,p95_ms,10,15.182659899999981,15.161907499999991,2.140822239989383,13.896252476249991,16.37451193087498
session-churn,256,nginx-warm,requests,p99_ms,10,28.43711255000001,28.909360595000003,5.154022767960079,25.334535447250012,31.52124464947501
session-churn,256,nginx-warm,requests,server_peak_sampled_rss_bytes,10,30283776,30040064.0,402095.88225253497,30056857.6,30529157.119999997
session-churn,256,nginx-warm,requests,total_client_wire_read_bytes,10,1300888,1300888.0,0.0,1300888.0,1300888.0
session-churn,256,nginx-warm,requests,total_client_wire_written_bytes,10,32256,32256.0,0.0,32256.0,32256.0
session-churn,256,nginx-warm,requests,nginx_hit_fraction,10,1.0,1.0,0.0,1.0,1.0
unique-crawl,32,anubis-d4-solve,requests,origin_cpu_seconds_per_1000_attempts,10,4.977621875,4.977609375,0.34651485353076555,4.788800468749999,5.194833046875
unique-crawl,32,anubis-d4-solve,requests,origin_executions,10,32,32.0,0.0,32.0,32.0
unique-crawl,32,anubis-d4-solve,requests,origin_max_concurrency,10,1.9,2.0,0.31622776601683794,1.7,2.0
unique-crawl,32,anubis-d4-solve,requests,server_cpu_seconds,10,0.93689197,0.9324897000000001,0.016830393963900875,0.9277592200000001,0.94783229425
unique-crawl,32,anubis-d4-solve,requests,client_cpu_seconds,10,2.36533125,2.2397091,0.3372641417918478,2.17630492675,2.57155365725
unique-crawl,32,anubis-d4-solve,requests,delivered_fraction,10,1.0,1.0,0.0,1.0,1.0
unique-crawl,32,anubis-d4-solve,requests,delivered_per_second,10,23.342796997719155,24.19752007473709,2.6153476693388007,21.716023252104712,24.794988634408472
unique-crawl,32,anubis-d4-solve,requests,attempted_per_second,10,23.342796997719155,24.19752007473709,2.6153476693388007,21.73264984108025,24.791912151035675
unique-crawl,32,anubis-d4-solve,requests,p50_ms,10,176.8160865,171.73426250000003,34.57746539831161,156.90475105000002,197.53995718125
unique-crawl,32,anubis-d4-solve,requests,p95_ms,10,854.0636308649999,813.654246725,138.45285182776706,775.390451209625,936.3899978163748
unique-crawl,32,anubis-d4-solve,requests,p99_ms,10,909.2691632660001,866.2865251850001,154.64946118146585,822.488682744,1005.0282453888501
unique-crawl,32,anubis-d4-solve,requests,server_peak_sampled_rss_bytes,10,84049100.8,84297728.0,4980561.138450986,81102028.8,86911262.72
unique-crawl,32,anubis-d4-solve,requests,total_client_wire_read_bytes,10,404389.4,406833.5,23538.627167558716,390496.5575,417833.56
unique-crawl,32,anubis-d4-solve,requests,total_client_wire_written_bytes,10,41383.5,41374.5,37.72782645328099,41361.7,41406.1
unique-crawl,32,anubis-d4-solve,requests,nginx_hit_fraction,10,0.0,0.0,0.0,0.0,0.0
unique-crawl,32,anubis-d5-nosolve,requests,origin_cpu_seconds_per_1000_attempts,10,0.0,0.0,0.0,0.0,0.0
unique-crawl,32,anubis-d5-nosolve,requests,origin_executions,10,0,0.0,0.0,0.0,0.0
unique-crawl,32,anubis-d5-nosolve,requests,origin_max_concurrency,10,0,0.0,0.0,0.0,0.0
unique-crawl,32,anubis-d5-nosolve,requests,server_cpu_seconds,10,0.019785830000000004,0.01945505000000001,0.0016121105449068923,0.0189849155,0.020863076
unique-crawl,32,anubis-d5-nosolve,requests,client_cpu_seconds,10,0.91580755,0.9108854,0.034755504347345235,0.895868561,0.93678223875
unique-crawl,32,anubis-d5-nosolve,requests,delivered_fraction,10,0.0,0.0,0.0,0.0,0.0
unique-crawl,32,anubis-d5-nosolve,requests,delivered_per_second,10,0.0,0.0,0.0,0.0,0.0
unique-crawl,32,anubis-d5-nosolve,requests,attempted_per_second,10,61.652023386790944,61.50894369160556,2.8274925436026876,59.93096843807487,63.504509488273314
unique-crawl,32,anubis-d5-nosolve,requests,p50_ms,10,16.932316899999996,15.579418000000004,5.825544770425429,13.855852370000001,20.712518473749995
unique-crawl,32,anubis-d5-nosolve,requests,p95_ms,10,58.01072315500001,56.87292772500001,10.17697323822869,52.28629280487501,64.10951617399999
unique-crawl,32,anubis-d5-nosolve,requests,p99_ms,10,81.63975418900003,70.57750276500002,25.329526287651227,67.76878212932502,96.83418361805003
unique-crawl,32,anubis-d5-nosolve,requests,server_peak_sampled_rss_bytes,10,55991500.8,56344576.0,1473908.541525393,55076823.04,56800890.879999995
unique-crawl,32,anubis-d5-nosolve,requests,total_client_wire_read_bytes,10,140914.9,140915.5,20.609868186542744,140902.6,140926.6
unique-crawl,32,anubis-d5-nosolve,requests,total_client_wire_written_bytes,10,10297.4,10296.0,17.708754896942924,10286.9,10308.6
unique-crawl,32,anubis-d5-nosolve,requests,nginx_hit_fraction,10,0.0,0.0,0.0,0.0,0.0
unique-crawl,32,anubis-d5-solve,requests,origin_cpu_seconds_per_1000_attempts,10,4.80361875,4.8175,0.320172909556522,4.635120234375,5.003195234374999
unique-crawl,32,anubis-d5-solve,requests,origin_executions,10,32,32.0,0.0,32.0,32.0
unique-crawl,32,anubis-d5-solve,requests,origin_max_concurrency,10,1.5,1.5,0.5270462766947299,1.2,1.8
unique-crawl,32,anubis-d5-solve,requests,server_cpu_seconds,10,0.91417249,0.9089318,0.026578956498848196,0.9009368777500001,0.9315496765
unique-crawl,32,anubis-d5-solve,requests,client_cpu_seconds,10,15.52035613,14.7931204,3.934113667318439,13.565512575,18.041540677249998
unique-crawl,32,anubis-d5-solve,requests,delivered_fraction,10,1.0,1.0,0.0,1.0,1.0
unique-crawl,32,anubis-d5-solve,requests,delivered_per_second,10,4.076954270444997,4.170954200185537,0.808867219398239,3.5849715030214497,4.540854471004249
unique-crawl,32,anubis-d5-solve,requests,attempted_per_second,10,4.076954270444997,4.170954200185537,0.808867219398239,3.591732234164418,4.528940303245245
unique-crawl,32,anubis-d5-solve,requests,p50_ms,10,415.16186995,323.18616575,307.617766868306,252.51485317750004,612.8880145549997
unique-crawl,32,anubis-d5-solve,requests,p95_ms,10,6817.32899571,6477.65629205,1922.0887704117197,5884.400722436625,8034.483890757499
unique-crawl,32,anubis-d5-solve,requests,p99_ms,10,7554.2573002750005,7126.476518365001,1999.6719808737748,6578.833216228126,8886.2856021893
unique-crawl,32,anubis-d5-solve,requests,server_peak_sampled_rss_bytes,10,74583244.8,75270144.0,4206194.612063942,72245237.76,77153556.47999999
unique-crawl,32,anubis-d5-solve,requests,total_client_wire_read_bytes,10,404394.6,406801.5,23530.79565260054,390380.9,418001.175
unique-crawl,32,anubis-d5-solve,requests,total_client_wire_written_bytes,10,41382.5,41366.0,44.59509190731893,41357.8,41409.6
unique-crawl,32,anubis-d5-solve,requests,nginx_hit_fraction,10,0.0,0.0,0.0,0.0,0.0
unique-crawl,32,bounded-cold,requests,origin_cpu_seconds_per_1000_attempts,10,0.0,0.0,0.0,0.0,0.0
unique-crawl,32,bounded-cold,requests,origin_executions,10,0,0.0,0.0,0.0,0.0
unique-crawl,32,bounded-cold,requests,origin_max_concurrency,10,0,0.0,0.0,0.0,0.0
unique-crawl,32,bounded-cold,requests,server_cpu_seconds,10,0.30017915,0.2965784000000001,0.018701255197401408,0.289896586,0.311770592
unique-crawl,32,bounded-cold,requests,client_cpu_seconds,10,0.9472661,0.9320844500000001,0.03511981737930246,0.9282734515,0.969419218
unique-crawl,32,bounded-cold,requests,delivered_fraction,10,0.0,0.0,0.0,0.0,0.0
unique-crawl,32,bounded-cold,requests,delivered_per_second,10,0.0,0.0,0.0,0.0,0.0
unique-crawl,32,bounded-cold,requests,attempted_per_second,10,46.668294735036646,47.586235042017954,1.5640476219945276,45.69238365147651,47.605250711600554
unique-crawl,32,bounded-cold,requests,p50_ms,10,67.68732419999999,65.69721924999999,9.407736776406612,62.3404825425,73.42056037625
unique-crawl,32,bounded-cold,requests,p95_ms,10,118.578323705,108.670412575,21.10569465594267,106.77629723950001,131.51935304300002
unique-crawl,32,bounded-cold,requests,p99_ms,10,124.873758268,115.05336027999999,20.659840109098848,113.07111110489998,137.151096765425
unique-crawl,32,bounded-cold,requests,server_peak_sampled_rss_bytes,10,96661504,96794624.0,1434170.7257602059,95797647.36,97456947.2
unique-crawl,32,bounded-cold,requests,total_client_wire_read_bytes,10,612800,612800.0,0.0,612800.0,612800.0
unique-crawl,32,bounded-cold,requests,total_client_wire_written_bytes,10,15513.4,15512.0,17.708754896942924,15502.9,15524.6
unique-crawl,32,bounded-cold,requests,nginx_hit_fraction,10,0.0,0.0,0.0,0.0,0.0
unique-crawl,32,bounded-cold,requests,artifact_hit_fraction,10,0.0,0.0,0.0,0.0,0.0
unique-crawl,32,bounded-warm,requests,origin_cpu_seconds_per_1000_attempts,10,0.0,0.0,0.0,0.0,0.0
unique-crawl,32,bounded-warm,requests,origin_executions,10,0,0.0,0.0,0.0,0.0
unique-crawl,32,bounded-warm,requests,origin_max_concurrency,10,0,0.0,0.0,0.0,0.0
unique-crawl,32,bounded-warm,requests,server_cpu_seconds,10,0.23935037,0.23876459999999988,0.011365029971808757,0.23300133075000004,0.24620921225000006
unique-crawl,32,bounded-warm,requests,client_cpu_seconds,10,0.93061977,0.93145205,0.021122122195884784,0.9185045242500001,0.943130432
unique-crawl,32,bounded-warm,requests,delivered_fraction,10,1.0,1.0,0.0,1.0,1.0
unique-crawl,32,bounded-warm,requests,delivered_per_second,10,48.44274022302636,47.715277172083276,1.5877325468096732,47.67968175882361,49.56852664204013
unique-crawl,32,bounded-warm,requests,attempted_per_second,10,48.44274022302636,47.715277172083276,1.5877325468096732,47.67886814288194,49.566694187196056
unique-crawl,32,bounded-warm,requests,p50_ms,10,59.68400175000001,57.27547224999999,10.004672761835419,54.126145891250005,65.89781422375
unique-crawl,32,bounded-warm,requests,p95_ms,10,97.63061489,97.03684795000001,14.090401742053999,89.63373767499999,106.17293416512499
unique-crawl,32,bounded-warm,requests,p99_ms,10,101.01003061899999,98.38987674,14.906181387646058,92.27313152679999,109.742367005675
unique-crawl,32,bounded-warm,requests,server_peak_sampled_rss_bytes,10,104126464,104144896.0,2205774.7028154177,102810408.96000001,105373296.64
unique-crawl,32,bounded-warm,requests,total_client_wire_read_bytes,10,923357.5,925771.0,23500.10552340374,909595.5675,936662.995
unique-crawl,32,bounded-warm,requests,total_client_wire_written_bytes,10,15513.4,15512.0,17.708754896942924,15502.9,15523.9
unique-crawl,32,bounded-warm,requests,nginx_hit_fraction,10,0.0,0.0,0.0,0.0,0.0
unique-crawl,32,bounded-warm,requests,artifact_hit_fraction,10,1.0,1.0,0.0,1.0,1.0
unique-crawl,32,cgit,requests,origin_cpu_seconds_per_1000_attempts,10,4.738178125,4.744078125,0.3004404665972681,4.5630651562499995,4.915888984375
unique-crawl,32,cgit,requests,origin_executions,10,32,32.0,0.0,32.0,32.0
unique-crawl,32,cgit,requests,origin_max_concurrency,10,2,2.0,0.0,2.0,2.0
unique-crawl,32,cgit,requests,server_cpu_seconds,10,0.85237898,0.85487545,0.012014171788147161,0.844943,0.85931285125
unique-crawl,32,cgit,requests,client_cpu_seconds,10,0.85188969,0.84707325,0.02639389186617279,0.838630257,0.8687897442500001
unique-crawl,32,cgit,requests,delivered_fraction,10,1.0,1.0,0.0,1.0,1.0
unique-crawl,32,cgit,requests,delivered_per_second,10,36.344316734792486,36.72948153765306,0.8350662231035065,35.755712344223845,36.74758709633951
unique-crawl,32,cgit,requests,attempted_per_second,10,36.344316734792486,36.72948153765306,0.8350662231035065,35.75310996415407,36.74688654482103
unique-crawl,32,cgit,requests,p50_ms,10,217.30995595000002,218.07214100000002,10.104203500230756,211.16530122125002,223.1067982375
unique-crawl,32,cgit,requests,p95_ms,10,274.80932331500003,276.0594925,7.538688225553296,270.35045138,279.03956097512497
unique-crawl,32,cgit,requests,p99_ms,10,279.47945393099997,283.1049017,9.157505169452262,273.8089973415,284.4382887
unique-crawl,32,cgit,requests,server_peak_sampled_rss_bytes,10,55158784,54679552.0,6511009.195678621,51366123.52,59024701.44
unique-crawl,32,cgit,requests,total_client_wire_read_bytes,10,319430.3,321867.0,23530.345414898704,305400.18000000005,332892.935
unique-crawl,32,cgit,requests,total_client_wire_written_bytes,10,8233.4,8232.0,17.708754896942924,8222.9,8243.9
unique-crawl,32,cgit,requests,nginx_hit_fraction,10,0.0,0.0,0.0,0.0,0.0
unique-crawl,32,nginx-cold,requests,origin_cpu_seconds_per_1000_attempts,10,4.67029375,4.673875,0.32234988404380654,4.491631640625,4.872586328124999
unique-crawl,32,nginx-cold,requests,origin_executions,10,32,32.0,0.0,32.0,32.0
unique-crawl,32,nginx-cold,requests,origin_max_concurrency,10,2,2.0,0.0,2.0,2.0
unique-crawl,32,nginx-cold,requests,server_cpu_seconds,10,0.86890144,0.8633964000000001,0.02193528333283061,0.856693521,0.88242673125
unique-crawl,32,nginx-cold,requests,client_cpu_seconds,10,0.83653692,0.8313338,0.014771777816257887,0.828588761,0.84560797375
unique-crawl,32,nginx-cold,requests,delivered_fraction,10,1.0,1.0,0.0,1.0,1.0
unique-crawl,32,nginx-cold,requests,delivered_per_second,10,38.09646391425037,38.95905545209882,1.1619233272037683,37.417454783692804,38.770532572424564
unique-crawl,32,nginx-cold,requests,attempted_per_second,10,38.09646391425037,38.95905545209882,1.1619233272037683,37.41811414326331,38.771643609172926
unique-crawl,32,nginx-cold,requests,p50_ms,10,207.44326505000004,209.505439,11.913805366849568,200.43725919250002,214.39560771875
unique-crawl,32,nginx-cold,requests,p95_ms,10,240.831370435,240.51226495000003,6.082692914743816,237.308062215,244.362193051
unique-crawl,32,nginx-cold,requests,p99_ms,10,255.21003606400004,249.91026112000003,18.645429495475764,246.122067593225,267.56355287432507
unique-crawl,32,nginx-cold,requests,server_peak_sampled_rss_bytes,10,62453350.4,61261824.0,4860295.642523524,59775334.4,65507010.559999995
unique-crawl,32,nginx-cold,requests,total_client_wire_read_bytes,10,320006.3,322443.0,23530.345414898704,305931.78,333411.785
unique-crawl,32,nginx-cold,requests,total_client_wire_written_bytes,10,8233.4,8232.0,17.708754896942924,8222.9,8243.9175
unique-crawl,32,nginx-cold,requests,nginx_hit_fraction,10,0.0,0.0,0.0,0.0,0.0
unique-crawl,32,nginx-warm,requests,origin_cpu_seconds_per_1000_attempts,10,0.0,0.0,0.0,0.0,0.0
unique-crawl,32,nginx-warm,requests,origin_executions,10,0,0.0,0.0,0.0,0.0
unique-crawl,32,nginx-warm,requests,origin_max_concurrency,10,0,0.0,0.0,0.0,0.0
unique-crawl,32,nginx-warm,requests,server_cpu_seconds,10,0.0028689100000000023,0.0028814000000000894,0.0001275180200773301,0.0027882165000000197,0.0029391205000000057
unique-crawl,32,nginx-warm,requests,client_cpu_seconds,10,0.89186367,0.8818983499999999,0.0351272821892693,0.87330501925,0.9144772480000001
unique-crawl,32,nginx-warm,requests,delivered_fraction,10,1.0,1.0,0.0,1.0,1.0
unique-crawl,32,nginx-warm,requests,delivered_per_second,10,62.168907148042166,61.5863752256065,2.030979286692019,61.48661798646109,63.47069627526922
unique-crawl,32,nginx-warm,requests,attempted_per_second,10,62.168907148042166,61.5863752256065,2.030979286692019,61.48432541206385,63.47176692257938
unique-crawl,32,nginx-warm,requests,p50_ms,10,6.018241050000006,5.929119000000007,1.2043356789723587,5.299945716250003,6.803287956250006
unique-crawl,32,nginx-warm,requests,p95_ms,10,57.63751795,59.943848375,8.52795848260521,52.37344969749999,62.372221816875005
unique-crawl,32,nginx-warm,requests,p99_ms,10,76.90915782200004,77.05640418500002,15.291350969134028,67.91846855810003,85.68554569127504
unique-crawl,32,nginx-warm,requests,server_peak_sampled_rss_bytes,10,30439424,30328832.0,343550.2619595049,30244034.560000002,30644234.24
unique-crawl,32,nginx-warm,requests,total_client_wire_read_bytes,10,319974.3,322411.0,23530.345414898704,305983.03250000003,333478.5425
unique-crawl,32,nginx-warm,requests,total_client_wire_written_bytes,10,8233.4,8232.0,17.708754896942924,8223.6,8243.9
unique-crawl,32,nginx-warm,requests,nginx_hit_fraction,10,1.0,1.0,0.0,1.0,1.0
unique-crawl,128,anubis-d4-solve,requests,origin_cpu_seconds_per_1000_attempts,10,4.8974265625,4.8054609374999995,0.20186330607954184,4.78647966796875,5.02277728515625
unique-crawl,128,anubis-d4-solve,requests,origin_executions,10,128,128.0,0.0,128.0,128.0
unique-crawl,128,anubis-d4-solve,requests,origin_max_concurrency,10,2,2.0,0.0,2.0,2.0
unique-crawl,128,anubis-d4-solve,requests,server_cpu_seconds,10,3.5861131,3.57716435,0.052243333905952934,3.5563633695,3.61783740025
unique-crawl,128,anubis-d4-solve,requests,client_cpu_seconds,10,2.24789205,2.22868735,0.23021535115329758,2.108566504,2.3789046622499996
unique-crawl,128,anubis-d4-solve,requests,delivered_fraction,10,1.0,1.0,0.0,1.0,1.0
unique-crawl,128,anubis-d4-solve,requests,delivered_per_second,10,50.504640118146185,50.65473827935609,1.153187823652676,49.89156287317735,51.22055272117301
unique-crawl,128,anubis-d4-solve,requests,attempted_per_second,10,50.504640118146185,50.65473827935609,1.153187823652676,49.89098461675707,51.213027328791554
unique-crawl,128,anubis-d4-solve,requests,p50_ms,10,207.9745584,204.84822850000003,14.878354878712525,199.86418555999998,217.04812868749997
unique-crawl,128,anubis-d4-solve,requests,p95_ms,10,616.8709145699995,633.0588249249995,77.46932355785012,569.6399402999995,660.9942771512493
unique-crawl,128,anubis-d4-solve,requests,p99_ms,10,817.5039667400002,824.0480825550001,109.43713878739341,754.0396972197751,882.2864684107253
unique-crawl,128,anubis-d4-solve,requests,server_peak_sampled_rss_bytes,10,100327833.6,97912832.0,5770113.33274754,97169735.67999999,103909888.0
unique-crawl,128,anubis-d4-solve,requests,total_client_wire_read_bytes,10,1366277.2,1359884.5,33619.57629384668,1346826.8475000001,1386249.3025
unique-crawl,128,anubis-d4-solve,requests,total_client_wire_written_bytes,10,122811.7,122833.5,67.1218626413514,122770.0,122849.0
unique-crawl,128,anubis-d4-solve,requests,nginx_hit_fraction,10,0.0,0.0,0.0,0.0,0.0
unique-crawl,128,anubis-d5-nosolve,requests,origin_cpu_seconds_per_1000_attempts,10,0.0,0.0,0.0,0.0,0.0
unique-crawl,128,anubis-d5-nosolve,requests,origin_executions,10,0,0.0,0.0,0.0,0.0
unique-crawl,128,anubis-d5-nosolve,requests,origin_max_concurrency,10,0,0.0,0.0,0.0,0.0
unique-crawl,128,anubis-d5-nosolve,requests,server_cpu_seconds,10,0.048215749999999995,0.04697235,0.0044085995620302505,0.04608862974999999,0.051181809749999994
unique-crawl,128,anubis-d5-nosolve,requests,client_cpu_seconds,10,1.02302089,1.0237395999999999,0.03635338141464667,1.0019357699999998,1.04416030075
unique-crawl,128,anubis-d5-nosolve,requests,delivered_fraction,10,0.0,0.0,0.0,0.0,0.0
unique-crawl,128,anubis-d5-nosolve,requests,delivered_per_second,10,0.0,0.0,0.0,0.0,0.0
unique-crawl,128,anubis-d5-nosolve,requests,attempted_per_second,10,226.65409674372899,224.55374749659896,6.958687422655507,224.33309071602702,231.10720394809883
unique-crawl,128,anubis-d5-nosolve,requests,p50_ms,10,7.115192599999991,7.171683250000001,0.704359693954132,6.687088363749994,7.503037043749988
unique-crawl,128,anubis-d5-nosolve,requests,p95_ms,10,43.09162802999996,41.41508314999999,5.234549076900402,40.08745746737497,46.15525890299999
unique-crawl,128,anubis-d5-nosolve,requests,p99_ms,10,73.88445800300003,70.62638218500003,11.348518424059316,68.37926593827501,81.19445396787503
unique-crawl,128,anubis-d5-nosolve,requests,server_peak_sampled_rss_bytes,10,57194496,57094144.0,1319822.2614559382,56433029.120000005,57985863.68
unique-crawl,128,anubis-d5-nosolve,requests,total_client_wire_read_bytes,10,563646.5,563625.5,53.08536102877662,563616.8975000001,563678.5
unique-crawl,128,anubis-d5-nosolve,requests,total_client_wire_written_bytes,10,47380.9,47386.5,49.39286948088312,47350.1,47407.5
unique-crawl,128,anubis-d5-nosolve,requests,nginx_hit_fraction,10,0.0,0.0,0.0,0.0,0.0
unique-crawl,128,anubis-d5-solve,requests,origin_cpu_seconds_per_1000_attempts,10,4.8512484375,4.84752734375,0.14645893866191884,4.76917888671875,4.939468124999999
unique-crawl,128,anubis-d5-solve,requests,origin_executions,10,128,128.0,0.0,128.0,128.0
unique-crawl,128,anubis-d5-solve,requests,origin_max_concurrency,10,2,2.0,0.0,2.0,2.0
unique-crawl,128,anubis-d5-solve,requests,server_cpu_seconds,10,3.6257006499999997,3.6216159,0.06812959977934624,3.58816558425,3.66764023625
unique-crawl,128,anubis-d5-solve,requests,client_cpu_seconds,10,17.68336221,18.37690415,4.825637701168802,14.67982976275,20.43811065275
unique-crawl,128,anubis-d5-solve,requests,delivered_fraction,10,1.0,1.0,0.0,1.0,1.0
unique-crawl,128,anubis-d5-solve,requests,delivered_per_second,10,13.869852345536515,12.39042069006098,4.479860372073572,11.509820934063663,16.688625279911818
unique-crawl,128,anubis-d5-solve,requests,attempted_per_second,10,13.869852345536515,12.39042069006098,4.479860372073572,11.528619906635551,16.77765854372192
unique-crawl,128,anubis-d5-solve,requests,p50_ms,10,72.96918825,70.69102924999993,3.91164206816409,70.90917076499991,75.44115818499999
unique-crawl,128,anubis-d5-solve,requests,p95_ms,10,4866.366887954997,4887.112503149998,1298.6192332625849,4053.796773472372,5614.724338643995
unique-crawl,128,anubis-d5-solve,requests,p99_ms,10,7875.934189858001,8252.942764425,2296.371426126035,6459.940015015552,9199.832832944701
unique-crawl,128,anubis-d5-solve,requests,server_peak_sampled_rss_bytes,10,90370867.2,89683968.0,6460424.878231338,86706995.2,94349793.27999999
unique-crawl,128,anubis-d5-solve,requests,total_client_wire_read_bytes,10,1366260.3,1359905.0,33616.85955670987,1346752.7125,1386338.075
unique-crawl,128,anubis-d5-solve,requests,total_client_wire_written_bytes,10,122814.2,122842.5,62.51897489740393,122775.6,122849.4
unique-crawl,128,anubis-d5-solve,requests,nginx_hit_fraction,10,0.0,0.0,0.0,0.0,0.0
unique-crawl,128,bounded-cold,requests,origin_cpu_seconds_per_1000_attempts,10,0.0,0.0,0.0,0.0,0.0
unique-crawl,128,bounded-cold,requests,origin_executions,10,0,0.0,0.0,0.0,0.0
unique-crawl,128,bounded-cold,requests,origin_max_concurrency,10,0,0.0,0.0,0.0,0.0
unique-crawl,128,bounded-cold,requests,server_cpu_seconds,10,0.60131539,0.59809935,0.026404820258701518,0.5865871905,0.6174897877500001
unique-crawl,128,bounded-cold,requests,client_cpu_seconds,10,1.05052072,1.03276035,0.03622427939701341,1.0320426195,1.0742194630000002
unique-crawl,128,bounded-cold,requests,delivered_fraction,10,0.0,0.0,0.0,0.0,0.0
unique-crawl,128,bounded-cold,requests,delivered_per_second,10,0.0,0.0,0.0,0.0,0.0
unique-crawl,128,bounded-cold,requests,attempted_per_second,10,155.07718848571207,155.97878356580208,5.434830496926947,152.18193539207675,158.02736773268305
unique-crawl,128,bounded-cold,requests,p50_ms,10,24.634487400000012,24.844441250000045,1.7455774873485959,23.636008050000004,25.68075102125001
unique-crawl,128,bounded-cold,requests,p95_ms,10,104.40050422999997,106.83112287499992,15.276645501806462,95.39073318362496,113.30963149487498
unique-crawl,128,bounded-cold,requests,p99_ms,10,111.58765353900002,114.47060977500003,15.556519479238439,102.251676904475,120.54011076745
unique-crawl,128,bounded-cold,requests,server_peak_sampled_rss_bytes,10,99253452.8,99850240.0,1804210.1748381509,98161715.2,100282378.24
unique-crawl,128,bounded-cold,requests,total_client_wire_read_bytes,10,625760,625760.0,0.0,625760.0,625760.0
unique-crawl,128,bounded-cold,requests,total_client_wire_written_bytes,10,40212.9,40218.5,49.39286948088312,40182.1,40240.2
unique-crawl,128,bounded-cold,requests,nginx_hit_fraction,10,0.0,0.0,0.0,0.0,0.0
unique-crawl,128,bounded-cold,requests,artifact_hit_fraction,10,0.0,0.0,0.0,0.0,0.0
unique-crawl,128,bounded-warm,requests,origin_cpu_seconds_per_1000_attempts,10,0.0,0.0,0.0,0.0,0.0
unique-crawl,128,bounded-warm,requests,origin_executions,10,0,0.0,0.0,0.0,0.0
unique-crawl,128,bounded-warm,requests,origin_max_concurrency,10,0,0.0,0.0,0.0,0.0
unique-crawl,128,bounded-warm,requests,server_cpu_seconds,10,0.49491057000000005,0.4907214999999998,0.02706490773316155,0.47996490000000025,0.5108225797499999
unique-crawl,128,bounded-warm,requests,client_cpu_seconds,10,1.06190651,1.0570644,0.03608836082082878,1.04313296,1.085260739
unique-crawl,128,bounded-warm,requests,delivered_fraction,10,1.0,1.0,0.0,1.0,1.0
unique-crawl,128,bounded-warm,requests,delivered_per_second,10,160.0014877336011,160.8990469747458,6.878212847574903,156.02535370837768,163.95088927455856
unique-crawl,128,bounded-warm,requests,attempted_per_second,10,160.0014877336011,160.8990469747458,6.878212847574903,156.049334275122,163.95116904450586
unique-crawl,128,bounded-warm,requests,p50_ms,10,23.813679799999996,23.525788750000004,2.1304296837030834,22.62823660125,25.160427896249995
unique-crawl,128,bounded-warm,requests,p95_ms,10,100.9662176,100.98194074999998,20.234972744197382,89.718709214875,113.553270577125
unique-crawl,128,bounded-warm,requests,p99_ms,10,109.136466888,106.10881376000002,20.149730446166167,98.446255258175,122.24316900045001
unique-crawl,128,bounded-warm,requests,server_peak_sampled_rss_bytes,10,159159091.2,160294912.0,3149392.7097878833,157269524.48000002,160945776.64000002
unique-crawl,128,bounded-warm,requests,total_client_wire_read_bytes,10,1871574.9,1865237.5,33582.729015075594,1852136.3,1891618.33
unique-crawl,128,bounded-warm,requests,total_client_wire_written_bytes,10,40212.9,40218.5,49.39286948088312,40181.4,40239.5
unique-crawl,128,bounded-warm,requests,nginx_hit_fraction,10,0.0,0.0,0.0,0.0,0.0
unique-crawl,128,bounded-warm,requests,artifact_hit_fraction,10,1.0,1.0,0.0,1.0,1.0
unique-crawl,128,cgit,requests,origin_cpu_seconds_per_1000_attempts,10,4.72545234375,4.6658867187499995,0.16148454375839497,4.6383684765625,4.8268062890625
unique-crawl,128,cgit,requests,origin_executions,10,128,128.0,0.0,128.0,128.0
unique-crawl,128,cgit,requests,origin_max_concurrency,10,2,2.0,0.0,2.0,2.0
unique-crawl,128,cgit,requests,server_cpu_seconds,10,3.40334865,3.41277015,0.048540647317920904,3.373194899,3.43018848
unique-crawl,128,cgit,requests,client_cpu_seconds,10,1.00145581,0.99756755,0.018249472720933895,0.99164305925,1.01275272025
unique-crawl,128,cgit,requests,delivered_fraction,10,1.0,1.0,0.0,1.0,1.0
unique-crawl,128,cgit,requests,delivered_per_second,10,57.421229548441,57.52399679468732,0.9508737056148342,56.903202524556086,57.955668587231024
unique-crawl,128,cgit,requests,attempted_per_second,10,57.421229548441,57.52399679468732,0.9508737056148342,56.90310164331992,57.949812024036795
unique-crawl,128,cgit,requests,p50_ms,10,222.65914185,220.04285324999998,4.3940509223455,220.02517094875,225.43242533749998
unique-crawl,128,cgit,requests,p95_ms,10,267.46454274,264.3275193999999,8.671090521872427,262.687867796875,272.75034531349996
unique-crawl,128,cgit,requests,p99_ms,10,297.3387236140001,279.6663224850001,37.88156122997644,276.820860029375,320.6206968882252
unique-crawl,128,cgit,requests,server_peak_sampled_rss_bytes,10,65478656,65390592.0,3937692.8185836608,63055851.52,67720960.0
unique-crawl,128,cgit,requests,total_client_wire_read_bytes,10,1281308.5,1274953.5,33605.777404256616,1261795.7,1300893.11
unique-crawl,128,cgit,requests,total_client_wire_written_bytes,10,32932.9,32938.5,49.39286948088312,32902.1,32960.2
unique-crawl,128,cgit,requests,nginx_hit_fraction,10,0.0,0.0,0.0,0.0,0.0
unique-crawl,128,nginx-cold,requests,origin_cpu_seconds_per_1000_attempts,10,4.72205234375,4.6834257812499995,0.19802156156884607,4.615619355468749,4.844779648437499
unique-crawl,128,nginx-cold,requests,origin_executions,10,128,128.0,0.0,128.0,128.0
unique-crawl,128,nginx-cold,requests,origin_max_concurrency,10,2,2.0,0.0,2.0,2.0
unique-crawl,128,nginx-cold,requests,server_cpu_seconds,10,3.49122581,3.47669195,0.06995221399543572,3.4535354860000003,3.53425785525
unique-crawl,128,nginx-cold,requests,client_cpu_seconds,10,0.98147759,0.9728106,0.04368603867488131,0.957913554,1.00878617925
unique-crawl,128,nginx-cold,requests,delivered_fraction,10,1.0,1.0,0.0,1.0,1.0
unique-crawl,128,nginx-cold,requests,delivered_per_second,10,55.05694412680811,55.0471082091281,0.9521010605285645,54.480120040607126,55.63955291829777
unique-crawl,128,nginx-cold,requests,attempted_per_second,10,55.05694412680811,55.0471082091281,0.9521010605285645,54.479540604803226,55.63921770612259
unique-crawl,128,nginx-cold,requests,p50_ms,10,238.00629300000003,238.02881125000002,5.51235684527161,234.94390251250005,241.25042444499996
unique-crawl,128,nginx-cold,requests,p95_ms,10,260.022187955,258.24170157500004,7.422921979957933,255.717601058625,264.46108318374996
unique-crawl,128,nginx-cold,requests,p99_ms,10,338.12775032800005,275.72674307000005,92.43673557431562,284.80067173440005,393.32163975772505
unique-crawl,128,nginx-cold,requests,server_peak_sampled_rss_bytes,10,70064128,69472256.0,3127656.6853051856,68247889.92,71909416.96
unique-crawl,128,nginx-cold,requests,total_client_wire_read_bytes,10,1283612.5,1277257.5,33605.777404256616,1263952.2950000002,1303600.2625
unique-crawl,128,nginx-cold,requests,total_client_wire_written_bytes,10,32932.9,32938.5,49.39286948088312,32901.4,32959.5
unique-crawl,128,nginx-cold,requests,nginx_hit_fraction,10,0.0,0.0,0.0,0.0,0.0
unique-crawl,128,nginx-warm,requests,origin_cpu_seconds_per_1000_attempts,10,0.0,0.0,0.0,0.0,0.0
unique-crawl,128,nginx-warm,requests,origin_executions,10,0,0.0,0.0,0.0,0.0
unique-crawl,128,nginx-warm,requests,origin_max_concurrency,10,0,0.0,0.0,0.0,0.0
unique-crawl,128,nginx-warm,requests,server_cpu_seconds,10,0.007122939999999911,0.006885749999999913,0.0006293362485808754,0.006837237249999813,0.007541741499999937
unique-crawl,128,nginx-warm,requests,client_cpu_seconds,10,0.98921534,0.9759989,0.04067540818160824,0.96796945025,1.015566996
unique-crawl,128,nginx-warm,requests,delivered_fraction,10,1.0,1.0,0.0,1.0,1.0
unique-crawl,128,nginx-warm,requests,delivered_per_second,10,231.33241106672517,224.6529811242032,13.895324701188521,223.03221052980132,239.62789259005368
unique-crawl,128,nginx-warm,requests,attempted_per_second,10,231.33241106672517,224.6529811242032,13.895324701188521,223.10130157399263,239.64356544351728
unique-crawl,128,nginx-warm,requests,p50_ms,10,1.3342171999999948,1.1460267500000043,0.7674348374709106,1.016507537499985,1.8402766999999893
unique-crawl,128,nginx-warm,requests,p95_ms,10,39.614585704999975,38.75527684999997,4.585768454248603,36.96219177362498,42.37060206087497
unique-crawl,128,nginx-warm,requests,p99_ms,10,64.69716314200002,66.75880390500001,10.493797360741398,58.47738605115001,70.86751876885005
unique-crawl,128,nginx-warm,requests,server_peak_sampled_rss_bytes,10,30504960,30642176.0,516302.74518563447,30204313.6,30812190.72
unique-crawl,128,nginx-warm,requests,total_client_wire_read_bytes,10,1283484.5,1277129.5,33605.777404256616,1264371.4275,1303842.9874999998
unique-crawl,128,nginx-warm,requests,total_client_wire_written_bytes,10,32932.9,32938.5,49.39286948088312,32901.4,32960.2
unique-crawl,128,nginx-warm,requests,nginx_hit_fraction,10,1.0,1.0,0.0,1.0,1.0
unique-crawl,512,anubis-d4-solve,requests,origin_cpu_seconds_per_1000_attempts,10,4.7942560546875,4.794176757812499,0.04500237747740705,4.767845410156251,4.82085890625
unique-crawl,512,anubis-d4-solve,requests,origin_executions,10,512,512.0,0.0,512.0,512.0
unique-crawl,512,anubis-d4-solve,requests,origin_max_concurrency,10,2,2.0,0.0,2.0,2.0
unique-crawl,512,anubis-d4-solve,requests,server_cpu_seconds,10,14.10085932,14.0965372,0.15442511767309983,14.010153913,14.19027041175
unique-crawl,512,anubis-d4-solve,requests,client_cpu_seconds,10,2.82826721,2.7799383,0.3943328036374561,2.60925296,3.0664476529999996
unique-crawl,512,anubis-d4-solve,requests,delivered_fraction,10,1.0,1.0,0.0,1.0,1.0
unique-crawl,512,anubis-d4-solve,requests,delivered_per_second,10,63.711083192577505,63.49616052696581,1.1132842990360639,63.03716078561229,64.3871983454949
unique-crawl,512,anubis-d4-solve,requests,attempted_per_second,10,63.711083192577505,63.49616052696581,1.1132842990360639,63.07018594270446,64.35492829634549
unique-crawl,512,anubis-d4-solve,requests,p50_ms,10,223.76306220000004,220.08122000000003,4.89057370339645,220.9622845612501,226.70109849249997
unique-crawl,512,anubis-d4-solve,requests,p95_ms,10,256.176444625,256.3386712000001,6.971684406498127,252.29399432000005,260.447166995
unique-crawl,512,anubis-d4-solve,requests,p99_ms,10,703.7081497599994,670.2667889149997,123.05173181319795,638.2767771817494,781.8714835478992
unique-crawl,512,anubis-d4-solve,requests,server_peak_sampled_rss_bytes,10,109897728,109473792.0,2176518.8451237143,108799119.36,111294873.6
unique-crawl,512,anubis-d4-solve,requests,total_client_wire_read_bytes,10,5257775.5,5257778.0,24.162643343254754,5257761.0,5257789.3
unique-crawl,512,anubis-d4-solve,requests,total_client_wire_written_bytes,10,448528,448521.0,29.30301463444788,448511.9975,448545.5
unique-crawl,512,anubis-d4-solve,requests,nginx_hit_fraction,10,0.0,0.0,0.0,0.0,0.0
unique-crawl,512,anubis-d5-nosolve,requests,origin_cpu_seconds_per_1000_attempts,10,0.0,0.0,0.0,0.0,0.0
unique-crawl,512,anubis-d5-nosolve,requests,origin_executions,10,0,0.0,0.0,0.0,0.0
unique-crawl,512,anubis-d5-nosolve,requests,origin_max_concurrency,10,0,0.0,0.0,0.0,0.0
unique-crawl,512,anubis-d5-nosolve,requests,server_cpu_seconds,10,0.1490051,0.14877995,0.0037381882545782404,0.14691442,0.1513163535
unique-crawl,512,anubis-d5-nosolve,requests,client_cpu_seconds,10,1.30129654,1.2844221999999998,0.05744662696324107,1.2714273985000002,1.337773991
unique-crawl,512,anubis-d5-nosolve,requests,delivered_fraction,10,0.0,0.0,0.0,0.0,0.0
unique-crawl,512,anubis-d5-nosolve,requests,delivered_per_second,10,0.0,0.0,0.0,0.0,0.0
unique-crawl,512,anubis-d5-nosolve,requests,attempted_per_second,10,722.5137773042493,710.762419472691,39.60882142445155,698.0089201233311,743.4214179163404
unique-crawl,512,anubis-d5-nosolve,requests,p50_ms,10,5.376627999999997,5.430380749999998,0.3318799115573737,5.174972827499996,5.568966124999993
unique-crawl,512,anubis-d5-nosolve,requests,p95_ms,10,16.93143481,16.643904649999993,2.0875714993499486,15.725410596874998,18.148235302500005
unique-crawl,512,anubis-d5-nosolve,requests,p99_ms,10,44.05007055999994,44.01627300499997,3.1210905970939202,42.303940452499944,45.961543326674914
unique-crawl,512,anubis-d5-nosolve,requests,server_peak_sampled_rss_bytes,10,60248473.6,60594176.0,1064668.4264100674,59572213.76,60815360.0
unique-crawl,512,anubis-d5-nosolve,requests,total_client_wire_read_bytes,10,2254544.8,2254573.0,263.6579433870922,2254379.5975,2254687.3024999998
unique-crawl,512,anubis-d5-nosolve,requests,total_client_wire_written_bytes,10,195696,195696.0,0.0,195696.0,195696.0
unique-crawl,512,anubis-d5-nosolve,requests,nginx_hit_fraction,10,0.0,0.0,0.0,0.0,0.0
unique-crawl,512,anubis-d5-solve,requests,origin_cpu_seconds_per_1000_attempts,10,5.061615625,5.077853515625,0.0869659675048544,5.00844521484375,5.110627553710938
unique-crawl,512,anubis-d5-solve,requests,origin_executions,10,512,512.0,0.0,512.0,512.0
unique-crawl,512,anubis-d5-solve,requests,origin_max_concurrency,10,2,2.0,0.0,2.0,2.0
unique-crawl,512,anubis-d5-solve,requests,server_cpu_seconds,10,15.04410943,15.1072974,0.332035356990527,14.845699857,15.2336833345
unique-crawl,512,anubis-d5-solve,requests,client_cpu_seconds,10,16.81268755,16.51158795,2.8595882748220567,15.085134390250001,18.48104476575
unique-crawl,512,anubis-d5-solve,requests,delivered_fraction,10,1.0,1.0,0.0,1.0,1.0
unique-crawl,512,anubis-d5-solve,requests,delivered_per_second,10,45.00317205484152,45.54692855920756,4.062820612534727,42.698406554089374,47.43223652970317
unique-crawl,512,anubis-d5-solve,requests,attempted_per_second,10,45.00317205484152,45.54692855920756,4.062820612534727,42.62220184011683,47.40909482382489
unique-crawl,512,anubis-d5-solve,requests,p50_ms,10,109.82098979999985,109.17736175000016,26.7030888136981,95.62122863999957,126.21436004499989
unique-crawl,512,anubis-d5-solve,requests,p95_ms,10,162.55308039,165.83040027499982,31.44795932633959,144.12902786887506,181.60043526999982
unique-crawl,512,anubis-d5-solve,requests,p99_ms,10,5138.9342701969945,5482.757458124997,1091.9838546959368,4470.524343673769,5753.4713329340675
unique-crawl,512,anubis-d5-solve,requests,server_peak_sampled_rss_bytes,10,106221568,104841216.0,4155967.914529124,103810129.92,108684083.2
unique-crawl,512,anubis-d5-solve,requests,total_client_wire_read_bytes,10,5257777.9,5257782.5,27.658432509614293,5257760.8975,5257793.4
unique-crawl,512,anubis-d5-solve,requests,total_client_wire_written_bytes,10,448532.4,448525.5,27.793684334555017,448516.9975,448549.2
unique-crawl,512,anubis-d5-solve,requests,nginx_hit_fraction,10,0.0,0.0,0.0,0.0,0.0
unique-crawl,512,bounded-cold,requests,origin_cpu_seconds_per_1000_attempts,10,0.0,0.0,0.0,0.0,0.0
unique-crawl,512,bounded-cold,requests,origin_executions,10,0,0.0,0.0,0.0,0.0
unique-crawl,512,bounded-cold,requests,origin_max_concurrency,10,0,0.0,0.0,0.0,0.0
unique-crawl,512,bounded-cold,requests,server_cpu_seconds,10,1.47647248,1.4761628,0.05345670762141809,1.4473238845,1.5101897145
unique-crawl,512,bounded-cold,requests,client_cpu_seconds,10,1.32427804,1.3163942,0.03452300206729164,1.3069062585,1.34723162375
unique-crawl,512,bounded-cold,requests,delivered_fraction,10,0.0,0.0,0.0,0.0,0.0
unique-crawl,512,bounded-cold,requests,delivered_per_second,10,0.0,0.0,0.0,0.0,0.0
unique-crawl,512,bounded-cold,requests,attempted_per_second,10,407.1812055744918,409.9202590535084,12.893163243664642,399.34248378289817,414.9292441121827
unique-crawl,512,bounded-cold,requests,p50_ms,10,17.212625300000006,17.440401000000037,0.6697418114359573,16.791803249999987,17.57097834625002
unique-crawl,512,bounded-cold,requests,p95_ms,10,41.843482095000006,41.49740104999999,4.075199491208085,39.472216858875015,44.28694584524999
unique-crawl,512,bounded-cold,requests,p99_ms,10,129.816034993,128.77972952,20.302597826548876,117.81026391262498,141.595422005075
unique-crawl,512,bounded-cold,requests,server_peak_sampled_rss_bytes,10,148033126.4,147339264.0,9667137.44354382,142671390.72,153857310.72
unique-crawl,512,bounded-cold,requests,total_client_wire_read_bytes,10,677600,677600.0,0.0,677600.0,677600.0
unique-crawl,512,bounded-cold,requests,total_client_wire_written_bytes,10,138992,138992.0,0.0,138992.0,138992.0
unique-crawl,512,bounded-cold,requests,nginx_hit_fraction,10,0.0,0.0,0.0,0.0,0.0
unique-crawl,512,bounded-cold,requests,artifact_hit_fraction,10,0.0,0.0,0.0,0.0,0.0
unique-crawl,512,bounded-warm,requests,origin_cpu_seconds_per_1000_attempts,10,0.0,0.0,0.0,0.0,0.0
unique-crawl,512,bounded-warm,requests,origin_executions,10,0,0.0,0.0,0.0,0.0
unique-crawl,512,bounded-warm,requests,origin_max_concurrency,10,0,0.0,0.0,0.0,0.0
unique-crawl,512,bounded-warm,requests,server_cpu_seconds,10,1.20239589,1.2022969000000003,0.03506269531892448,1.1819759814999995,1.2231981490000008
unique-crawl,512,bounded-warm,requests,client_cpu_seconds,10,1.41694601,1.40927875,0.03756094181585882,1.3953001305,1.4396049975
unique-crawl,512,bounded-warm,requests,delivered_fraction,10,1.0,1.0,0.0,1.0,1.0
unique-crawl,512,bounded-warm,requests,delivered_per_second,10,436.88102360377843,436.6839640995743,8.664672322685131,431.5647709967085,442.4792413029964
unique-crawl,512,bounded-warm,requests,attempted_per_second,10,436.88102360377843,436.6839640995743,8.664672322685131,431.4891304745704,442.45736455093976
unique-crawl,512,bounded-warm,requests,p50_ms,10,14.248103550000002,14.22962050000001,0.8077600355366374,13.782730158749994,14.718185140000006
unique-crawl,512,bounded-warm,requests,p95_ms,10,37.88547282999998,36.93732369999999,5.571020658429865,34.692558564749994,41.31227292937497
unique-crawl,512,bounded-warm,requests,p99_ms,10,88.19364033099997,83.58314329999999,15.863627659385077,79.17851469957499,97.76546033954997
unique-crawl,512,bounded-warm,requests,server_peak_sampled_rss_bytes,10,183502438.4,183230464.0,2187595.677557096,182255206.4,184817274.88
unique-crawl,512,bounded-warm,requests,total_client_wire_read_bytes,10,5708388,5708388.0,0.0,5708388.0,5708388.0
unique-crawl,512,bounded-warm,requests,total_client_wire_written_bytes,10,138992,138992.0,0.0,138992.0,138992.0
unique-crawl,512,bounded-warm,requests,nginx_hit_fraction,10,0.0,0.0,0.0,0.0,0.0
unique-crawl,512,bounded-warm,requests,artifact_hit_fraction,10,1.0,1.0,0.0,1.0,1.0
unique-crawl,512,cgit,requests,origin_cpu_seconds_per_1000_attempts,10,4.7328023437499995,4.73651953125,0.04105042827102463,4.7098863330078125,4.758325981445313
unique-crawl,512,cgit,requests,origin_executions,10,512,512.0,0.0,512.0,512.0
unique-crawl,512,cgit,requests,origin_max_concurrency,10,2,2.0,0.0,2.0,2.0
unique-crawl,512,cgit,requests,server_cpu_seconds,10,13.62652192,13.5975036,0.12465368776685784,13.56486859825,13.70907164
unique-crawl,512,cgit,requests,client_cpu_seconds,10,1.4298639,1.4272017,0.019639878231009728,1.41836644225,1.44160058175
unique-crawl,512,cgit,requests,delivered_fraction,10,1.0,1.0,0.0,1.0,1.0
unique-crawl,512,cgit,requests,delivered_per_second,10,67.61669380890072,67.68929145427099,0.6626793903162896,67.21297273791556,67.97790667234595
unique-crawl,512,cgit,requests,attempted_per_second,10,67.61669380890072,67.68929145427099,0.6626793903162896,67.2114644464042,67.97381031120045
unique-crawl,512,cgit,requests,p50_ms,10,220.9564108500001,219.94875574999986,3.1358681060145854,219.93344115000016,222.9552461537502
unique-crawl,512,cgit,requests,p95_ms,10,248.77351282499998,249.93044619999992,3.650413757376883,246.41956038550006,250.59236978362492
unique-crawl,512,cgit,requests,p99_ms,10,270.964984564,269.719213815,11.392019621290466,264.63234401302515,277.922816105975
unique-crawl,512,cgit,requests,server_peak_sampled_rss_bytes,10,74071654.4,72265728.0,3777822.5370318284,72129331.2,76531148.8
unique-crawl,512,cgit,requests,total_client_wire_read_bytes,10,5172820,5172820.0,0.0,5172820.0,5172820.0
unique-crawl,512,cgit,requests,total_client_wire_written_bytes,10,131712,131712.0,0.0,131712.0,131712.0
unique-crawl,512,cgit,requests,nginx_hit_fraction,10,0.0,0.0,0.0,0.0,0.0
unique-crawl,512,nginx-cold,requests,origin_cpu_seconds_per_1000_attempts,10,4.653028125,4.660052734375,0.047069108473535896,4.62477404296875,4.679271435546874
unique-crawl,512,nginx-cold,requests,origin_executions,10,512,512.0,0.0,512.0,512.0
unique-crawl,512,nginx-cold,requests,origin_max_concurrency,10,2,2.0,0.0,2.0,2.0
unique-crawl,512,nginx-cold,requests,server_cpu_seconds,10,13.81485911,13.78689035,0.15849043316266712,13.7214527685,13.906784012
unique-crawl,512,nginx-cold,requests,client_cpu_seconds,10,1.38013516,1.3743441,0.024429428031608785,1.3672146327499999,1.395689092
unique-crawl,512,nginx-cold,requests,delivered_fraction,10,1.0,1.0,0.0,1.0,1.0
unique-crawl,512,nginx-cold,requests,delivered_per_second,10,63.340276473704236,63.48593894322019,0.6981069399234807,62.91287189171058,63.734731188455214
unique-crawl,512,nginx-cold,requests,attempted_per_second,10,63.340276473704236,63.48593894322019,0.6981069399234807,62.914525218757696,63.735082931541115
unique-crawl,512,nginx-cold,requests,p50_ms,10,238.62452205,238.36944574999995,3.4465735261452033,236.70318256000007,240.73460120375
unique-crawl,512,nginx-cold,requests,p95_ms,10,261.780982305,260.438179375,6.18359675593869,258.26373248,265.54681022112504
unique-crawl,512,nginx-cold,requests,p99_ms,10,393.57099063299995,435.0516329049998,77.62625061568991,345.0350589035,436.5334129619748
unique-crawl,512,nginx-cold,requests,server_peak_sampled_rss_bytes,10,75564236.8,76285952.0,3559719.6528280084,73442826.24000001,77604495.36
unique-crawl,512,nginx-cold,requests,total_client_wire_read_bytes,10,5182036,5182036.0,0.0,5182036.0,5182036.0
unique-crawl,512,nginx-cold,requests,total_client_wire_written_bytes,10,131712,131712.0,0.0,131712.0,131712.0
unique-crawl,512,nginx-cold,requests,nginx_hit_fraction,10,0.0,0.0,0.0,0.0,0.0
unique-crawl,512,nginx-warm,requests,origin_cpu_seconds_per_1000_attempts,10,0.0,0.0,0.0,0.0,0.0
unique-crawl,512,nginx-warm,requests,origin_executions,10,0,0.0,0.0,0.0,0.0
unique-crawl,512,nginx-warm,requests,origin_max_concurrency,10,0,0.0,0.0,0.0,0.0
unique-crawl,512,nginx-warm,requests,server_cpu_seconds,10,0.02308784000000035,0.023159450000000525,0.0009130218412867228,0.022539909750000885,0.023616174750000378
unique-crawl,512,nginx-warm,requests,client_cpu_seconds,10,1.21772491,1.2125602500000001,0.03418593467564791,1.1995381535,1.2392156885
unique-crawl,512,nginx-warm,requests,delivered_fraction,10,1.0,1.0,0.0,1.0,1.0
unique-crawl,512,nginx-warm,requests,delivered_per_second,10,758.2628861565095,763.5785154930963,16.65214157098991,747.5900402246309,763.8642560174974
unique-crawl,512,nginx-warm,requests,attempted_per_second,10,758.2628861565095,763.5785154930963,16.65214157098991,747.5785932805145,763.8688024190413
unique-crawl,512,nginx-warm,requests,p50_ms,10,3.393958499999998,3.5722114999999803,0.4943287884734975,3.0849345437499993,3.6688135537500033
unique-crawl,512,nginx-warm,requests,p95_ms,10,22.272002415000003,22.185386550000004,1.970158699623972,21.172841003624995,23.4757756585
unique-crawl,512,nginx-warm,requests,p99_ms,10,45.77845339299997,46.037377369999966,5.601848913662081,42.51938302149998,49.02075888167496
unique-crawl,512,nginx-warm,requests,server_peak_sampled_rss_bytes,10,30608588.8,30531584.0,577443.3564780378,30276403.2,30956349.439999998
unique-crawl,512,nginx-warm,requests,total_client_wire_read_bytes,10,5181524,5181524.0,0.0,5181524.0,5181524.0
unique-crawl,512,nginx-warm,requests,total_client_wire_written_bytes,10,131712,131712.0,0.0,131712.0,131712.0
unique-crawl,512,nginx-warm,requests,nginx_hit_fraction,10,1.0,1.0,0.0,1.0,1.0
