repetition,workload,scale,mode,phase,attempted,delivered,delivered_fraction,wall_seconds,attempted_per_second,delivered_per_second,origin_cpu_seconds_per_1000_attempts,origin_cpu_seconds,origin_executions,origin_max_concurrency,origin_executions_per_unique_operation,server_cpu_seconds,client_cpu_seconds,server_overhead_cpu_seconds,origin_to_client_cpu_ratio,server_peak_sampled_rss_bytes,server_cgroup_memory_high_water_bytes,cell_final_cache_file_bytes,cell_final_cache_allocated_bytes,p50_ms,p95_ms,p99_ms,request_wire_read_bytes,request_wire_written_bytes,total_client_wire_read_bytes,total_client_wire_written_bytes,module_body_bytes,origin_logical_read_bytes,origin_logical_written_bytes,origin_disk_read_bytes,origin_disk_written_bytes,challenges,pow_hashes,nginx_hits,nginx_hit_fraction,object_requests,object_cache_hits,outcome_semantic_mismatch,cell,client_cgroup_memory_high_water_bytes,native_peak_rss_kib,pow_ms,outcome_delivered,outcome_challenge,artifact_attempts,artifact_hits,artifact_hit_fraction,outcome_artifact_miss,anonymous_render_calls,outcome_comparison_limit
run-00,ref-update,256,nginx-warm,after-publication,32,0,0.0,0.168842814,189.52538898101994,0.0,0.0,0.0,0,0,0.0,0.002223900000000001,0.25465750000000004,0.002223900000000001,0.0,30117888,19533824,70015,73728,0.9539960000000036,9.461279550000008,12.84847417,2214336,7136,2214336,7136,0,0,0,0,0,0,0,32,1.0,0,0,32,000-n256-ref-update-nginx-warm,81477632,0,0,,,,,,,,
run-00,ref-update,256,nginx-warm,requests,32,32,1.0,0.21852835,146.43408967303327,146.43408967303327,0.0,0.0,0,0,0.0,0.002882599999999999,0.2851856,0.002882599999999999,0.0,30117888,19533824,70015,73728,1.3314649999999943,11.514628999999994,16.45901930000001,2214336,7136,2214336,7136,0,0,0,0,0,0,0,32,1.0,0,0,,000-n256-ref-update-nginx-warm,81477632,0,0,32,,,,,,,
run-00,comparisons,256,nginx-warm,requests,64,64,1.0,1.276927639,50.120302862361335,50.120302862361335,0.0,0.0,0,0,0.0,0.16692650000000242,2.1270191,0.16692650000000242,0.0,64512000,303808512,136509511,136548352,10.4835025,96.83517704999994,184.14659836999968,546008608,19200,546008608,19200,0,0,0,0,0,0,0,64,1.0,0,0,,001-n256-comparisons-nginx-warm,650518528,0,0,64,,,,,,,
run-00,unique-crawl,128,nginx-cold,requests,128,128,1.0,2.27533462,56.25546188894185,56.25546188894185,4.621343749999999,0.591532,128,2,1.0,3.4663702,0.9489847,2.8748382,0.623331440433128,64782336,48582656,1363874,1597440,232.27363100000008,254.28498649999995,432.26221107000003,1313843,32928,1313843,32928,0,2422272,1296654,0,0,0,0,0,0.0,0,0,,002-n128-unique-crawl-nginx-cold,264417280,14480,0,128,,,,,,,
run-00,alias-flood,128,anubis-d5-nosolve,requests,128,0,0.0,0.570216349,224.47620140053195,0.0,0.0,0,0,0,0.0,0.046190600000000005,0.9944805,0.046190600000000005,0.0,57511936,27332608,0,0,5.301440500000012,50.3706104999999,66.28297602999999,563499,47920,563499,47920,0,0,0,0,0,128,0,0,0.0,0,0,,003-n128-alias-flood-anubis-d5-nosolve,257847296,0,0,,128,,,,,,
run-00,alias-flood,128,bounded-cold,requests,128,0,0.0,0.871472432,146.87785327442234,0.0,0.0,0,0,0,0.0,0.6032968000000001,1.096861,0.6032968000000001,0.0,96845824,79155200,0,0,24.15437350000002,133.99295289999998,136.79571387000004,17280,33472,625760,40752,604496,0,0,0,0,0,0,0,0.0,0,0,,004-n128-alias-flood-bounded-cold,270286848,0,0,,,128,0,0.0,128,0,
run-00,unique-crawl,512,bounded-warm,requests,512,512,1.0,1.172258746,436.7636426233155,436.7636426233155,0.0,0.0,0,0,0.0,1.1453318999999986,1.4498839,1.1453318999999986,0.0,181153792,179187712,5317361,8028160,14.98155250000002,33.72426749999999,83.90483583999999,5099908,131712,5708388,138992,604496,0,0,0,0,0,0,0,0.0,0,0,,005-n512-unique-crawl-bounded-warm,302395392,0,0,512,,512,512,1.0,,0,
run-00,large-plain,256,nginx-warm,requests,32,32,1.0,0.418676614,76.43130504537805,76.43130504537805,0.0,0.0,0,0,0.0,0.06045879999999999,0.7613776,0.06045879999999999,0.0,33964032,27537408,4107165,4112384,32.37548799999999,80.98679625,87.04915137000002,131400224,10048,131400224,10048,0,0,0,0,0,0,0,32,1.0,0,0,,006-n256-large-plain-nginx-warm,389971968,0,0,32,,,,,,,
run-00,alias-flood,512,bounded-warm,requests,512,512,1.0,1.374671611,372.45258860590525,372.45258860590525,0.0,0.0,0,0,0.0,1.6852343000000003,1.3879076,1.6852343000000003,0.0,158294016,139935744,59759,81920,21.50120050000004,47.11748269999996,96.61722033000001,7431680,133888,8040160,141168,604496,0,0,0,0,0,0,0,0.0,0,0,,007-n512-alias-flood-bounded-warm,303738880,0,0,512,,512,512,1.0,,0,
run-00,unique-crawl,32,anubis-d5-solve,requests,32,32,1.0,9.171245185,3.489166340502759,3.489166340502759,4.575187499999999,0.14640599999999998,32,1,1.0,0.9157636,17.1409119,0.7693576,0.00854131920484347,77074432,34541568,0,0,358.96579149999997,7035.755368099999,8398.204982270001,439930,41433,439930,41433,0,606080,351213,0,0,16,18119560,0,0.0,0,0,,008-n32-unique-crawl-anubis-d5-solve,614862848,11624,70654.990418,32,,,,,,,
run-00,unique-crawl,512,anubis-d5-solve,requests,512,512,1.0,10.724709279,47.74022182610997,47.74022182610997,5.02309375,2.571824,512,2,1.0,14.8437415,15.2811608,12.2719175,0.16830030346909247,104722432,60788736,0,0,109.91813400000046,160.3472743499996,5424.258877959999,5257776,448549,5257776,448549,0,9699328,5113281,0,0,16,14732931,0,0.0,0,0,,009-n512-unique-crawl-anubis-d5-solve,719224832,14576,69210.575084,512,,,,,,,
run-00,alias-flood,512,nginx-warm,requests,512,512,1.0,0.66956395,764.6767720992146,764.6767720992146,0.15905078125,0.08143399999999999,12,2,3.0,0.38931240000000006,1.2150722,0.30787840000000005,0.06701988573189313,52649984,30179328,241671,266240,1.6225129999999979,24.37278844999995,118.05420101999984,7517708,133888,7517708,133888,0,227040,174597,0,0,0,0,500,0.9765625,0,0,,010-n512-alias-flood-nginx-warm,274333696,11480,0,512,,,,,,,
run-00,ref-update,256,bounded-warm,after-publication,32,0,0.0,0.269081286,118.92317178831976,0.0,0.0,0.0,0,0,0.0,0.1427976999999998,0.3039737,0.1427976999999998,0.0,97722368,78020608,138685,147456,4.438403500000007,9.084817399999988,12.772953560000005,4320,7136,156440,8956,151124,0,0,0,0,0,0,0,0.0,0,0,,011-n256-ref-update-bounded-warm,87113728,0,0,,,32,0,0.0,32,0,
run-00,ref-update,256,bounded-warm,after-update-preparation,32,32,1.0,0.318629872,100.43000613577124,100.43000613577124,0.0,0.0,0,0,0.0,0.18260080000000012,0.29740559999999994,0.18260080000000012,0.0,106430464,85516288,138685,147456,8.229069499999994,15.146605450000008,17.265012600000002,2206752,7136,2358872,8956,151124,0,0,0,0,0,0,0,0.0,0,0,,011-n256-ref-update-bounded-warm,87113728,0,0,32,,32,32,1.0,,0,
run-00,ref-update,256,bounded-warm,requests,32,32,1.0,0.369687528,86.5595876959095,86.5595876959095,0.0,0.0,0,0,0.0,0.30671059999999994,0.3113764,0.30671059999999994,0.0,97603584,77045760,138685,147456,12.047807000000006,33.9463618,41.16777583000002,2206912,7136,2359032,8956,151124,0,0,0,0,0,0,0,0.0,0,0,,011-n256-ref-update-bounded-warm,87113728,0,0,32,,32,32,1.0,,0,
run-00,alias-flood,32,anubis-d4-solve,requests,32,32,1.0,1.374099721,23.287975036274677,23.287975036274677,7.1219375,0.227902,32,2,8.0,1.0251234,2.2997681,0.7972214,0.09909781773214438,96514048,43454464,0,0,171.13241249999987,817.5299515,873.84110596,554484,41697,554484,41697,0,605952,465592,0,0,16,1208338,0,0.0,0,0,,012-n32-alias-flood-anubis-d4-solve,361492480,11592,6824.896603,32,,,,,,,
run-00,repeat-burst,512,anubis-d4-solve,requests,512,512,1.0,8.94411857,57.24432161681416,57.24432161681416,6.987939453125,3.577825,512,2,128.0,15.6311875,3.2082843,12.053362499999999,1.115183277242606,114393088,70258688,0,0,259.6576465000003,299.6642631499998,855.6419684399993,7510454,445673,7510454,445673,0,9699328,7366144,0,0,16,1485766,0,0.0,0,0,,013-n512-repeat-burst-anubis-d4-solve,516833280,11712,8560.581274,512,,,,,,,
run-00,session-churn,256,anubis-d5-nosolve,requests,128,0,0.0,0.319075794,401.1586037140755,0.0,0.0,0,0,0,0.0,0.043587200000000006,0.5575512,0.043587200000000006,0.0,59875328,29368320,0,0,1.614638499999998,15.802852200000002,25.377834710000016,563488,44640,563488,44640,0,0,0,0,0,128,0,0,0.0,0,0,,014-n256-session-churn-anubis-d5-nosolve,141606912,0,0,,128,,,,,,
run-00,repeat-burst,32,bounded-warm,requests,32,32,1.0,0.671106004,47.68248206582876,47.68248206582876,0.0,0.0,0,0,0.0,0.2635786,0.9153895,0.2635786,0.0,97423360,77451264,59108,81920,66.3979405,102.28757269999998,104.23477310000003,459272,8064,1067752,15344,604496,0,0,0,0,0,0,0,0.0,0,0,,015-n32-repeat-burst-bounded-warm,265605120,0,0,32,,32,32,1.0,,0,
run-00,alias-flood,32,anubis-d5-nosolve,requests,32,0,0.0,0.52067105,61.45914968769629,0.0,0.0,0,0,0,0.0,0.019201100000000006,0.8867912,0.019201100000000006,0.0,53993472,25128960,0,0,8.37891900000001,47.85103199999999,58.87630648999999,140919,10432,140919,10432,0,0,0,0,0,32,0,0,0.0,0,0,,016-n32-alias-flood-anubis-d5-nosolve,251879424,0,0,,32,,,,,,
run-00,repeat-burst,32,nginx-cold,requests,32,32,1.0,0.923320761,34.657511616377484,34.657511616377484,0.89840625,0.028749,4,2,1.0,0.13049670000000002,0.8344656,0.10174770000000002,0.034451989392971984,42475520,27291648,60076,69632,7.7108209999999815,513.0621561500001,518.66931844,464652,8064,464652,8064,0,75680,57548,0,0,0,0,28,0.875,0,0,,017-n32-repeat-burst-nginx-cold,254132224,11252,0,32,,,,,,,
run-00,large-plain,256,bounded-warm,requests,32,32,1.0,0.921135491,34.739731899006806,34.739731899006806,0.0,0.0,0,0,0.0,1.2697022,1.0833032,1.2697022,0.0,173539328,159518720,4106402,4112384,123.91878849999998,253.38583954999996,288.11940001,131455744,10048,131759984,13688,302248,0,0,0,0,0,0,0,0.0,0,0,,018-n256-large-plain-bounded-warm,305569792,0,0,32,,32,32,1.0,,0,
run-00,repeat-burst,128,anubis-d5-solve,requests,128,128,1.0,9.712835807,13.178437538061845,13.178437538061845,6.977796875,0.893158,128,2,32.0,3.9418781000000003,17.6039267,3.0487201,0.05073629396559576,88846336,48361472,0,0,70.07500649999997,4516.2239303,8080.76661827,1941201,121988,1941201,121988,0,2424832,1841536,0,0,16,17587375,0,0.0,0,0,,019-n128-repeat-burst-anubis-d5-solve,714358784,11796,70644.035822,128,,,,,,,
run-00,large-plain,256,anubis-d4-solve,requests,32,32,1.0,1.022358138,31.300186119318592,31.300186119318592,6.71496875,0.214879,32,2,32.0,1.1070300000000002,1.2889544,0.8921510000000001,0.16670799215239887,139964416,93663232,0,0,145.540999,409.81183609999994,482.20929948,131443058,37089,131443058,37089,0,604096,131396512,0,0,8,360083,0,0.0,0,0,,020-n256-large-plain-anubis-d4-solve,369491968,10132,1511.4720029999999,32,,,,,,,
run-00,alias-flood,32,bounded-cold,requests,32,0,0.0,0.670030781,47.75899989585702,0.0,0.0,0,0,0,0.0,0.30199109999999996,0.9073328,0.30199109999999996,0.0,93503488,73564160,0,0,72.835636,123.8961379,126.88078429999999,4320,8368,612800,15648,604496,0,0,0,0,0,0,0,0.0,0,0,,021-n32-alias-flood-bounded-cold,265543680,0,0,,,32,0,0.0,32,0,
run-00,large-plain,256,cgit,requests,32,32,1.0,0.820654911,38.993247430892424,38.993247430892424,6.86640625,0.219725,32,2,32.0,1.0633933,0.7320332,0.8436683,0.30015715134231613,76746752,81534976,0,0,141.85422549999998,153.71771435000002,157.71499233,131399680,10048,131399680,10048,0,602688,131396512,0,0,0,0,0,0.0,0,0,,022-n256-large-plain-cgit,424943616,10136,0,32,,,,,,,
run-00,alias-flood,32,anubis-d5-solve,requests,32,32,1.0,8.411683661,3.804232456858199,3.804232456858199,6.83596875,0.218751,32,1,8.0,0.9912661,15.2274346,0.7725151,0.014365584600836177,78622720,38002688,0,0,250.9576469999999,6471.499609099999,7468.044290460001,554474,41712,554474,41712,0,605952,465592,0,0,16,15155782,0,0.0,0,0,,023-n32-alias-flood-anubis-d5-solve,643010560,11648,63166.119406,32,,,,,,,
run-00,alias-flood,128,bounded-warm,requests,128,128,1.0,0.820198265,156.05982780273254,156.05982780273254,0.0,0.0,0,0,0.0,0.6131385999999999,1.0654729,0.6131385999999999,0.0,113684480,93495296,59759,81920,29.554576999999966,85.49371385000002,103.30981648,1857920,33472,2466400,40752,604496,0,0,0,0,0,0,0,0.0,0,0,,024-n128-alias-flood-bounded-warm,274370560,0,0,128,,128,128,1.0,,0,
run-00,ref-update,256,bounded-cold,after-publication,32,0,0.0,0.319278167,100.22608279381659,0.0,0.0,0,0,0,0.0,0.16938699999999995,0.27986089999999997,0.16938699999999995,0.0,99528704,78360576,0,0,6.381445499999998,22.105679899999995,22.96545791999999,4320,7136,156440,8956,151124,0,0,0,0,0,0,0,0.0,0,0,,025-n256-ref-update-bounded-cold,79122432,0,0,,,32,0,0.0,32,0,
run-00,ref-update,256,bounded-cold,requests,32,0,0.0,0.319781686,100.06826970072326,0.0,0.0,0,0,0,0.0,0.27267679999999994,0.2915251,0.27267679999999994,0.0,98422784,77615104,0,0,8.64833400000002,42.003724749999996,54.27758574000001,4320,7136,156440,8956,151124,0,0,0,0,0,0,0,0.0,0,0,,025-n256-ref-update-bounded-cold,78962688,0,0,,,32,0,0.0,32,0,
run-00,comparisons,256,nginx-cold,requests,64,64,1.0,17.715031885,3.612751047554776,3.612751047554776,321.8285625,20.597027999999998,16,2,1.0,32.0435317,2.0557759,11.446503700000004,10.019101790229177,986116096,478769152,136509511,136548352,8.452918000000409,5236.805361499988,12633.31293197999,546008624,19200,546008624,19200,0,301728,136499997,0,0,0,0,48,0.75,0,0,,026-n256-comparisons-nginx-cold,489291776,390596,0,64,,,,,,,
run-00,alias-flood,128,nginx-cold,requests,128,128,1.0,0.669764687,191.11189718486904,191.11189718486904,0.90340625,0.11563599999999999,16,2,4.0,0.5306808999999999,0.9907278,0.41504489999999994,0.11671823481686895,68427776,33398784,241671,266240,0.6324554999999918,140.29400174999995,237.70422675000006,1879440,33472,1879440,33472,0,302720,232796,0,0,0,0,112,0.875,0,0,,027-n128-alias-flood-nginx-cold,257376256,11540,0,128,,,,,,,
run-00,unique-crawl,32,anubis-d4-solve,requests,32,32,1.0,1.573070411,20.342382500003684,20.342382500003684,4.5885,0.146832,32,2,1.0,0.9285810999999999,2.7786762,0.7817491,0.05284242906748184,87089152,43163648,0,0,174.18001450000003,1054.6107891,1076.71819793,439928,41441,439928,41441,0,606080,351213,0,0,16,1675252,0,0.0,0,0,,028-n32-unique-crawl-anubis-d4-solve,375246848,11392,9811.942017,32,,,,,,,
run-00,comparisons,256,bounded-cold,requests,64,28,0.4375,106.267963866,0.6022511175682415,0.26348486393610565,0.0,0,0,0,0.0,5.5531495,16.2047038,5.5531495,0.0,192307200,171040768,0,0,180.48910700000124,50503.478282649994,53735.67279371,11978345,1821872,12130465,1823692,151124,0,0,0,0,0,0,0,0.0,7388,24800,,029-n256-comparisons-bounded-cold,434229248,0,0,28,,0,0,,,0,36
run-00,large-plain,256,anubis-d5-solve,requests,32,32,1.0,2.977674468,10.746641496205353,10.746641496205353,7.193468749999999,0.23019099999999998,32,1,32.0,1.1564491000000001,4.5531829,0.9262581000000001,0.050556062661133154,92491776,56180736,0,0,43.99744800000008,1423.6708016999999,2298.5574630900014,131443059,37106,131443059,37106,0,604096,131396512,0,0,8,4081924,0,0.0,0,0,,030-n256-large-plain-anubis-d5-solve,362311680,10084,8453.937402,32,,,,,,,
run-00,ref-update,256,cgit,after-publication,32,32,1.0,0.519489039,61.59898977194782,61.59898977194782,1.91665625,0.061333,32,2,32.0,0.6779885999999999,0.27134330000000006,0.6166556,0.22603469479438035,46108672,27004928,0,0,43.393675499999986,65.65977384999997,90.07608822999998,2213632,7136,2213632,7136,0,602560,2210464,0,0,0,0,0,0.0,0,0,,031-n256-ref-update-cgit,82739200,8428,0,32,,,,,,,
run-00,ref-update,256,cgit,requests,32,32,1.0,0.570991584,56.042857542362654,56.042857542362654,1.94521875,0.062247,32,2,32.0,0.6837505,0.2773017,0.6215035,0.22447392136434793,49848320,26693632,0,0,44.363223000000005,86.12878485000002,87.44104277000001,2213792,7136,2213792,7136,0,602560,2210624,0,0,0,0,0,0.0,0,0,,031-n256-ref-update-cgit,81408000,8424,0,32,,,,,,,
run-00,large-plain,256,anubis-d5-nosolve,requests,32,0,0.0,0.269817922,118.59849695232624,0.0,0.0,0,0,0,0.0,0.015717600000000005,0.4677983,0.015717600000000005,0.0,55808000,27258880,0,0,3.485797000000005,20.92284389999999,24.756481600000004,140916,13144,140916,13144,0,0,0,0,0,32,0,0,0.0,0,0,,032-n256-large-plain-anubis-d5-nosolve,137064448,0,0,,32,,,,,,
run-00,repeat-burst,32,nginx-warm,requests,32,32,1.0,0.470598146,67.99856793315969,67.99856793315969,0.0,0.0,0,0,0.0,0.002730299999999991,0.8593097,0.002730299999999991,0.0,30154752,22265856,60076,69632,6.171365000000009,50.519753600000016,55.165928160000014,464648,8064,464648,8064,0,0,0,0,0,0,0,32,1.0,0,0,,033-n32-repeat-burst-nginx-warm,258711552,0,0,32,,,,,,,
run-00,repeat-burst,32,anubis-d4-solve,requests,32,32,1.0,1.172968192,27.28121718751603,27.28121718751603,7.4504062499999995,0.23841299999999999,32,2,8.0,1.0808100999999999,1.88467,0.8423970999999999,0.12650119118996958,86712320,48336896,0,0,162.30569899999998,643.7573996,752.7711733900002,548898,41061,548898,41061,0,606080,460384,0,0,16,796018,0,0.0,0,0,,034-n32-repeat-burst-anubis-d4-solve,354717696,11576,4828.654486,32,,,,,,,
run-00,alias-flood,512,anubis-d5-solve,requests,512,512,1.0,12.029912137,42.56057684953979,42.56057684953979,7.436005859375,3.807235,512,2,128.0,16.8005877,19.2267402,12.9933527,0.19801770661050488,108257280,57438208,0,0,89.9545340000002,180.00976350000013,5486.050926209995,7594170,450904,7594170,450904,0,9697280,7449472,0,0,16,18100974,0,0.0,0,0,,035-n512-alias-flood-anubis-d5-solve,646012928,11772,60650.396516,512,,,,,,,
run-00,unique-crawl,512,cgit,requests,512,512,1.0,7.487138636,68.38393475688808,68.38393475688808,4.68278515625,2.397586,512,2,1.0,13.4765708,1.4335013,11.078984799999999,1.6725384204395208,71036928,49905664,0,0,219.9000620000004,239.97672120000033,262.14561683999995,5172820,131712,5172820,131712,0,9676800,5113281,0,0,0,0,0,0.0,0,0,,036-n512-unique-crawl-cgit,298778624,14616,0,512,,,,,,,
run-00,alias-flood,128,nginx-warm,requests,128,128,1.0,0.620718319,206.2126991937546,206.2126991937546,0.6698671875,0.085743,12,2,3.0,0.39338270000000003,0.9064774,0.3076397,0.09458923079604632,62849024,33202176,241671,266240,0.7297115000000076,89.47848599999979,155.68907496000014,1879436,33472,1879436,33472,0,227040,174597,0,0,0,0,116,0.90625,0,0,,037-n128-alias-flood-nginx-warm,250773504,11524,0,128,,,,,,,
run-00,comparisons,256,cgit,requests,64,64,1.0,64.673479052,0.9895864725097206,0.9895864725097206,1232.8835625,78.90454799999999,64,2,4.0,117.41609740000001,2.2180085,38.51154940000002,35.574502081484354,1042583552,507404288,0,0,1701.0955954999954,10396.607400149993,13685.169837059993,546007520,19200,546007520,19200,0,1205376,545999988,0,0,0,0,0,0.0,0,0,,038-n256-comparisons-cgit,540536832,391144,0,64,,,,,,,
run-00,repeat-burst,32,anubis-d5-nosolve,requests,32,0,0.0,0.521328701,61.381619578239956,0.0,0.0,0,0,0,0.0,0.01981730000000001,0.8873264,0.01981730000000001,0.0,55947264,25493504,0,0,17.927984500000008,59.76938174999998,60.32395014999998,140881,10128,140881,10128,0,0,0,0,0,32,0,0,0.0,0,0,,039-n32-repeat-burst-anubis-d5-nosolve,254681088,0,0,,32,,,,,,
run-00,unique-crawl,512,bounded-cold,requests,512,0,0.0,1.22424318,418.21756360529616,0.0,0.0,0,0,0,0.0,1.4792868000000001,1.3094484,1.4792868000000001,0.0,138752000,121556992,0,0,17.481698499999993,43.06344404999999,112.35516900000003,69120,131712,677600,138992,604496,0,0,0,0,0,0,0,0.0,0,0,,040-n512-unique-crawl-bounded-cold,282411008,0,0,,,512,0,0.0,512,0,
run-00,repeat-burst,512,cgit,requests,512,512,1.0,8.394281777,60.99390199205128,60.99390199205128,6.95968359375,3.563358,512,2,128.0,15.2380417,1.5784231,11.6746837,2.2575429870482764,81874944,47980544,0,0,249.89375950000021,284.26580745,299.92889145000026,7425664,129024,7425664,129024,0,9676800,7366144,0,0,0,0,0,0.0,0,0,,041-n512-repeat-burst-cgit,291938304,11708,0,512,,,,,,,
run-00,session-churn,256,nginx-warm,requests,128,128,1.0,0.318767448,401.54664725991717,401.54664725991717,0.0,0.0,0,0,0.0,0.005265399999999976,0.5532382,0.005265399999999976,0.0,29863936,23547904,337941,401408,0.7381425000000092,14.673378649999973,23.10134718000001,1300888,32256,1300888,32256,0,0,0,0,0,0,0,128,1.0,0,0,,042-n256-session-churn-nginx-warm,140566528,0,0,128,,,,,,,
run-00,repeat-burst,128,bounded-cold,requests,128,0,0.0,0.820628407,155.97802721445396,0.0,0.0,0,0,0,0.0,0.6265645000000001,1.0572838,0.6265645000000001,0.0,99438592,79040512,0,0,25.013731500000006,94.47125559999999,96.96273156000004,17280,32256,625760,39536,604496,0,0,0,0,0,0,0,0.0,0,0,,043-n128-repeat-burst-bounded-cold,277422080,0,0,,,128,0,0.0,128,0,
run-00,unique-crawl,128,anubis-d5-solve,requests,128,128,1.0,10.677189551,11.988173422285252,11.988173422285252,4.6907421875,0.6004149999999999,128,2,1.0,3.5356318,18.9186142,2.9352168,0.03173673259852193,90062848,49340416,0,0,70.23374000000013,4134.232668549999,8473.90742257,1396481,122828,1396481,122828,0,2424832,1296654,0,0,16,19787008,0,0.0,0,0,,044-n128-unique-crawl-anubis-d5-solve,622845952,14664,64742.081766,128,,,,,,,
run-00,repeat-burst,32,cgit,requests,32,32,1.0,0.920730955,34.75499528524052,34.75499528524052,6.885812499999999,0.220346,32,2,8.0,0.9527003,0.8336992,0.7323543000000001,0.2642991620958734,60768256,35147776,0,0,233.05404,281.31151495,285.95373524000007,464104,8064,464104,8064,0,604672,460384,0,0,0,0,0,0.0,0,0,,045-n32-repeat-burst-cgit,259452928,11484,0,32,,,,,,,
run-00,human-mix,256,bounded-cold,requests,40,8,0.2,7.57214608,5.282518268585754,1.0565036537171508,0.0,0,0,0,0.0,0.5546915999999998,0.3675949,0.5546915999999998,0.0,97509376,76156928,0,0,4.534803999999951,304.35896584999983,980.2839949299992,377471,26128,453531,27038,75562,0,0,0,0,0,0,0,0.0,64,24,,046-n256-human-mix-bounded-cold,63787008,0,0,8,,31,0,0.0,31,0,1
run-00,repeat-burst,512,bounded-warm,requests,512,512,1.0,1.423045426,359.7917470836943,359.7917470836943,0.0,0.0,0,0,0.0,1.6872885,1.3975228,1.6872885,0.0,173113344,154046464,59108,81920,20.59932950000001,50.0051625,157.65516422,7348352,129024,7956832,136304,604496,0,0,0,0,0,0,0,0.0,0,0,,047-n512-repeat-burst-bounded-warm,299663360,0,0,512,,512,512,1.0,,0,
run-00,alias-flood,32,cgit,requests,32,32,1.0,0.921215432,34.73671726332956,34.73671726332956,6.947937499999999,0.22233399999999998,32,2,8.0,0.9631117,0.8222609,0.7407777,0.27039349675997,60137472,36749312,0,0,221.3601185,291.7849692,302.76397773,469312,8368,469312,8368,0,604544,465592,0,0,0,0,0,0.0,0,0,,048-n32-alias-flood-cgit,258125824,11588,0,32,,,,,,,
run-00,repeat-burst,32,bounded-cold,requests,32,0,0.0,0.62252103,51.403885905669725,0.0,0.0,0,0,0,0.0,0.3072276999999999,0.9129718,0.3072276999999999,0.0,94638080,73654272,0,0,61.490364,93.53085295000001,95.04564808,4320,8064,612800,15344,604496,0,0,0,0,0,0,0,0.0,0,0,,049-n32-repeat-burst-bounded-cold,267575296,0,0,,,32,0,0.0,32,0,
run-00,ref-update,256,anubis-d4-solve,after-publication,32,32,1.0,0.670590843,47.71911268105401,47.71911268105401,2.025875,0.064828,32,1,32.0,0.7239663000000001,0.5642391999999999,0.6591383000000001,0.11489453409121522,87781376,44052480,0,0,44.68821350000002,159.2501228,208.2026618400001,2234593,29323,2234593,29323,0,603968,2210464,0,0,4,227077,0,0.0,0,0,,050-n256-ref-update-anubis-d4-solve,125734912,8424,433.54605300000003,32,,,,,,,
run-00,ref-update,256,anubis-d4-solve,requests,32,32,1.0,0.670617478,47.71721741496275,47.71721741496275,2.07259375,0.066323,32,2,32.0,0.7342596,0.6103141,0.6679366,0.10867027322488534,81162240,42135552,0,0,31.642435500000005,111.51480449999998,245.46044244000024,2234755,29338,2234755,29338,0,603968,2210624,0,0,4,274968,0,0.0,0,0,,050-n256-ref-update-anubis-d4-solve,125734912,8420,357.858499,32,,,,,,,
run-00,human-mix,256,bounded-warm,requests,40,39,0.975,7.521744729,5.317915116924995,5.18496723900187,0.0,0.0,0,0,0.0,0.4948178000000001,0.3788754,0.4948178000000001,0.0,100782080,80744448,141469,217088,4.631143500000235,332.7370882999999,963.1211114999996,636969,26128,713029,27038,75562,0,0,0,0,0,0,0,0.0,64,24,,051-n256-human-mix-bounded-warm,67686400,0,0,39,,31,31,1.0,,0,1
run-00,unique-crawl,512,nginx-warm,requests,512,512,1.0,0.671970942,761.937708907657,761.937708907657,0.0,0.0,0,0,0.0,0.022970199999999608,1.1948848,0.022970199999999608,0.0,29982720,35905536,5380771,6344704,3.7046490000000176,21.748677549999986,53.67281106999999,5181524,131712,5181524,131712,0,0,0,0,0,0,0,512,1.0,0,0,,052-n512-unique-crawl-nginx-warm,282886144,0,0,512,,,,,,,
run-00,session-churn,256,nginx-cold,requests,128,128,1.0,0.720367891,177.68698688431687,177.68698688431687,1.1124375,0.142392,32,2,1.0,0.857923,0.5273401,0.715531,0.2700192911557456,64315392,32575488,337941,401408,0.5789354999999432,116.93930599999995,120.00861796,1300920,32256,1300920,32256,0,605696,320958,0,0,0,0,96,0.75,0,0,,053-n256-session-churn-nginx-cold,139292672,11400,0,128,,,,,,,
run-00,repeat-burst,128,cgit,requests,128,128,1.0,2.426143102,52.75863566929861,52.75863566929861,6.961343749999999,0.891052,128,2,32.0,3.8188120000000003,0.9931078,2.92776,0.8972359294731146,67850240,39014400,0,0,249.91128500000002,279.7968436500001,283.88820339000006,1856416,32256,1856416,32256,0,2419200,1841536,0,0,0,0,0,0.0,0,0,,054-n128-repeat-burst-cgit,265191424,11796,0,128,,,,,,,
run-00,unique-crawl,512,anubis-d4-solve,requests,512,512,1.0,8.039426762,63.68613275016983,63.68613275016983,4.7938828125,2.454468,512,2,1.0,14.0390526,2.8605266,11.5845846,0.8580476056401642,115306496,70074368,0,0,219.94383349999998,250.01541004999984,727.3621509799995,5257796,448539,5257796,448539,0,9699328,5113281,0,0,16,1141916,0,0.0,0,0,,055-n512-unique-crawl-anubis-d4-solve,491171840,14568,7297.194909,512,,,,,,,
run-00,ref-update,256,anubis-d5-nosolve,after-publication,32,0,0.0,0.218710766,146.31195612931097,0.0,0.0,0,0,0,0.0,0.01326419999999999,0.2866432,0.01326419999999999,0.0,58388480,27750400,0,0,1.404956999999996,11.030103750000002,14.37712709000001,140885,10748,140885,10748,0,0,0,0,0,32,0,0,0.0,0,0,,056-n256-ref-update-anubis-d5-nosolve,77885440,0,0,,32,,,,,,
run-00,ref-update,256,anubis-d5-nosolve,requests,32,0,0.0,0.168829494,189.54034180781233,0.0,0.0,0,0,0,0.0,0.014275400000000008,0.2683645,0.014275400000000008,0.0,54845440,25419776,0,0,1.1851370000000045,8.763129049999995,17.93796417000002,140857,10748,140857,10748,0,0,0,0,0,32,0,0,0.0,0,0,,056-n256-ref-update-anubis-d5-nosolve,77885440,0,0,,32,,,,,,
run-00,human-mix,256,anubis-d5-solve,requests,40,40,1.0,7.259583392,5.509958056832802,5.509958056832802,4.525125,0.181005,40,1,2.1052631578947367,1.0073623999999999,1.8864842,0.8263573999999999,0.09594832546172398,70844416,34279424,0,0,26.29161000000005,34.456595899999954,1039.9338083899993,344974,36017,344974,36017,0,756722,329626,0,0,2,2035833,0,0.0,0,0,,057-n256-human-mix-anubis-d5-solve,88797184,11016,1664.48439,40,,,,,,,
run-00,alias-flood,32,nginx-cold,requests,32,32,1.0,0.670120626,47.75259670935722,47.75259670935722,3.43915625,0.110053,16,2,4.0,0.4895265,0.8509456,0.37947349999999996,0.1293302415571571,61161472,34684928,241671,266240,20.254714000000007,220.11590775,238.13128514000002,469872,8368,469872,8368,0,302656,232796,0,0,0,0,16,0.5,0,0,,058-n32-alias-flood-nginx-cold,260268032,11416,0,32,,,,,,,
run-00,unique-crawl,32,bounded-cold,requests,32,0,0.0,0.72124708,44.367597301052506,0.0,0.0,0,0,0,0.0,0.3030621,1.0109507,0.3030621,0.0,95666176,75063296,0,0,63.84282649999997,103.85554310000002,112.22981523000001,4320,8253,612800,15533,604496,0,0,0,0,0,0,0,0.0,0,0,,059-n32-unique-crawl-bounded-cold,265289728,0,0,,,32,0,0.0,32,0,
run-00,human-mix,256,nginx-warm,requests,40,40,1.0,5.14606424,7.7729305610067545,7.7729305610067545,0.0,0.0,0,0,0.0,0.008484999999999965,0.2090366,0.008484999999999965,0.0,30846976,23453696,175218,221184,1.1684305000003405,1.83917485,6.9200465699999985,334951,10512,334951,10512,0,0,0,0,0,0,0,40,1.0,0,0,,060-n256-human-mix-nginx-warm,52424704,0,0,40,,,,,,,
run-00,ref-update,256,nginx-cold,after-publication,32,0,0.0,0.218144513,146.69174832740347,0.0,0.0,0.0,0,0,0.0,0.0024827999999999933,0.26642989999999994,0.0024827999999999933,0.0,30121984,19623936,70015,73728,1.3594619999999935,11.93089815,14.384100980000001,2214336,7136,2214336,7136,0,0,0,0,0,0,0,32,1.0,0,0,32,061-n256-ref-update-nginx-cold,84242432,0,0,,,,,,,,
run-00,ref-update,256,nginx-cold,requests,32,32,1.0,0.673749029,47.49543023089092,47.49543023089092,0.07034375,0.002251,1,1,1.0,0.026137500000000008,0.2713644,0.02388650000000001,0.00829511903551092,30121984,19623936,70015,73728,0.9832000000000107,507.84046485,510.61870288000006,2214337,7136,2214337,7136,0,18854,69082,0,0,0,0,31,0.96875,0,0,,061-n256-ref-update-nginx-cold,84242432,8296,0,32,,,,,,,
run-00,comparisons,256,bounded-warm,requests,64,28,0.4375,106.264514638,0.6022706659699335,0.26349341636184587,0.0,0,0,0,0.0,5.4320738,16.2143021,5.4320738,0.0,193454080,172773376,0,0,181.81334150000475,50517.1650309,53741.090321029995,11978345,1821872,12130465,1823692,151124,0,0,0,0,0,0,0,0.0,7388,24800,,062-n256-comparisons-bounded-warm,433803264,0,0,28,,0,0,,,0,36
run-00,unique-crawl,32,nginx-cold,requests,32,32,1.0,0.820811815,38.98579359508854,38.98579359508854,4.33259375,0.138643,32,2,1.0,0.850777,0.8278343,0.712134,0.16747675229209516,63229952,35635200,368389,434176,199.901901,241.9651624,247.87557079000004,355513,8253,355513,8253,0,605440,351213,0,0,0,0,0,0.0,0,0,,063-n32-unique-crawl-nginx-cold,259575808,11516,0,32,,,,,,,
run-00,repeat-burst,512,anubis-d5-solve,requests,512,512,1.0,10.776482315,47.510865330084286,47.510865330084286,7.233240234375,3.703419,512,2,128.0,16.2726669,14.52468,12.5692479,0.2549742231842629,107888640,55627776,0,0,99.68100950000007,149.9518222500003,5887.564830639998,7510436,445695,7510436,445695,0,9699328,7366144,0,0,16,13884231,0,0.0,0,0,,064-n512-repeat-burst-anubis-d5-solve,695300096,11800,63918.464989,512,,,,,,,
run-00,session-churn,256,bounded-cold,requests,128,0,0.0,0.620816373,206.18012920867343,0.0,0.0,0,0,0,0.0,0.5772084000000001,0.5852209,0.5772084000000001,0.0,99459072,78864384,0,0,11.258294500000005,91.63724275000001,112.13291667999998,17280,32256,321520,35896,302248,0,0,0,0,0,0,0,0.0,0,0,,065-n256-session-churn-bounded-cold,144134144,0,0,,,128,0,0.0,128,0,
run-00,repeat-burst,512,nginx-warm,requests,512,512,1.0,0.620240817,825.4858209371926,825.4858209371926,0.0,0.0,0,0,0.0,0.019167800000000013,1.1716475,0.019167800000000013,0.0,30130176,22228992,60076,69632,1.2886100000000056,24.65974704999998,50.30482069,7434368,129024,7434368,129024,0,0,0,0,0,0,0,512,1.0,0,0,,066-n512-repeat-burst-nginx-warm,277581824,0,0,512,,,,,,,
run-00,comparisons,256,anubis-d5-nosolve,requests,64,0,0.0,0.521619621,122.69477110026119,0.0,0.0,0,0,0,0.0,0.024051499999999996,0.7631771,0.024051499999999996,0.0,56844288,29011968,0,0,1.1720824999999877,8.844565649999991,13.216696469999988,281735,26940,281735,26940,0,0,0,0,0,64,0,0,0.0,0,0,,067-n256-comparisons-anubis-d5-nosolve,393117696,0,0,,64,,,,,,
run-00,human-mix,256,nginx-cold,requests,40,40,1.0,5.447071062,7.343396027830268,7.343396027830268,2.2182999999999997,0.08873199999999999,19,2,1.0,0.49815839999999995,0.1893305,0.40942639999999997,0.4686619430044287,63332352,28164096,175218,221184,1.4970590000000357,31.28570399999996,33.663480740000004,334970,10512,334970,10512,0,359080,164756,0,0,0,0,21,0.525,0,0,,068-n256-human-mix-nginx-cold,48099328,11244,0,40,,,,,,,
run-00,alias-flood,512,nginx-cold,requests,512,512,1.0,0.671028479,763.007854395402,763.007854395402,0.22365234375,0.11451,16,2,4.0,0.5422632000000001,1.1718903,0.42775320000000006,0.09771392424700502,67952640,35479552,241671,266240,0.3972515000000101,1.6630577500000083,184.54721877999955,7517712,133888,7517712,133888,0,302720,232796,0,0,0,0,496,0.96875,0,0,,069-n512-alias-flood-nginx-cold,266141696,11784,0,512,,,,,,,
run-00,repeat-burst,512,bounded-cold,requests,512,0,0.0,1.272940863,402.2182136516109,0.0,0.0,0,0,0,0.0,1.5476675000000002,1.3228514,1.5476675000000002,0.0,140640256,123609088,0,0,19.013189000000068,44.901235400000004,82.3150760699999,69120,129024,677600,136304,604496,0,0,0,0,0,0,0,0.0,0,0,,070-n512-repeat-burst-bounded-cold,281288704,0,0,,,512,0,0.0,512,0,
run-00,comparisons,256,anubis-d4-solve,requests,64,64,1.0,64.169249826,0.9973624465540905,0.9973624465540905,1223.0780781249998,78.276997,64,2,4.0,116.2443863,2.5951935,37.96738930000001,30.162296953965086,1087897600,537538560,0,0,2200.620733499999,10060.675430049994,14279.210642509997,546029134,60959,546029134,60959,0,1208192,545999988,0,0,4,95873,0,0.0,0,0,,071-n256-comparisons-anubis-d4-solve,509935616,391624,214.99232700000005,64,,,,,,,
run-00,unique-crawl,32,bounded-warm,requests,32,32,1.0,0.670466072,47.72799301319456,47.72799301319456,0.0,0.0,0,0,0.0,0.22533899999999996,0.9739303,0.22533899999999996,0.0,106766336,87056384,363921,528384,52.36720650000001,73.80252014999998,74.6246163,350333,8253,958813,15533,604496,0,0,0,0,0,0,0,0.0,0,0,,072-n32-unique-crawl-bounded-warm,265560064,0,0,32,,32,32,1.0,,0,
run-00,unique-crawl,128,nginx-warm,requests,128,128,1.0,0.570071665,224.53317338619175,224.53317338619175,0.0,0.0,0,0,0.0,0.00685519999999995,0.9828463,0.00685519999999995,0.0,30629888,29474816,1363874,1597440,0.7623629999999793,37.59662409999994,58.10490475,1313715,32928,1313715,32928,0,0,0,0,0,0,0,128,1.0,0,0,,073-n128-unique-crawl-nginx-warm,251961344,0,0,128,,,,,,,
run-00,repeat-burst,128,anubis-d5-nosolve,requests,128,0,0.0,0.569864012,224.61499112879582,0.0,0.0,0,0,0,0.0,0.04310010000000001,1.0273238,0.04310010000000001,0.0,57868288,27336704,0,0,8.161809000000005,42.76622374999999,79.38843213000014,563506,46704,563506,46704,0,0,0,0,0,128,0,0,0.0,0,0,,074-n128-repeat-burst-anubis-d5-nosolve,263417856,0,0,,128,,,,,,
run-00,session-churn,256,anubis-d4-solve,requests,128,128,1.0,2.425005208,52.78339179550331,52.78339179550331,4.8124296875,0.615991,128,2,4.0,3.6026295999999998,2.8599169,2.9866386,0.21538772682520949,94687232,48607232,0,0,109.77908049999996,286.31140195,382.77690967000007,1468292,136133,1468292,136133,0,2425344,1283832,0,0,32,2147862,0,0.0,0,0,,075-n256-session-churn-anubis-d4-solve,351035392,11472,3327.3901160000005,128,,,,,,,
run-00,repeat-burst,128,nginx-warm,requests,128,128,1.0,0.520713667,245.81647863680905,245.81647863680905,0.0,0.0,0,0,0.0,0.006782499999999997,0.9585993,0.006782499999999997,0.0,29962240,22310912,60076,69632,0.7144329999999854,48.36066344999989,72.60992926,1858592,32256,1858592,32256,0,0,0,0,0,0,0,128,1.0,0,0,,076-n128-repeat-burst-nginx-warm,256745472,0,0,128,,,,,,,
run-00,unique-crawl,512,nginx-cold,requests,512,512,1.0,7.989458204,64.08444564409415,64.08444564409415,4.5591054687499994,2.334262,512,2,1.0,13.5233954,1.3901484,11.1891334,1.6791459098899082,69857280,53805056,5380771,6344704,234.5248380000002,252.68763074999984,268.75996093999987,5182036,131712,5182036,131712,0,9689088,5113281,0,0,0,0,0,0.0,0,0,,077-n512-unique-crawl-nginx-cold,293777408,14644,0,512,,,,,,,
run-00,session-churn,256,anubis-d5-solve,requests,128,128,1.0,17.353913676,7.375857826066093,7.375857826066093,4.6712734375,0.597923,128,2,4.0,3.5474721,33.1682431,2.9495490999999996,0.018026972311958243,99074048,46899200,0,0,70.8057119999994,3625.0581624999927,9195.425498710005,1468279,136124,1468279,136124,0,2425344,1283832,0,0,32,38264558,0,0.0,0,0,,078-n256-session-churn-anubis-d5-solve,390946816,11640,87773.650074,128,,,,,,,
run-00,repeat-burst,32,anubis-d5-solve,requests,32,32,1.0,6.94235638,4.609385956069286,4.609385956069286,7.01703125,0.224545,32,2,8.0,1.0185122,13.1004584,0.7939672,0.017140239917100914,75116544,39337984,0,0,295.5504985000001,6015.5026367,6310.242078030001,548897,41037,548897,41037,0,606080,460384,0,0,16,13159463,0,0.0,0,0,,079-n32-repeat-burst-anubis-d5-solve,687247360,11644,64894.611373,32,,,,,,,
run-00,alias-flood,512,anubis-d5-nosolve,requests,512,0,0.0,0.720869124,710.2537519695461,0.0,0.0,0,0,0,0.0,0.14549330000000002,1.2901932,0.14549330000000002,0.0,60571648,32034816,0,0,4.801461999999987,16.978524850000003,42.808726640000025,2254817,197872,2254817,197872,0,0,0,0,0,512,0,0,0.0,0,0,,080-n512-alias-flood-anubis-d5-nosolve,274685952,0,0,,512,,,,,,
run-00,session-churn,256,cgit,requests,128,128,1.0,2.122915427,60.294441489307616,60.294441489307616,4.762390625,0.609586,128,2,4.0,3.4548832000000003,0.5919019,2.8452972,1.0298767413992083,54423552,33632256,0,0,109.93902800000004,159.2006065,178.85007041,1298712,32256,1298712,32256,0,2419712,1283832,0,0,0,0,0,0.0,0,0,,081-n256-session-churn-cgit,144572416,11636,0,128,,,,,,,
run-00,unique-crawl,128,bounded-warm,requests,128,128,1.0,0.772151953,165.77048015314676,165.77048015314676,0.0,0.0,0,0,0.0,0.47113480000000063,1.0650662,0.47113480000000063,0.0,154779648,143339520,1347678,2039808,22.556385500000033,97.06546990000002,100.76461257000003,1293315,32928,1901795,40208,604496,0,0,0,0,0,0,0,0.0,0,0,,082-n128-unique-crawl-bounded-warm,271491072,0,0,128,,128,128,1.0,,0,
run-00,unique-crawl,32,cgit,requests,32,32,1.0,0.870284653,36.76957865416937,36.76957865416937,4.479125,0.143332,32,2,1.0,0.8556146,0.851814,0.7122826,0.168266781245671,67088384,33275904,0,0,232.4688625,263.13239455,263.74678815,354937,8253,354937,8253,0,604672,351213,0,0,0,0,0,0.0,0,0,,083-n32-unique-crawl-cgit,262172672,11688,0,32,,,,,,,
run-00,human-mix,256,anubis-d4-solve,requests,40,40,1.0,5.747883176,6.959083679191325,6.959083679191325,4.503425,0.180137,40,1,2.1052631578947367,1.0011998,0.3049508,0.8210628,0.5907084027980907,75399168,34779136,0,0,25.550380500000017,34.81385404999996,117.11212752999995,344978,36012,344978,36012,0,756722,329626,0,0,2,79542,0,0.0,0,0,,084-n256-human-mix-anubis-d4-solve,67186688,11088,104.057175,40,,,,,,,
run-00,unique-crawl,512,anubis-d5-nosolve,requests,512,0,0.0,0.720514358,710.60346586459,0.0,0.0,0,0,0,0.0,0.14824959999999998,1.2945429,0.14824959999999998,0.0,59846656,28971008,0,0,5.881412499999982,18.709435249999995,45.09178717999991,2254465,195696,2254465,195696,0,0,0,0,0,512,0,0,0.0,0,0,,085-n512-unique-crawl-anubis-d5-nosolve,293011456,0,0,,512,,,,,,
run-00,large-plain,256,bounded-cold,requests,32,0,0.0,0.422303805,75.77483229164844,0.0,0.0,0,0,0,0.0,0.25907900000000006,0.4977112,0.25907900000000006,0.0,95760384,74788864,0,0,9.147704499999975,88.71492000000002,89.11805904000003,4320,10048,308560,13688,302248,0,0,0,0,0,0,0,0.0,0,0,,086-n256-large-plain-bounded-cold,140398592,0,0,,,32,0,0.0,32,0,
run-00,repeat-burst,128,bounded-warm,requests,128,128,1.0,0.82091686,155.9232198008456,155.9232198008456,0.0,0.0,0,0,0.0,0.6214794000000001,1.0580238,0.6214794000000001,0.0,115732480,95408128,59108,81920,28.64076849999998,107.26738725,115.46973756999998,1837088,32256,2445568,39536,604496,0,0,0,0,0,0,0,0.0,0,0,,087-n128-repeat-burst-bounded-warm,272523264,0,0,128,,128,128,1.0,,0,
run-00,human-mix,256,cgit,requests,40,40,1.0,5.658625639,7.068854268130884,7.068854268130884,4.38375,0.17535,40,2,2.1052631578947367,0.9777091,0.189435,0.8023591,0.9256473196610976,44548096,26636288,0,0,25.595899999999972,33.488193900000006,34.014030309999995,334271,10512,334271,10512,0,754962,329626,0,0,0,0,0,0.0,0,0,,088-n256-human-mix-cgit,48119808,11276,0,40,,,,,,,
run-00,alias-flood,512,bounded-cold,requests,512,0,0.0,1.273813088,401.94280057515,0.0,0.0,0,0,0,0.0,1.4601465999999999,1.3083308,1.4601465999999999,0.0,154542080,135479296,0,0,16.086018499999966,43.45589894999996,102.12777588999997,69120,133888,677600,141168,604496,0,0,0,0,0,0,0,0.0,0,0,,089-n512-alias-flood-bounded-cold,286380032,0,0,,,512,0,0.0,512,0,
run-00,alias-flood,32,bounded-warm,requests,32,32,1.0,0.671175363,47.67755457674628,47.67755457674628,0.0,0.0,0,0,0.0,0.2538651999999999,0.9216486,0.2538651999999999,0.0,97517568,76632064,59759,81920,69.69635100000002,118.23260254999998,123.10669118999999,464480,8368,1072960,15648,604496,0,0,0,0,0,0,0,0.0,0,0,,090-n32-alias-flood-bounded-warm,265936896,0,0,32,,32,32,1.0,,0,
run-00,comparisons,256,anubis-d5-solve,requests,64,64,1.0,67.039885053,0.9546555748030183,0.9546555748030183,1233.56934375,78.948438,64,2,4.0,117.8061775,5.3656808,38.85773950000001,14.713591982586813,1082609664,518979584,0,0,2264.219083,8551.2149556,15566.320360839996,546029124,60953,546029124,60953,0,1208192,545999988,0,0,4,3386496,0,0.0,0,0,,091-n256-comparisons-anubis-d5-solve,584179712,391212,4230.091748,64,,,,,,,
run-00,unique-crawl,32,anubis-d5-nosolve,requests,32,0,0.0,0.519560246,61.5905474800318,0.0,0.0,0,0,0,0.0,0.0238325,0.9557177,0.0238325,0.0,56037376,26886144,0,0,20.150671499999987,51.00724794999999,57.39791019999998,140879,10317,140879,10317,0,0,0,0,0,32,0,0,0.0,0,0,,092-n32-unique-crawl-anubis-d5-nosolve,254898176,0,0,,32,,,,,,
run-00,repeat-burst,128,anubis-d4-solve,requests,128,128,1.0,2.776384343,46.103127012195515,46.103127012195515,7.1881953124999995,0.9200889999999999,128,2,32.0,4.0400263999999995,1.9890707,3.1199373999999995,0.4625722956956733,108187648,55304192,0,0,249.50937299999998,621.7265060499998,759.6700519000001,1941208,121982,1941208,121982,0,2424832,1841536,0,0,16,688429,0,0.0,0,0,,093-n128-repeat-burst-anubis-d4-solve,418680832,11644,5334.268609,128,,,,,,,
run-00,session-churn,256,bounded-warm,requests,128,128,1.0,0.620437981,206.3058741079876,206.3058741079876,0.0,0.0,0,0,0.0,0.5454011000000003,0.6055869,0.5454011000000003,0.0,119279616,100573184,333698,499712,12.633567,69.22412224999997,73.80151134000005,1280424,32256,1584664,35896,302248,0,0,0,0,0,0,0,0.0,0,0,,094-n256-session-churn-bounded-warm,147193856,0,0,128,,128,128,1.0,,0,
run-00,unique-crawl,32,nginx-warm,requests,32,32,1.0,0.519561865,61.590355558524294,61.590355558524294,0.0,0.0,0,0,0.0,0.0028762000000001064,0.8840411,0.0028762000000001064,0.0,30740480,23232512,368389,434176,5.958236000000014,56.3103104,72.42386652,355481,8253,355481,8253,0,0,0,0,0,0,0,32,1.0,0,0,,095-n32-unique-crawl-nginx-warm,254513152,0,0,32,,,,,,,
run-00,unique-crawl,128,anubis-d5-nosolve,requests,128,0,0.0,0.56961865,224.71174354982935,0.0,0.0,0,0,0,0.0,0.04672180000000001,0.9988463,0.04672180000000001,0.0,55488512,25579520,0,0,7.19623150000001,41.57752174999997,77.14596193000003,563630,47376,563630,47376,0,0,0,0,0,128,0,0,0.0,0,0,,096-n128-unique-crawl-anubis-d5-nosolve,259313664,0,0,,128,,,,,,
run-00,alias-flood,512,anubis-d4-solve,requests,512,512,1.0,9.091463167,56.31656759700096,56.31656759700096,7.072201171874999,3.620967,512,2,128.0,15.901834000000001,2.9357798,12.280867,1.2333918913128292,114688000,66732032,0,0,259.5092830000001,290.26925759999983,815.8378397199974,7594175,450915,7594175,450915,0,9697280,7449472,0,0,16,1282718,0,0.0,0,0,,097-n512-alias-flood-anubis-d4-solve,501714944,11768,7276.25784,512,,,,,,,
run-00,alias-flood,128,anubis-d5-solve,requests,128,128,1.0,9.751712217,13.125900062643328,13.125900062643328,6.9987734375,0.895843,128,2,32.0,3.9467731,17.0465253,3.0509301000000004,0.052552821424551546,96358400,46313472,0,0,69.9694465,5874.966299549985,7448.558053680001,1962419,123547,1962419,123547,0,2424320,1862368,0,0,16,17634687,0,0.0,0,0,,098-n128-alias-flood-anubis-d5-solve,671330304,11712,71699.974701,128,,,,,,,
run-00,alias-flood,512,cgit,requests,512,512,1.0,8.339228857,61.396564212316115,61.396564212316115,6.9025722656249995,3.5341169999999997,512,2,128.0,15.222522699999999,1.4282107,11.688405699999999,2.4745067376963354,77402112,47824896,0,0,249.92436899999996,279.8913010000001,288.01193689999997,7508992,133888,7508992,133888,0,9674752,7449472,0,0,0,0,0,0.0,0,0,,099-n512-alias-flood-cgit,292487168,11764,0,512,,,,,,,
run-00,ref-update,256,anubis-d5-solve,after-publication,32,32,1.0,2.225165759,14.380951113673866,14.380951113673866,2.2846875000000004,0.07311000000000001,32,1,32.0,0.7591505,3.162434,0.6860404999999999,0.023118269029488048,74203136,39190528,0,0,25.313410999999974,799.5886247999997,1647.471603210001,2234601,29345,2234601,29345,0,603968,2210464,0,0,4,3168687,0,0.0,0,0,,100-n256-ref-update-anubis-d5-solve,194605056,8416,3554.307594,32,,,,,,,
run-00,ref-update,256,anubis-d5-solve,requests,32,32,1.0,2.981028531,10.734550061238577,10.734550061238577,2.25990625,0.07231699999999999,32,2,32.0,0.7622165000000001,4.0715023,0.6898995000000001,0.017761748531985356,81784832,39190528,0,0,25.66612699999996,1063.8362589999997,2221.823976250002,2234761,29329,2234761,29329,0,603968,2210624,0,0,4,4446259,0,0.0,0,0,,100-n256-ref-update-anubis-d5-solve,194605056,8424,5534.928655,32,,,,,,,
run-00,unique-crawl,128,bounded-cold,requests,128,0,0.0,0.820609244,155.98166963861303,0.0,0.0,0,0,0,0.0,0.6034865000000001,1.0271308,0.6034865000000001,0.0,100196352,79462400,0,0,25.27236849999997,113.85030280000001,127.87105126000003,17280,32928,625760,40208,604496,0,0,0,0,0,0,0,0.0,0,0,,101-n128-unique-crawl-bounded-cold,269647872,0,0,,,128,0,0.0,128,0,
run-00,repeat-burst,128,nginx-cold,requests,128,128,1.0,1.020965732,125.37149483877094,125.37149483877094,0.2327421875,0.029791,4,2,1.0,0.1384495,1.0219664,0.1086585,0.029150664835947644,60665856,27922432,60076,69632,0.7039840000000481,506.74800780000004,543.88787099,1858596,32256,1858596,32256,0,75696,57548,0,0,0,0,124,0.96875,0,0,,102-n128-repeat-burst-nginx-cold,252887040,11180,0,128,,,,,,,
run-00,repeat-burst,512,nginx-cold,requests,512,512,1.0,1.073473054,476.95654594418914,476.95654594418914,0.061306640625,0.031389,4,2,1.0,0.156372,1.173483,0.12498300000000001,0.02674857667303233,62418944,28266496,60076,69632,0.7362694999999775,10.789069299999975,525.46968154,7434372,129024,7434372,129024,0,75696,57548,0,0,0,0,508,0.9921875,0,0,,103-n512-repeat-burst-nginx-cold,266903552,11168,0,512,,,,,,,
run-00,alias-flood,128,anubis-d4-solve,requests,128,128,1.0,2.575363028,49.70173082720826,49.70173082720826,7.1394062499999995,0.913844,128,2,32.0,3.9612351000000006,2.0347473,3.0473911000000005,0.4491191608903966,105607168,55783424,0,0,210.04912950000005,609.2760057499997,791.4230924600001,1962436,123564,1962436,123564,0,2424320,1862368,0,0,16,776824,0,0.0,0,0,,104-n128-alias-flood-anubis-d4-solve,408797184,11640,4941.483211,128,,,,,,,
run-00,human-mix,256,anubis-d5-nosolve,requests,40,0,0.0,5.15887533,7.753627959836742,0.0,0.0,0,0,0,0.0,0.03492,0.214632,0.03492,0.0,54444032,25292800,0,0,1.7686714999999822,2.7519603499998637,9.264613820000003,176181,15414,176181,15414,0,0,0,0,0,40,0,0,0.0,0,0,,105-n256-human-mix-anubis-d5-nosolve,49008640,0,0,,40,,,,,,
run-00,alias-flood,32,nginx-warm,requests,32,32,1.0,0.570109663,56.12955204374426,56.12955204374426,2.7285,0.087312,12,2,3.0,0.39328589999999997,0.8474099,0.30597389999999997,0.10303396266670946,47300608,32010240,241671,266240,4.018556499999988,151.3339319,159.62171017999998,469868,8368,469868,8368,0,226992,174597,0,0,0,0,20,0.625,0,0,,106-n32-alias-flood-nginx-warm,250839040,11632,0,32,,,,,,,
run-00,unique-crawl,128,anubis-d4-solve,requests,128,128,1.0,2.574777175,49.713039731292476,49.713039731292476,4.772265625,0.61085,128,2,1.0,3.5576683,2.5577719,2.9468183,0.23882113960201062,97640448,60522496,0,0,199.9305015,701.7112552999997,933.3949497200003,1396519,122830,1396519,122830,0,2424832,1296654,0,0,16,1263155,0,0.0,0,0,,107-n128-unique-crawl-anubis-d4-solve,481558528,14552,7282.536019,128,,,,,,,
run-00,large-plain,256,nginx-cold,requests,32,32,1.0,0.872820907,36.66273314876038,36.66273314876038,0.21653124999999998,0.006928999999999999,1,1,1.0,0.08318710000000001,0.7226716,0.07625810000000001,0.009588034177626463,40660992,27553792,4107165,4112384,29.101931000000036,543.3407485500001,564.98497541,131400225,10048,131400225,10048,0,18858,4106141,0,0,0,0,31,0.96875,0,0,,108-n256-large-plain-nginx-cold,342413312,10088,0,32,,,,,,,
run-00,alias-flood,128,cgit,requests,128,128,1.0,2.375374561,53.88623844911169,53.88623844911169,6.86546875,0.87878,128,2,32.0,3.7817647,0.9585845,2.9029847,0.9167475585094481,70971392,38469632,0,0,249.98817199999996,284.85999549999997,293.79445071,1877248,33472,1877248,33472,0,2418688,1862368,0,0,0,0,0,0.0,0,0,,109-n128-alias-flood-cgit,267554816,11768,0,128,,,,,,,
run-00,repeat-burst,512,anubis-d5-nosolve,requests,512,0,0.0,0.719794635,711.313998610173,0.0,0.0,0,0,0,0.0,0.14927959999999998,1.3086875,0.14927959999999998,0.0,61562880,32022528,0,0,5.642461499999996,17.979581099999994,41.89557184999994,2254537,193008,2254537,193008,0,0,0,0,0,512,0,0,0.0,0,0,,110-n512-repeat-burst-anubis-d5-nosolve,298057728,0,0,,512,,,,,,
run-00,unique-crawl,128,cgit,requests,128,128,1.0,2.274298638,56.28108721577663,56.28108721577663,4.6642578125,0.597025,128,2,1.0,3.432528,0.9772091,2.835503,0.6109490793730841,62251008,40235008,0,0,220.06117949999998,260.64065639999995,264.98706896,1311539,32928,1311539,32928,0,2419200,1296654,0,0,0,0,0,0.0,0,0,,111-n128-unique-crawl-cgit,265695232,14388,0,128,,,,,,,
run-01,session-churn,256,anubis-d4-solve,requests,128,128,1.0,2.425461827,52.77345476029213,52.77345476029213,4.7898671875,0.613103,128,2,4.0,3.6668216,2.0291102,3.0537186,0.3021536237903688,88911872,51015680,0,0,119.9299115,222.40834589999994,318.6985582200002,1468288,136128,1468288,136128,0,2425344,1283832,0,0,32,1233497,0,0.0,0,0,,000-n256-session-churn-anubis-d4-solve,299470848,11376,2400.6720020000007,128,,,,,,,
run-01,session-churn,256,bounded-warm,requests,128,128,1.0,0.571151608,224.1086223117138,224.1086223117138,0.0,0.0,0,0,0.0,0.5113156000000001,0.6028074,0.5113156000000001,0.0,119996416,100847616,333698,499712,10.527736500000003,31.343729500000002,45.08391421000002,1280424,32256,1584664,35896,302248,0,0,0,0,0,0,0,0.0,0,0,,001-n256-session-churn-bounded-warm,146440192,0,0,128,,128,128,1.0,,0,
run-01,repeat-burst,128,cgit,requests,128,128,1.0,2.477351836,51.668074812769554,51.668074812769554,6.9446953124999995,0.888921,128,2,32.0,3.8267034,1.0553525,2.9377824,0.8422977156921503,69910528,39563264,0,0,250.10738399999994,288.13161955,291.74049002000004,1856416,32256,1856416,32256,0,2419200,1841536,0,0,0,0,0,0.0,0,0,,002-n128-repeat-burst-cgit,267395072,11708,0,128,,,,,,,
run-01,unique-crawl,128,cgit,requests,128,128,1.0,2.225768384,57.50822993090012,57.50822993090012,4.667515624999999,0.5974419999999999,128,2,1.0,3.4103759,0.9906103,2.8129339,0.6031049747817077,70201344,42823680,0,0,219.91509399999995,281.97959885,341.19804602000033,1258204,32830,1258204,32830,0,2419200,1243322,0,0,0,0,0,0.0,0,0,,003-n128-unique-crawl-cgit,265826304,14576,0,128,,,,,,,
run-01,alias-flood,512,nginx-cold,requests,512,512,1.0,0.719677392,711.429879125618,711.429879125618,0.224072265625,0.114725,16,2,4.0,0.5358725,1.1163882,0.4211475,0.10276443265881885,56664064,36233216,241671,266240,0.3923725000000218,1.4768894499999914,213.23155159999973,7517712,133888,7517712,133888,0,302720,232796,0,0,0,0,496,0.96875,0,0,,004-n512-alias-flood-nginx-cold,262701056,11416,0,512,,,,,,,
run-01,alias-flood,32,cgit,requests,32,32,1.0,0.920272003,34.77232806787886,34.77232806787886,6.919437499999999,0.22142199999999998,32,2,8.0,0.956197,0.8702405,0.734775,0.2544377100353293,60923904,35209216,0,0,227.658183,273.58071344999996,321.6191242800001,469312,8368,469312,8368,0,604544,465592,0,0,0,0,0,0.0,0,0,,005-n32-alias-flood-cgit,258478080,11704,0,32,,,,,,,
run-01,alias-flood,128,anubis-d4-solve,requests,128,128,1.0,2.726494665,46.94672674153206,46.94672674153206,7.029179687499999,0.899735,128,2,32.0,3.9580155,2.789544,3.0582805000000004,0.3225383790325587,106127360,58875904,0,0,201.29952550000007,676.6156593999988,1099.7913175100002,1962415,123561,1962415,123561,0,2424320,1862368,0,0,16,1498000,0,0.0,0,0,,006-n128-alias-flood-anubis-d4-solve,498470912,11588,7237.687918,128,,,,,,,
run-01,session-churn,256,nginx-warm,requests,128,128,1.0,0.369113607,346.77670389972917,346.77670389972917,0.0,0.0,0,0,0.0,0.005643399999999965,0.5611477,0.005643399999999965,0.0,30068736,23396352,337941,401408,0.7105815000000177,14.764165349999981,29.45024485999999,1300888,32256,1300888,32256,0,0,0,0,0,0,0,128,1.0,0,0,,007-n256-session-churn-nginx-warm,137994240,0,0,128,,,,,,,
run-01,repeat-burst,512,nginx-cold,requests,512,512,1.0,1.073957427,476.74143045895613,476.74143045895613,0.051685546874999995,0.026462999999999997,4,2,1.0,0.1398067,1.1974903,0.1133437,0.02209871762635572,51884032,31518720,60076,69632,0.739721000000003,14.311223599999964,518.28895198,7434372,129024,7434372,129024,0,75696,57548,0,0,0,0,508,0.9921875,0,0,,008-n512-repeat-burst-nginx-cold,265797632,11048,0,512,,,,,,,
run-01,alias-flood,128,bounded-cold,requests,128,0,0.0,0.87327082,146.57537738407427,0.0,0.0,0,0,0,0.0,0.6518082,1.0533922,0.6518082,0.0,99819520,79572992,0,0,28.010718499999967,138.21133579999992,143.06743411000005,17280,33472,625760,40752,604496,0,0,0,0,0,0,0,0.0,0,0,,009-n128-alias-flood-bounded-cold,269983744,0,0,,,128,0,0.0,128,0,
run-01,repeat-burst,512,anubis-d4-solve,requests,512,512,1.0,8.592535431,59.58660329206386,59.58660329206386,6.896232421875,3.530871,512,2,128.0,15.3366854,2.6751246,11.805814400000001,1.3198902959510745,112250880,65777664,0,0,249.82893449999938,280.24138244999983,739.0979972599987,7510448,445679,7510448,445679,0,9699328,7366144,0,0,16,1062047,0,0.0,0,0,,010-n512-repeat-burst-anubis-d4-solve,455802880,11800,5263.350128,512,,,,,,,
run-01,unique-crawl,128,bounded-cold,requests,128,0,0.0,0.820328754,156.0350034981219,0.0,0.0,0,0,0,0.0,0.6477529,1.0331851,0.6477529,0.0,96317440,76378112,0,0,28.068875000000048,111.19151854999994,117.23680385000002,17280,32830,625760,40110,604496,0,0,0,0,0,0,0,0.0,0,0,,011-n128-unique-crawl-bounded-cold,268492800,0,0,,,128,0,0.0,128,0,
run-01,repeat-burst,32,cgit,requests,32,32,1.0,0.922811595,34.6766340750194,34.6766340750194,6.81259375,0.21800299999999997,32,2,8.0,0.9506046,0.8688014,0.7326016000000001,0.2509238590085145,57053184,36425728,0,0,237.02196999999998,312.48078075,317.70020786000003,464104,8064,464104,8064,0,604672,460384,0,0,0,0,0,0.0,0,0,,012-n32-repeat-burst-cgit,263708672,11404,0,32,,,,,,,
run-01,repeat-burst,32,bounded-warm,requests,32,32,1.0,0.721715675,44.33879034150117,44.33879034150117,0.0,0.0,0,0,0.0,0.2522759000000001,0.9184179,0.2522759000000001,0.0,98127872,78077952,59108,81920,84.99176399999996,138.13429435,141.08314356,459272,8064,1067752,15344,604496,0,0,0,0,0,0,0,0.0,0,0,,013-n32-repeat-burst-bounded-warm,265383936,0,0,32,,32,32,1.0,,0,
run-01,repeat-burst,512,bounded-cold,requests,512,0,0.0,1.273293758,402.10673835722986,0.0,0.0,0,0,0,0.0,1.4228844999999999,1.3806871,1.4228844999999999,0.0,140701696,123281408,0,0,16.661665000000028,53.174130849999926,121.06436022000003,69120,129024,677600,136304,604496,0,0,0,0,0,0,0,0.0,0,0,,014-n512-repeat-burst-bounded-cold,281239552,0,0,,,512,0,0.0,512,0,
run-01,comparisons,256,nginx-cold,requests,64,64,1.0,17.664109721,3.623165900283869,3.623165900283869,320.264171875,20.496907,16,2,1.0,31.8819844,2.1195068,11.3850774,9.67060214197001,946663424,440918016,136509511,136548352,8.792480500000238,5156.470361349987,12419.48673679999,546008624,19200,546008624,19200,0,301728,136499997,0,0,0,0,48,0.75,0,0,,015-n256-comparisons-nginx-cold,470323200,391568,0,64,,,,,,,
run-01,alias-flood,32,anubis-d5-nosolve,requests,32,0,0.0,0.519003032,61.65667255677998,0.0,0.0,0,0,0,0.0,0.018154699999999996,0.8842068,0.018154699999999996,0.0,56795136,27176960,0,0,11.54184450000001,68.75349689999999,78.08236063999999,140948,10432,140948,10432,0,0,0,0,0,32,0,0,0.0,0,0,,016-n32-alias-flood-anubis-d5-nosolve,257458176,0,0,,32,,,,,,
run-01,unique-crawl,32,anubis-d5-solve,requests,32,32,1.0,7.860812424,4.0708260512997585,4.0708260512997585,4.81159375,0.153971,32,1,1.0,0.9043825,15.0803808,0.7504115,0.010210020691254693,77041664,38912000,0,0,391.8799929999998,7013.19286175,7236.951395260001,427998,41347,427998,41347,0,606080,339331,0,0,16,15847264,0,0.0,0,0,,017-n32-unique-crawl-anubis-d5-solve,691277824,13332,71371.086868,32,,,,,,,
run-01,ref-update,256,bounded-warm,after-publication,32,0,0.0,0.319824606,100.05484068352139,0.0,0.0,0.0,0,0,0.0,0.16745389999999993,0.2943928,0.16745389999999993,0.0,101203968,80719872,138685,147456,6.77304500000001,13.52622964999999,18.011436049999993,4320,7136,156440,8956,151124,0,0,0,0,0,0,0,0.0,0,0,,018-n256-ref-update-bounded-warm,87158784,0,0,,,32,0,0.0,32,0,
run-01,ref-update,256,bounded-warm,after-update-preparation,32,32,1.0,0.319108845,100.27926364748681,100.27926364748681,0.0,0.0,0,0,0.0,0.18652979999999997,0.29547749999999995,0.18652979999999997,0.0,108990464,88297472,138685,147456,8.1691225,17.597638350000008,20.523672100000017,2206752,7136,2358872,8956,151124,0,0,0,0,0,0,0,0.0,0,0,,018-n256-ref-update-bounded-warm,87158784,0,0,32,,32,32,1.0,,0,
run-01,ref-update,256,bounded-warm,requests,32,32,1.0,0.369796324,86.53412141544165,86.53412141544165,0.0,0.0,0,0,0.0,0.2886696999999999,0.3072182,0.2886696999999999,0.0,100016128,79581184,138685,147456,11.752563999999992,33.04362855,36.80311676,2206912,7136,2359032,8956,151124,0,0,0,0,0,0,0,0.0,0,0,,018-n256-ref-update-bounded-warm,87158784,0,0,32,,32,32,1.0,,0,
run-01,ref-update,256,anubis-d5-nosolve,after-publication,32,0,0.0,0.21949498,145.78921121567336,0.0,0.0,0,0,0,0.0,0.012323100000000003,0.27537530000000005,0.012323100000000003,0.0,56639488,26238976,0,0,1.3235499999999973,11.049739799999998,20.087401600000007,140933,10748,140933,10748,0,0,0,0,0,32,0,0,0.0,0,0,,019-n256-ref-update-anubis-d5-nosolve,77934592,0,0,,32,,,,,,
run-01,ref-update,256,anubis-d5-nosolve,requests,32,0,0.0,0.219173685,146.0029291381399,0.0,0.0,0,0,0,0.0,0.014320100000000002,0.2826032,0.014320100000000002,0.0,56639488,26046464,0,0,1.3943675000000013,12.180016300000007,13.0423197,140918,10748,140918,10748,0,0,0,0,0,32,0,0,0.0,0,0,,019-n256-ref-update-anubis-d5-nosolve,77934592,0,0,,32,,,,,,
run-01,alias-flood,32,anubis-d4-solve,requests,32,32,1.0,1.574747455,20.320718664060326,20.320718664060326,7.4937499999999995,0.23979999999999999,32,2,8.0,1.0688367,2.7310501,0.8290367000000001,0.08780505344812238,106070016,48005120,0,0,282.059773,1043.21035005,1084.97154797,554487,41714,554487,41714,0,605952,465592,0,0,16,1403549,0,0.0,0,0,,020-n32-alias-flood-anubis-d4-solve,366878720,11592,9811.815107,32,,,,,,,
run-01,repeat-burst,32,anubis-d4-solve,requests,32,32,1.0,1.271637471,25.164404737802823,25.164404737802823,7.33046875,0.23457499999999998,32,2,8.0,1.0483336,2.1873051,0.8137586000000001,0.10724384083409304,91840512,43466752,0,0,177.85835450000002,703.8199336499999,805.5606348300001,548881,41030,548881,41030,0,606080,460384,0,0,16,1079134,0,0.0,0,0,,021-n32-repeat-burst-anubis-d4-solve,361738240,11692,6291.144808999999,32,,,,,,,
run-01,large-plain,256,anubis-d4-solve,requests,32,32,1.0,0.91994922,34.784528650396595,34.784528650396595,6.79753125,0.217521,32,2,32.0,1.1108368,1.1560722,0.8933158,0.1881552034552859,155684864,113020928,0,0,129.94331300000002,307.2649095999999,388.49191019000006,131443076,37140,131443076,37140,0,604096,131396512,0,0,8,314541,0,0.0,0,0,,022-n256-large-plain-anubis-d4-solve,359968768,10128,925.902468,32,,,,,,,
run-01,unique-crawl,512,nginx-warm,requests,512,512,1.0,0.669812006,764.3935841902481,764.3935841902481,0.0,0.0,0,0,0.0,0.023455600000000132,1.2192381,0.023455600000000132,0.0,30027776,36536320,5380771,6344704,2.8526844999999525,23.42931200000001,40.94353952999997,5181524,131712,5181524,131712,0,0,0,0,0,0,0,512,1.0,0,0,,023-n512-unique-crawl-nginx-warm,288641024,0,0,512,,,,,,,
run-01,unique-crawl,512,bounded-cold,requests,512,0,0.0,1.222888749,418.6807675012799,0.0,0.0,0,0,0,0.0,1.4443168999999998,1.3316378,1.4443168999999998,0.0,143691776,123809792,0,0,18.207947999999988,38.74437854999998,126.23020451000001,69120,131712,677600,138992,604496,0,0,0,0,0,0,0,0.0,0,0,,024-n512-unique-crawl-bounded-cold,282783744,0,0,,,512,0,0.0,512,0,
run-01,unique-crawl,128,bounded-warm,requests,128,128,1.0,0.771003912,166.01731587582398,166.01731587582398,0.0,0.0,0,0,0.0,0.4661381000000002,1.0636325,0.4661381000000002,0.0,154681344,140406784,1294374,1974272,21.18738749999997,101.18023434999999,116.09051226999998,1240008,32830,1848488,40110,604496,0,0,0,0,0,0,0,0.0,0,0,,025-n128-unique-crawl-bounded-warm,270651392,0,0,128,,128,128,1.0,,0,
run-01,repeat-burst,128,anubis-d5-nosolve,requests,128,0,0.0,0.571386528,224.01648223669704,0.0,0.0,0,0,0,0.0,0.047541499999999993,0.9926273,0.047541499999999993,0.0,57233408,27332608,0,0,7.255276500000008,40.84277795,72.96055940000001,563688,46704,563688,46704,0,0,0,0,0,128,0,0,0.0,0,0,,026-n128-repeat-burst-anubis-d5-nosolve,260222976,0,0,,128,,,,,,
run-01,human-mix,256,anubis-d5-nosolve,requests,40,0,0.0,5.159957794,7.752001391660995,0.0,0.0,0,0,0,0.0,0.0341176,0.1940225,0.0341176,0.0,56500224,27164672,0,0,1.748027000000036,2.7923500500000524,9.011463599999999,176138,15456,176138,15456,0,0,0,0,0,40,0,0,0.0,0,0,,027-n256-human-mix-anubis-d5-nosolve,48934912,0,0,,40,,,,,,
run-01,human-mix,256,cgit,requests,40,40,1.0,5.709387675,7.00600524556252,7.00600524556252,5.231975,0.209279,40,2,1.9047619047619047,1.0400813,0.2188924,0.8308023,0.9560816181831804,58134528,36085760,0,0,26.25217299999997,38.85426354999992,41.86565077999995,12714026,10554,12714026,10554,0,754962,12709428,0,0,0,0,0,0.0,0,0,,028-n256-human-mix-cgit,86114304,11440,0,40,,,,,,,
run-01,ref-update,256,cgit,after-publication,32,32,1.0,0.570548828,56.08634779283081,56.08634779283081,1.9729374999999993,0.06313399999999998,32,2,32.0,0.6906182,0.2816454,0.6274841999999999,0.22416130353984118,46194688,29102080,0,0,45.90860500000001,84.88180485000001,86.45232940000001,2213632,7136,2213632,7136,0,602560,2210464,0,0,0,0,0,0.0,0,0,,029-n256-ref-update-cgit,82624512,8424,0,32,,,,,,,
run-01,ref-update,256,cgit,requests,32,32,1.0,0.570305655,56.11026248722714,56.11026248722714,1.9684062500000001,0.062989,32,2,32.0,0.6873773000000001,0.2777179,0.6243883000000001,0.22680929101077027,46505984,28753920,0,0,44.31095450000001,81.00727135,94.29136510000001,2213792,7136,2213792,7136,0,602560,2210624,0,0,0,0,0,0.0,0,0,,029-n256-ref-update-cgit,79933440,8424,0,32,,,,,,,
run-01,unique-crawl,128,nginx-cold,requests,128,128,1.0,2.376629874,53.85777625717079,53.85777625717079,4.664874999999999,0.597104,128,2,1.0,3.4870137000000003,0.9853625,2.8899097000000005,0.6059739435994367,70475776,45666304,1310441,1531904,243.30683999999994,264.48856539999997,270.01766130000016,1260508,32830,1260508,32830,0,2422272,1243322,0,0,0,0,0,0.0,0,0,,030-n128-unique-crawl-nginx-cold,266018816,14572,0,128,,,,,,,
run-01,ref-update,256,anubis-d4-solve,after-publication,32,32,1.0,0.670889452,47.6978731810498,47.6978731810498,1.98946875,0.063663,32,2,32.0,0.7181949,0.5738017999999999,0.6545318999999999,0.11094946024916619,80924672,40472576,0,0,46.30498549999996,160.34719489999998,190.27262867000002,2234592,29346,2234592,29346,0,603968,2210464,0,0,4,233806,0,0.0,0,0,,031-n256-ref-update-anubis-d4-solve,122818560,8420,470.143262,32,,,,,,,
run-01,ref-update,256,anubis-d4-solve,requests,32,32,1.0,0.569168572,56.22235937510618,56.22235937510618,1.9860625,0.063554,32,2,32.0,0.7240171,0.4566521,0.6604631,0.13917378240459202,74973184,39231488,0,0,45.83833399999999,112.93136524999998,130.96036515,2234762,29353,2234762,29353,0,603968,2210624,0,0,4,109220,0,0.0,0,0,,031-n256-ref-update-anubis-d4-solve,111759360,8416,236.151816,32,,,,,,,
run-01,alias-flood,128,nginx-warm,requests,128,128,1.0,0.619557123,206.59919037037687,206.59919037037687,0.6696484375,0.085715,12,2,3.0,0.38807790000000003,0.9078473,0.30236290000000005,0.09441565778738341,68919296,37330944,241671,266240,0.7004075000000114,94.4060447999999,165.52650915,1879436,33472,1879436,33472,0,227040,174597,0,0,0,0,116,0.90625,0,0,,032-n128-alias-flood-nginx-warm,255664128,11380,0,128,,,,,,,
run-01,repeat-burst,32,anubis-d5-nosolve,requests,32,0,0.0,0.518783709,61.682738769270024,0.0,0.0,0,0,0,0.0,0.026074400000000005,0.8797225,0.026074400000000005,0.0,55078912,25690112,0,0,19.108823,58.8917448,74.84838516000003,140936,10128,140936,10128,0,0,0,0,0,32,0,0,0.0,0,0,,033-n32-repeat-burst-anubis-d5-nosolve,254828544,0,0,,32,,,,,,
run-01,comparisons,256,bounded-warm,requests,64,28,0.4375,105.96946887,0.6039475396306193,0.2642270485883959,0.0,0,0,0,0.0,5.3132483,15.8943173,5.3132483,0.0,191365120,170360832,0,0,187.77238450000732,50384.6582958,53617.15744859,11978345,1821872,12130465,1823692,151124,0,0,0,0,0,0,0,0.0,7388,24800,,034-n256-comparisons-bounded-warm,433451008,0,0,28,,0,0,,,0,36
run-01,large-plain,256,anubis-d5-solve,requests,32,32,1.0,5.746642349,5.568469039241405,5.568469039241405,7.235093749999999,0.23152299999999998,32,2,32.0,1.1707039,9.6063449,0.9391809,0.024101050129899042,83394560,50892800,0,0,42.31131700000003,2911.152337099999,4908.206700850003,131443088,37107,131443088,37107,0,604096,131396512,0,0,8,10131123,0,0.0,0,0,,035-n256-large-plain-anubis-d5-solve,300957696,10132,14097.602524,32,,,,,,,
run-01,unique-crawl,32,anubis-d4-solve,requests,32,32,1.0,1.22249873,26.175896313610075,26.175896313610075,5.115749999999999,0.163704,32,2,1.0,0.9456419,1.9652241,0.7819379000000001,0.0833004236005451,90599424,50794496,0,0,236.26915549999995,668.46362745,726.93975405,427993,41338,427993,41338,0,606080,339331,0,0,16,862822,0,0.0,0,0,,036-n32-unique-crawl-anubis-d4-solve,369766400,13272,5543.590702,32,,,,,,,
run-01,alias-flood,512,nginx-warm,requests,512,512,1.0,0.670313351,763.8218741073531,763.8218741073531,0.163775390625,0.083853,12,2,3.0,0.3982286,1.1807026,0.3143756,0.07101957766502758,68694016,33071104,241671,266240,1.0411780000000022,21.44892564999996,151.09380476999985,7517708,133888,7517708,133888,0,227040,174597,0,0,0,0,500,0.9765625,0,0,,037-n512-alias-flood-nginx-warm,272195584,11524,0,512,,,,,,,
run-01,unique-crawl,32,nginx-cold,requests,32,32,1.0,0.820033083,39.02281586363754,39.02281586363754,4.70409375,0.150531,32,2,1.0,0.8577821,0.8368198,0.7072511,0.17988460598088143,59039744,38404096,356457,421888,213.13703299999997,248.25025904999998,268.20169823000003,343630,8204,343630,8204,0,605440,339331,0,0,0,0,0,0.0,0,0,,038-n32-unique-crawl-nginx-cold,258297856,13136,0,32,,,,,,,
run-01,unique-crawl,512,bounded-warm,requests,512,512,1.0,1.172686611,436.60428557583316,436.60428557583316,0.0,0.0,0,0,0.0,1.1678689999999996,1.4475279,1.1678689999999996,0.0,183328768,179089408,5317361,8028160,13.987597499999993,32.6616171,83.03588671000003,5099908,131712,5708388,138992,604496,0,0,0,0,0,0,0,0.0,0,0,,039-n512-unique-crawl-bounded-warm,302202880,0,0,512,,512,512,1.0,,0,
run-01,session-churn,256,bounded-cold,requests,128,0,0.0,0.622810956,205.51982711106962,0.0,0.0,0,0,0,0.0,0.6205325000000002,0.5773491,0.6205325000000002,0.0,99983360,79310848,0,0,15.562172000000004,42.40844894999999,48.8424867,17280,32256,321520,35896,302248,0,0,0,0,0,0,0,0.0,0,0,,040-n256-session-churn-bounded-cold,143945728,0,0,,,128,0,0.0,128,0,
run-01,ref-update,256,anubis-d5-solve,after-publication,32,32,1.0,1.524133143,20.99554106999693,20.99554106999693,2.1818125000000004,0.069818,32,2,32.0,0.7612321,1.7420483,0.6914140999999999,0.04007810805245756,76484608,44883968,0,0,26.645092500000032,274.0786845999999,920.3180043200009,2234590,29328,2234590,29328,0,603968,2210464,0,0,4,1623015,0,0.0,0,0,,041-n256-ref-update-anubis-d5-solve,163422208,8420,1728.563002,32,,,,,,,
run-01,ref-update,256,anubis-d5-solve,requests,32,32,1.0,2.27534894,14.063776960732888,14.063776960732888,2.283,0.073056,32,1,32.0,0.7486358,2.9573996,0.6755798,0.024702782809600702,69668864,32927744,0,0,24.837791999999993,692.4545621499999,1602.9721696300014,2234764,29343,2234764,29343,0,603968,2210624,0,0,4,3136758,0,0.0,0,0,,041-n256-ref-update-anubis-d5-solve,151367680,8356,3199.9035480000002,32,,,,,,,
run-01,unique-crawl,32,bounded-warm,requests,32,32,1.0,0.670666871,47.713703156809125,47.713703156809125,0.0,0.0,0,0,0.0,0.22713630000000018,0.9253678,0.22713630000000018,0.0,103940096,85131264,352095,528384,53.64849349999997,88.19856100000003,92.45397361000003,338506,8204,946986,15484,604496,0,0,0,0,0,0,0,0.0,0,0,,042-n32-unique-crawl-bounded-warm,265494528,0,0,32,,32,32,1.0,,0,
run-01,large-plain,256,anubis-d5-nosolve,requests,32,0,0.0,0.318942685,100.33150627047615,0.0,0.0,0,0,0,0.0,0.016551699999999996,0.4805839,0.016551699999999996,0.0,56750080,27152384,0,0,4.061893000000012,18.869689249999997,26.560913950000018,140956,13144,140956,13144,0,0,0,0,0,32,0,0,0.0,0,0,,043-n256-large-plain-anubis-d5-nosolve,137789440,0,0,,32,,,,,,
run-01,repeat-burst,32,nginx-cold,requests,32,32,1.0,0.922137131,34.70199705037146,34.70199705037146,0.8674062499999999,0.027756999999999997,4,2,1.0,0.1220215,0.8498286,0.0942645,0.03266188028974313,53518336,28213248,60076,69632,8.770254499999993,517.0790479499999,519.93672061,464652,8064,464652,8064,0,75680,57548,0,0,0,0,28,0.875,0,0,,044-n32-repeat-burst-nginx-cold,260505600,11236,0,32,,,,,,,
run-01,human-mix,256,bounded-warm,requests,40,38,0.95,7.60868126,5.257152801272687,4.994295161209053,0.0,0.0,0,0,0.0,0.6738368000000001,0.3982446,0.6738368000000001,0.0,115339264,98738176,4283514,4370432,4.453916000000163,284.8837800999997,999.3370855399997,12950523,24218,13026583,25128,75562,0,0,0,0,0,0,0,0.0,56,30,,045-n256-human-mix-bounded-warm,82894848,0,0,38,,34,34,1.0,,0,2
run-01,session-churn,256,cgit,requests,128,128,1.0,2.073593354,61.72859290520275,61.72859290520275,4.75725,0.608928,128,2,4.0,3.4487424,0.5930231,2.8398144,1.026820034497813,62664704,35422208,0,0,109.93922850000001,146.23879315,173.11758135000002,1298712,32256,1298712,32256,0,2419712,1283832,0,0,0,0,0,0.0,0,0,,046-n256-session-churn-cgit,144330752,11720,0,128,,,,,,,
run-01,human-mix,256,nginx-cold,requests,40,40,1.0,5.457308341,7.329620666562956,7.329620666562956,2.6693249999999997,0.10677299999999999,21,2,1.0,0.5645074999999999,0.2243488,0.45773449999999993,0.47592409676361097,62853120,34074624,4317723,4366336,24.384258999999872,35.1052453499998,42.00764375,12714727,10554,12714727,10554,0,396842,4306183,0,0,0,0,19,0.475,0,0,,047-n256-human-mix-nginx-cold,86044672,11444,0,40,,,,,,,
run-01,session-churn,256,anubis-d5-solve,requests,128,128,1.0,15.698732347,8.153524575789113,8.153524575789113,4.706968750000001,0.602492,128,2,4.0,3.6019815,30.0179599,2.9994895,0.020071050864452652,87351296,49659904,0,0,72.57930199999964,5056.576394849999,6464.00588869,1468281,136084,1468281,136084,0,2425344,1283832,0,0,32,34229443,0,0.0,0,0,,048-n256-session-churn-anubis-d5-solve,393584640,11748,91700.249677,128,,,,,,,
run-01,alias-flood,128,anubis-d5-solve,requests,128,128,1.0,8.5558613,14.960504327016148,14.960504327016148,6.867234375,0.879006,128,2,32.0,3.8628498,15.010225,2.9838438,0.05856048127193296,91828224,46919680,0,0,70.08839499999976,3125.88169685,6248.599713800006,1962420,123551,1962420,123551,0,2424320,1862368,0,0,16,15323296,0,0.0,0,0,,049-n128-alias-flood-anubis-d5-solve,597127168,11708,50730.445996,128,,,,,,,
run-01,alias-flood,512,cgit,requests,512,512,1.0,8.289407227,61.76557454341602,61.76557454341602,6.895802734375,3.5306509999999998,512,2,128.0,15.1275373,1.4774718,11.596886300000001,2.389657115621428,76845056,47644672,0,0,249.85038100000008,279.9049521500001,284.25853591999993,7508992,133888,7508992,133888,0,9674752,7449472,0,0,0,0,0,0.0,0,0,,050-n512-alias-flood-cgit,294559744,11792,0,512,,,,,,,
run-01,alias-flood,512,bounded-cold,requests,512,0,0.0,1.324702633,386.50183614453493,0.0,0.0,0,0,0,0.0,1.5048727,1.3544035,1.5048727,0.0,141557760,121311232,0,0,17.635846999999956,41.289404100000006,151.25285404000002,69120,133888,677600,141168,604496,0,0,0,0,0,0,0,0.0,0,0,,051-n512-alias-flood-bounded-cold,283230208,0,0,,,512,0,0.0,512,0,
run-01,repeat-burst,512,anubis-d5-solve,requests,512,512,1.0,10.826723935,47.29039024859924,47.29039024859924,7.41691796875,3.797462,512,2,128.0,16.7299526,15.3133109,12.932490600000001,0.24798438592401334,102981632,55279616,0,0,92.81935050000016,150.01609040000085,5479.859986319998,7510478,445678,7510478,445678,0,9699328,7366144,0,0,16,14200535,0,0.0,0,0,,052-n512-repeat-burst-anubis-d5-solve,694427648,11792,64876.285943,512,,,,,,,
run-01,repeat-burst,128,anubis-d5-solve,requests,128,128,1.0,10.626125583,12.045782726752101,12.045782726752101,7.056554687499999,0.9032389999999999,128,2,32.0,3.9965557999999994,19.8672576,3.0933167999999993,0.04546369801939851,100487168,49414144,0,0,70.07526999999959,5728.118843749997,9392.550687470002,1941216,121951,1941216,121951,0,2424832,1841536,0,0,16,20814001,0,0.0,0,0,,053-n128-repeat-burst-anubis-d5-solve,671924224,11796,87327.662326,128,,,,,,,
run-01,unique-crawl,512,anubis-d4-solve,requests,512,512,1.0,7.886171739,64.9237699792883,64.9237699792883,4.7776015625,2.446132,512,2,1.0,13.9763511,2.416058,11.5302191,1.0124475488585125,110833664,73236480,0,0,219.9896405000004,252.76993440000007,626.4928588699997,5257755,448495,5257755,448495,0,9699328,5113281,0,0,16,799630,0,0.0,0,0,,054-n512-unique-crawl-anubis-d4-solve,431779840,14656,4958.215523,512,,,,,,,
run-01,comparisons,256,anubis-d4-solve,requests,64,64,1.0,64.619235518,0.9904171642849674,0.9904171642849674,1226.7867812499999,78.514354,64,2,4.0,117.3732191,2.6761386,38.8588651,29.33867251868046,1065328640,498003968,0,0,2118.353264000001,8438.738903849999,15420.024243639995,546029136,60957,546029136,60957,0,1208192,545999988,0,0,4,315534,0,0.0,0,0,,055-n256-comparisons-anubis-d4-solve,521043968,391260,578.0680570000001,64,,,,,,,
run-01,alias-flood,512,anubis-d5-nosolve,requests,512,0,0.0,0.771352806,663.7688953970046,0.0,0.0,0,0,0,0.0,0.1673831,1.3723132,0.1673831,0.0,59781120,30023680,0,0,6.11121,15.543679100000016,39.62969649999996,2254449,197872,2254449,197872,0,0,0,0,0,512,0,0,0.0,0,0,,056-n512-alias-flood-anubis-d5-nosolve,287698944,0,0,,512,,,,,,
run-01,unique-crawl,128,anubis-d5-nosolve,requests,128,0,0.0,0.570391258,224.40736635553415,0.0,0.0,0,0,0,0.0,0.0441833,1.0007557,0.0441833,0.0,57741312,27258880,0,0,6.354128999999972,50.09480285000002,67.42627867000002,563572,47278,563572,47278,0,0,0,0,0,128,0,0,0.0,0,0,,057-n128-unique-crawl-anubis-d5-nosolve,258408448,0,0,,128,,,,,,
run-01,session-churn,256,anubis-d5-nosolve,requests,128,0,0.0,0.318606617,401.74934596540413,0.0,0.0,0,0,0,0.0,0.041587,0.5485766,0.041587,0.0,59310080,29483008,0,0,1.5042674999999832,12.633087799999974,34.43237574000004,563724,44640,563724,44640,0,0,0,0,0,128,0,0,0.0,0,0,,058-n256-session-churn-anubis-d5-nosolve,140898304,0,0,,128,,,,,,
run-01,human-mix,256,anubis-d5-solve,requests,40,40,1.0,7.207416137,5.549839115665315,5.549839115665315,5.3675,0.2147,40,1,1.9047619047619047,1.1040822,1.8834368,0.8893821999999999,0.11399373740600163,82182144,40300544,0,0,27.93382550000001,69.47369484999975,1006.4801739099992,12724621,35963,12724621,35963,0,756722,12709428,0,0,2,1885173,0,0.0,0,0,,059-n256-human-mix-anubis-d5-solve,121360384,11576,1621.2897960000003,40,,,,,,,
run-01,unique-crawl,512,cgit,requests,512,512,1.0,7.587486519,67.47952681271842,67.47952681271842,4.7455117187499996,2.429702,512,2,1.0,13.6086047,1.444851,11.178902700000002,1.681628070991403,73248768,51281920,0,0,219.94722049999996,249.97244325,285.01551506,5172820,131712,5172820,131712,0,9676800,5113281,0,0,0,0,0,0.0,0,0,,060-n512-unique-crawl-cgit,298283008,14608,0,512,,,,,,,
run-01,repeat-burst,128,nginx-cold,requests,128,128,1.0,0.972982659,131.55424592207456,131.55424592207456,0.20292187499999997,0.025973999999999997,4,2,1.0,0.1236978,0.9281934,0.0977238,0.027983392254243563,31289344,27803648,60076,69632,0.6608439999999973,506.37112830000007,537.96560172,1858596,32256,1858596,32256,0,75696,57548,0,0,0,0,124,0.96875,0,0,,061-n128-repeat-burst-nginx-cold,256253952,11664,0,128,,,,,,,
run-01,repeat-burst,128,bounded-cold,requests,128,0,0.0,0.870937458,146.9680731081841,0.0,0.0,0,0,0,0.0,0.6892041,1.0482411,0.6892041,0.0,96759808,76472320,0,0,30.012925000000024,113.89347934999998,120.67182009999998,17280,32256,625760,39536,604496,0,0,0,0,0,0,0,0.0,0,0,,062-n128-repeat-burst-bounded-cold,268853248,0,0,,,128,0,0.0,128,0,
run-01,alias-flood,512,bounded-warm,requests,512,512,1.0,1.473501983,347.4715378106145,347.4715378106145,0.0,0.0,0,0,0.0,1.7660705999999997,1.4086803,1.7660705999999997,0.0,193081344,173944832,59759,81920,22.422136000000023,62.467692850000006,128.99042858,7431680,133888,8040160,141168,604496,0,0,0,0,0,0,0,0.0,0,0,,063-n512-alias-flood-bounded-warm,307449856,0,0,512,,512,512,1.0,,0,
run-01,alias-flood,128,cgit,requests,128,128,1.0,2.374322937,53.910105489580246,53.910105489580246,6.793296874999999,0.8695419999999999,128,2,32.0,3.7510774000000002,0.9574938,2.8815354,0.9081437394163805,72208384,38682624,0,0,248.35520050000002,290.16323975,309.56978608,1877248,33472,1877248,33472,0,2418688,1862368,0,0,0,0,0,0.0,0,0,,064-n128-alias-flood-cgit,270295040,11704,0,128,,,,,,,
run-01,repeat-burst,512,anubis-d5-nosolve,requests,512,0,0.0,0.719767464,711.3408504944591,0.0,0.0,0,0,0,0.0,0.15790690000000002,1.2833102,0.15790690000000002,0.0,58011648,28192768,0,0,5.4633175000000165,16.749617299999997,52.2402924899999,2254478,193008,2254478,193008,0,0,0,0,0,512,0,0,0.0,0,0,,065-n512-repeat-burst-anubis-d5-nosolve,280956928,0,0,,512,,,,,,
run-01,comparisons,256,anubis-d5-solve,requests,64,64,1.0,66.635798076,0.9604447136208408,0.9604447136208408,1255.948328125,80.380693,64,2,4.0,120.936877,4.8858342,40.556184,16.451784835433017,1060712448,524165120,0,0,3192.8389115,8993.006339099993,15424.415643539995,546029132,60960,546029132,60960,0,1208192,545999988,0,0,4,2583230,0,0.0,0,0,,066-n256-comparisons-anubis-d5-solve,574611456,391676,3661.278234,64,,,,,,,
run-01,unique-crawl,32,bounded-cold,requests,32,0,0.0,0.671074124,47.68474726645845,0.0,0.0,0,0,0,0.0,0.3214437,0.9285617,0.3214437,0.0,97640448,76951552,0,0,56.15203349999999,94.78977065,112.21781077000006,4320,8204,612800,15484,604496,0,0,0,0,0,0,0,0.0,0,0,,067-n32-unique-crawl-bounded-cold,265306112,0,0,,,32,0,0.0,32,0,
run-01,repeat-burst,128,anubis-d4-solve,requests,128,128,1.0,2.72652367,46.9462273180999,46.9462273180999,7.204765624999999,0.92221,128,2,32.0,4.0379161,2.4871703,3.1157061000000006,0.3707868335352831,107827200,58748928,0,0,219.55225749999988,665.6469276499997,975.2008797400003,1941217,121944,1941217,121944,0,2424832,1841536,0,0,16,1200783,0,0.0,0,0,,068-n128-repeat-burst-anubis-d4-solve,462110720,11744,6217.838367,128,,,,,,,
run-01,large-plain,256,bounded-warm,requests,32,32,1.0,1.072152001,29.846514272373213,29.846514272373213,0.0,0.0,0,0,0.0,1.4508990000000002,1.2712274,1.4508990000000002,0.0,178368512,170323968,4106402,4112384,134.65015749999998,306.00303529999996,343.19392988000004,131455744,10048,131759984,13688,302248,0,0,0,0,0,0,0,0.0,0,0,,069-n256-large-plain-bounded-warm,320159744,0,0,32,,32,32,1.0,,0,
run-01,session-churn,256,nginx-cold,requests,128,128,1.0,0.719697591,177.8524780417113,177.8524780417113,1.1665703124999998,0.14932099999999998,32,2,1.0,0.8733000999999999,0.5252405,0.7239791,0.2842907201558143,59944960,32641024,337941,401408,0.544010500000013,121.58006074999996,135.2687763600001,1300920,32256,1300920,32256,0,605696,320958,0,0,0,0,96,0.75,0,0,,070-n256-session-churn-nginx-cold,139403264,11444,0,128,,,,,,,
run-01,unique-crawl,512,anubis-d5-nosolve,requests,512,0,0.0,0.670816865,763.2485507054149,0.0,0.0,0,0,0,0.0,0.1490959,1.2597503,0.1490959,0.0,61616128,32739328,0,0,5.689209000000005,15.720032600000017,44.858656509999875,2254592,195696,2254592,195696,0,0,0,0,0,512,0,0,0.0,0,0,,071-n512-unique-crawl-anubis-d5-nosolve,285118464,0,0,,512,,,,,,
run-01,repeat-burst,512,nginx-warm,requests,512,512,1.0,0.669920882,764.2693544220645,764.2693544220645,0.0,0.0,0,0,0.0,0.02151729999999999,1.1902403,0.02151729999999999,0.0,30539776,22724608,60076,69632,2.177153999999973,27.891524650000004,45.929258149999995,7434368,129024,7434368,129024,0,0,0,0,0,0,0,512,1.0,0,0,,072-n512-repeat-burst-nginx-warm,282611712,0,0,512,,,,,,,
run-01,alias-flood,512,anubis-d4-solve,requests,512,512,1.0,8.74012903,58.580370866675864,58.580370866675864,6.8960722656249995,3.530789,512,2,128.0,15.4004802,2.6287986,11.8696912,1.3431188680639132,115892224,67690496,0,0,249.88289500000008,289.77177730000005,712.7902289199995,7594115,450895,7594115,450895,0,9697280,7449472,0,0,16,1021349,0,0.0,0,0,,073-n512-alias-flood-anubis-d4-solve,457465856,11796,6116.276157,512,,,,,,,
run-01,alias-flood,32,bounded-warm,requests,32,32,1.0,0.671029523,47.687916705864524,47.687916705864524,0.0,0.0,0,0,0.0,0.22999900000000006,0.9347268,0.22999900000000006,0.0,100184064,80261120,59759,81920,77.57163449999999,115.59413489999999,118.31808991,464480,8368,1072960,15648,604496,0,0,0,0,0,0,0,0.0,0,0,,074-n32-alias-flood-bounded-warm,265355264,0,0,32,,32,32,1.0,,0,
run-01,human-mix,256,anubis-d4-solve,requests,40,40,1.0,5.846270883,6.841968290643778,6.841968290643778,5.24395,0.209758,40,1,1.9047619047619047,1.0590219,0.3693844,0.8492639000000001,0.5678583069561141,79831040,41922560,0,0,25.683242000000064,74.04761014999997,108.40854565,12724628,35942,12724628,35942,0,756722,12709428,0,0,2,112182,0,0.0,0,0,,075-n256-human-mix-anubis-d4-solve,91070464,11584,128.670877,40,,,,,,,
run-01,comparisons,256,anubis-d5-nosolve,requests,64,0,0.0,0.521246453,122.78261009096975,0.0,0.0,0,0,0,0.0,0.022784000000000006,0.8086704,0.022784000000000006,0.0,56958976,27172864,0,0,1.3720055000000002,7.92815745000001,16.38129542999997,281862,26940,281862,26940,0,0,0,0,0,64,0,0,0.0,0,0,,076-n256-comparisons-anubis-d5-nosolve,371908608,0,0,,64,,,,,,
run-01,unique-crawl,32,cgit,requests,32,32,1.0,0.872050693,36.69511446624124,36.69511446624124,4.8989375,0.156766,32,2,1.0,0.8582101,0.8247626,0.7014441,0.190074089198516,53149696,34430976,0,0,220.65489199999996,272.78238419999997,283.0679281,343054,8204,343054,8204,0,604672,339331,0,0,0,0,0,0.0,0,0,,077-n32-unique-crawl-cgit,257609728,13104,0,32,,,,,,,
run-01,unique-crawl,32,anubis-d5-nosolve,requests,32,0,0.0,0.469767308,68.11883129168282,0.0,0.0,0,0,0,0.0,0.019153800000000006,0.8818152,0.019153800000000006,0.0,55451648,25604096,0,0,14.07484550000001,55.71549145,70.38793434000002,140938,10268,140938,10268,0,0,0,0,0,32,0,0,0.0,0,0,,078-n32-unique-crawl-anubis-d5-nosolve,252739584,0,0,,32,,,,,,
run-01,ref-update,256,bounded-cold,after-publication,32,0,0.0,0.319075852,100.28963269837168,0.0,0.0,0,0,0,0.0,0.19554019999999994,0.29294169999999997,0.19554019999999994,0.0,97619968,76546048,0,0,6.449601000000001,15.740073299999993,23.782552540000008,4320,7136,156440,8956,151124,0,0,0,0,0,0,0,0.0,0,0,,079-n256-ref-update-bounded-cold,81039360,0,0,,,32,0,0.0,32,0,
run-01,ref-update,256,bounded-cold,requests,32,0,0.0,0.318991861,100.31603909793799,0.0,0.0,0,0,0,0.0,0.24552760000000007,0.2841762,0.24552760000000007,0.0,95793152,75034624,0,0,6.618549000000002,46.628287199999995,53.31631335000001,4320,7136,156440,8956,151124,0,0,0,0,0,0,0,0.0,0,0,,079-n256-ref-update-bounded-cold,81039360,0,0,,,32,0,0.0,32,0,
run-01,unique-crawl,128,anubis-d5-solve,requests,128,128,1.0,5.287299941,24.208953800300396,24.208953800300396,4.944921875,0.63295,128,2,1.0,3.6934385,8.3926481,3.0604885,0.07541719758272719,98250752,53293056,0,0,79.87147700000037,2071.2128296999954,3239.514886070001,1343137,122708,1343137,122708,0,2424832,1243322,0,0,16,7801234,0,0.0,0,0,,080-n128-unique-crawl-anubis-d5-solve,555192320,14652,27946.175571,128,,,,,,,
run-01,alias-flood,32,nginx-warm,requests,32,32,1.0,0.62047913,51.57304807334938,51.57304807334938,2.6399062499999997,0.084477,12,2,3.0,0.37827050000000007,0.959688,0.29379350000000004,0.08802548328206666,54398976,32120832,241671,266240,6.202090999999996,158.0454288,170.87197752999998,469868,8368,469868,8368,0,226992,174597,0,0,0,0,20,0.625,0,0,,081-n32-alias-flood-nginx-warm,253571072,11608,0,32,,,,,,,
run-01,large-plain,256,bounded-cold,requests,32,0,0.0,0.472209836,67.76648337329424,0.0,0.0,0,0,0,0.0,0.26607040000000004,0.4937979,0.26607040000000004,0.0,97591296,77283328,0,0,15.50862699999999,97.99593445000001,101.60080527000001,4320,10048,308560,13688,302248,0,0,0,0,0,0,0,0.0,0,0,,082-n256-large-plain-bounded-cold,140627968,0,0,,,32,0,0.0,32,0,
run-01,alias-flood,128,bounded-warm,requests,128,128,1.0,0.821370739,155.837058617205,155.837058617205,0.0,0.0,0,0,0.0,0.6229406,1.0930239,0.6229406,0.0,114577408,94277632,59759,81920,28.764677000000034,69.30891639999996,95.43999372000003,1857920,33472,2466400,40752,604496,0,0,0,0,0,0,0,0.0,0,0,,083-n128-alias-flood-bounded-warm,271548416,0,0,128,,128,128,1.0,,0,
run-01,ref-update,256,nginx-cold,after-publication,32,0,0.0,0.219576528,145.73506691024826,0.0,0.0,0.0,0,0,0.0,0.0023241999999999985,0.2758225,0.0023241999999999985,0.0,30879744,19648512,70015,73728,1.066019500000003,9.153074000000002,17.733470670000017,2214336,7136,2214336,7136,0,0,0,0,0,0,0,32,1.0,0,0,32,084-n256-ref-update-nginx-cold,81166336,0,0,,,,,,,,
run-01,ref-update,256,nginx-cold,requests,32,32,1.0,0.672920782,47.55388874288028,47.55388874288028,0.06796875,0.002175,1,1,1.0,0.025976200000000005,0.259472,0.023801200000000005,0.008382407350311401,30879744,19648512,70015,73728,0.7893680000000103,507.49517945,511.18678183000003,2214337,7136,2214337,7136,0,18854,69082,0,0,0,0,31,0.96875,0,0,,084-n256-ref-update-nginx-cold,77717504,8344,0,32,,,,,,,
run-01,unique-crawl,512,nginx-cold,requests,512,512,1.0,7.98665609,64.10692963743227,64.10692963743227,4.6603125,2.3860799999999998,512,2,1.0,13.7833812,1.3654593,11.397301200000001,1.7474559659156446,71565312,53297152,5380771,6344704,235.60911900000008,257.35684935000006,432.24603308000025,5182036,131712,5182036,131712,0,9689088,5113281,0,0,0,0,0,0.0,0,0,,085-n512-unique-crawl-nginx-cold,302821376,14612,0,512,,,,,,,
run-01,alias-flood,32,bounded-cold,requests,32,0,0.0,0.720774387,44.396694135026195,0.0,0.0,0,0,0,0.0,0.34920819999999997,0.9372788,0.34920819999999997,0.0,98103296,77221888,0,0,96.65790649999997,141.06491670000003,143.74531391999997,4320,8368,612800,15648,604496,0,0,0,0,0,0,0,0.0,0,0,,086-n32-alias-flood-bounded-cold,265314304,0,0,,,32,0,0.0,32,0,
run-01,unique-crawl,512,anubis-d5-solve,requests,512,512,1.0,12.081670669,42.37824503143639,42.37824503143639,5.164093749999999,2.6440159999999997,512,2,1.0,15.3309152,19.3917296,12.6868992,0.13634761078764215,110772224,61546496,0,0,108.43658949999985,171.31352620000007,5899.91285476999,5257790,448509,5257790,448509,0,9699328,5113281,0,0,16,18583153,0,0.0,0,0,,087-n512-unique-crawl-anubis-d5-solve,742563840,14596,80692.142678,512,,,,,,,
run-01,repeat-burst,32,nginx-warm,requests,32,32,1.0,0.570486209,56.09250406962949,56.09250406962949,0.0,0.0,0,0,0.0,0.002619499999999997,0.959597,0.002619499999999997,0.0,29904896,22294528,60076,69632,6.022887000000011,51.98886154999998,63.56892517,464648,8064,464648,8064,0,0,0,0,0,0,0,32,1.0,0,0,,088-n32-repeat-burst-nginx-warm,251920384,0,0,32,,,,,,,
run-01,ref-update,256,nginx-warm,after-publication,32,0,0.0,0.218173205,146.67245686746912,0.0,0.0,0.0,0,0,0.0,0.0025301999999999963,0.27137609999999995,0.0025301999999999963,0.0,30187520,19664896,70015,73728,1.3834019999999967,13.030182299999998,14.503879300000001,2214336,7136,2214336,7136,0,0,0,0,0,0,0,32,1.0,0,0,32,089-n256-ref-update-nginx-warm,81694720,0,0,,,,,,,,
run-01,ref-update,256,nginx-warm,requests,32,32,1.0,0.218661185,146.3451320818553,146.3451320818553,0.0,0.0,0,0,0.0,0.002527600000000005,0.2868799,0.002527600000000005,0.0,30187520,19664896,70015,73728,0.864924000000002,13.376119349999996,19.929646130000016,2214336,7136,2214336,7136,0,0,0,0,0,0,0,32,1.0,0,0,,089-n256-ref-update-nginx-warm,81694720,0,0,32,,,,,,,
run-01,comparisons,256,bounded-cold,requests,64,28,0.4375,106.221159318,0.6025164892843973,0.2636009640619238,0.0,0,0,0,0.0,5.3560286,16.3027668,5.3560286,0.0,193613824,172249088,0,0,196.60016849999374,50309.94120529999,53603.88843419,11978345,1821872,12130465,1823692,151124,0,0,0,0,0,0,0,0.0,7388,24800,,090-n256-comparisons-bounded-cold,429256704,0,0,28,,0,0,,,0,36
run-01,unique-crawl,32,nginx-warm,requests,32,32,1.0,0.520699726,61.455765006490516,61.455765006490516,0.0,0.0,0,0,0.0,0.002868299999999935,0.8861579,0.002868299999999935,0.0,30998528,27414528,356457,421888,5.8507999999999925,64.16717675000004,65.08660832000001,343598,8204,343598,8204,0,0,0,0,0,0,0,32,1.0,0,0,,091-n32-unique-crawl-nginx-warm,252649472,0,0,32,,,,,,,
run-01,comparisons,256,cgit,requests,64,64,1.0,65.130339551,0.9826449614911819,0.9826449614911819,1230.9150312499999,78.778562,64,2,4.0,117.2396891,2.3039926,38.46112710000001,34.192194020067596,1033637888,502697984,0,0,2254.4027585000003,10063.568472599993,14633.66600819,546007520,19200,546007520,19200,0,1205376,545999988,0,0,0,0,0,0.0,0,0,,092-n256-comparisons-cgit,527695872,391200,0,64,,,,,,,
run-01,alias-flood,512,anubis-d5-solve,requests,512,512,1.0,13.686245379,37.40982174597032,37.40982174597032,7.205060546874999,3.6889909999999997,512,2,128.0,16.2552573,21.1078799,12.5662663,0.1747684285431243,107696128,53354496,0,0,70.19935750000002,132.0484184999998,7529.045638219977,7594168,450895,7594168,450895,0,9697280,7449472,0,0,16,21274685,0,0.0,0,0,,093-n512-alias-flood-anubis-d5-solve,679481344,11708,86626.051561,512,,,,,,,
run-01,repeat-burst,32,anubis-d5-solve,requests,32,32,1.0,10.005117329,3.198363292277189,3.198363292277189,6.6778125,0.21369,32,1,8.0,0.9737678,18.454964,0.7600777999999999,0.01157899847434002,83812352,37679104,0,0,153.5821714999999,7976.227349399999,9149.950558780001,548863,41037,548863,41037,0,606080,460384,0,0,16,19983238,0,0.0,0,0,,094-n32-repeat-burst-anubis-d5-solve,595415040,11640,74215.557822,32,,,,,,,
run-01,alias-flood,128,anubis-d5-nosolve,requests,128,0,0.0,0.570316596,224.4367442535374,0.0,0.0,0,0,0,0.0,0.0460908,1.0089207,0.0460908,0.0,57360384,27258880,0,0,6.225015500000012,30.282184999999977,65.50930917000001,563671,47920,563671,47920,0,0,0,0,0,128,0,0,0.0,0,0,,095-n128-alias-flood-anubis-d5-nosolve,252571648,0,0,,128,,,,,,
run-01,large-plain,256,nginx-cold,requests,32,32,1.0,0.873397758,36.638518598074995,36.638518598074995,0.22540625,0.007213,1,1,1.0,0.08393729999999999,0.7016691,0.0767243,0.010279774326673355,40538112,27586560,4107165,4112384,23.88408449999997,542.4412721,551.71164105,131400225,10048,131400225,10048,0,18858,4106141,0,0,0,0,31,0.96875,0,0,,096-n256-large-plain-nginx-cold,349388800,9804,0,32,,,,,,,
run-01,alias-flood,128,nginx-cold,requests,128,128,1.0,0.671644591,190.5769832962148,190.5769832962148,0.8851328125,0.113297,16,2,4.0,0.5111475999999999,0.91934,0.39785059999999994,0.12323732242695846,46583808,33226752,241671,266240,0.6538245000000131,136.50108354999986,225.69642234,1879440,33472,1879440,33472,0,302720,232796,0,0,0,0,112,0.875,0,0,,097-n128-alias-flood-nginx-cold,258093056,11440,0,128,,,,,,,
run-01,repeat-burst,128,nginx-warm,requests,128,128,1.0,0.571311847,224.04576532437983,224.04576532437983,0.0,0.0,0,0,0.0,0.0064670000000000005,0.9744399,0.0064670000000000005,0.0,30228480,22167552,60076,69632,0.7192960000000141,61.425920250000004,73.72279741999998,1858592,32256,1858592,32256,0,0,0,0,0,0,0,128,1.0,0,0,,098-n128-repeat-burst-nginx-warm,256925696,0,0,128,,,,,,,
run-01,unique-crawl,128,nginx-warm,requests,128,128,1.0,0.521013086,245.67521131321453,245.67521131321453,0.0,0.0,0,0,0.0,0.00668079999999982,0.942983,0.00668079999999982,0.0,30220288,30707712,1310441,1531904,0.9552374999999813,45.12099174999995,68.39270534000006,1260380,32830,1260380,32830,0,0,0,0,0,0,0,128,1.0,0,0,,099-n128-unique-crawl-nginx-warm,259940352,0,0,128,,,,,,,
run-01,repeat-burst,512,bounded-warm,requests,512,512,1.0,1.372708479,372.985238914664,372.985238914664,0.0,0.0,0,0,0.0,1.6561206999999998,1.3736696,1.6561206999999998,0.0,171065344,151621632,59108,81920,22.303560000000004,47.819438699999985,88.09820801000002,7348352,129024,7956832,136304,604496,0,0,0,0,0,0,0,0.0,0,0,,100-n512-repeat-burst-bounded-warm,302309376,0,0,512,,512,512,1.0,,0,
run-01,repeat-burst,128,bounded-warm,requests,128,128,1.0,0.82144624,155.82273527723495,155.82273527723495,0.0,0.0,0,0,0.0,0.6304867999999999,1.0292714,0.6304867999999999,0.0,110743552,90316800,59108,81920,19.579402000000016,112.53209790000001,133.09808130000002,1837088,32256,2445568,39536,604496,0,0,0,0,0,0,0,0.0,0,0,,101-n128-repeat-burst-bounded-warm,274268160,0,0,128,,128,128,1.0,,0,
run-01,alias-flood,32,anubis-d5-solve,requests,32,32,1.0,9.507235003,3.365857685215778,3.365857685215778,6.98165625,0.223413,32,1,8.0,1.0264529,16.2907152,0.8030399,0.013714130856575283,72507392,36438016,0,0,206.54970950000006,6481.4522351,8244.936146870003,554523,41707,554523,41707,0,605952,465592,0,0,16,16776341,0,0.0,0,0,,102-n32-alias-flood-anubis-d5-solve,594472960,11504,61619.738239,32,,,,,,,
run-01,comparisons,256,nginx-warm,requests,64,64,1.0,1.373559043,46.59428389784916,46.59428389784916,0.0,0.0,0,0,0.0,0.21014650000000046,2.2260839,0.21014650000000046,0.0,85069824,322449408,136509511,136552448,9.226865500000002,91.04178289999997,209.94073513999973,546008608,19200,546008608,19200,0,0,0,0,0,0,0,64,1.0,0,0,,103-n256-comparisons-nginx-warm,657510400,0,0,64,,,,,,,
run-01,large-plain,256,nginx-warm,requests,32,32,1.0,0.469808049,68.11292413595919,68.11292413595919,0.0,0.0,0,0,0.0,0.04204129999999999,0.7980464,0.04204129999999999,0.0,34361344,27516928,4107165,4112384,30.572409499999992,62.42857915,66.14263947999999,131400224,10048,131400224,10048,0,0,0,0,0,0,0,32,1.0,0,0,,104-n256-large-plain-nginx-warm,359575552,0,0,32,,,,,,,
run-01,large-plain,256,cgit,requests,32,32,1.0,0.82015211,39.01715256210217,39.01715256210217,6.58403125,0.210689,32,2,32.0,1.0242171,0.7168821,0.8135281,0.29389630456667837,110039040,97148928,0,0,137.93356000000003,151.20055445,155.25260415,131399680,10048,131399680,10048,0,602688,131396512,0,0,0,0,0,0.0,0,0,,105-n256-large-plain-cgit,425021440,10140,0,32,,,,,,,
run-01,repeat-burst,512,cgit,requests,512,512,1.0,8.288466604,61.77258405709322,61.77258405709322,6.870421874999999,3.5176559999999997,512,2,128.0,15.1012251,1.4241475,11.583569100000002,2.470008197886806,77733888,47783936,0,0,249.81116049999991,280.00301055,301.76074287,7425664,129024,7425664,129024,0,9676800,7366144,0,0,0,0,0,0.0,0,0,,106-n512-repeat-burst-cgit,292597760,11792,0,512,,,,,,,
run-01,repeat-burst,32,bounded-cold,requests,32,0,0.0,0.671091925,47.68348240816636,0.0,0.0,0,0,0,0.0,0.2812448999999999,0.9246464,0.2812448999999999,0.0,96120832,75227136,0,0,68.13946050000001,99.70228660000001,112.72243333000003,4320,8064,612800,15344,604496,0,0,0,0,0,0,0,0.0,0,0,,107-n32-repeat-burst-bounded-cold,263626752,0,0,,,32,0,0.0,32,0,
run-01,unique-crawl,128,anubis-d4-solve,requests,128,128,1.0,2.424113713,52.802803479706235,52.802803479706235,4.7401640625,0.606741,128,2,1.0,3.5057537,1.968689,2.8990127,0.30819545392898523,106147840,58003456,0,0,209.75286800000003,586.4702329999997,680.5696867500002,1343193,122681,1343193,122681,0,2424832,1243322,0,0,16,708702,0,0.0,0,0,,108-n128-unique-crawl-anubis-d4-solve,420855808,14492,5188.974964,128,,,,,,,
run-01,human-mix,256,nginx-warm,requests,40,40,1.0,5.149676408,7.767478348321104,7.767478348321104,0.0,0.0,0,0,0.0,0.016213899999999892,0.2315007,0.016213899999999892,0.0,34263040,31326208,4317723,4366336,1.1495254999999815,8.99132445000003,9.316152710000082,12714706,10554,12714706,10554,0,0,0,0,0,0,0,40,1.0,0,0,,109-n256-human-mix-nginx-warm,86306816,0,0,40,,,,,,,
run-01,alias-flood,32,nginx-cold,requests,32,32,1.0,0.670462788,47.72822679011978,47.72822679011978,3.37034375,0.107851,16,2,4.0,0.4812533,0.8268397,0.37340229999999996,0.13043761686817892,59146240,34656256,241671,266240,19.36127599999999,218.74994199999998,235.24812672000004,469872,8368,469872,8368,0,302656,232796,0,0,0,0,16,0.5,0,0,,110-n32-alias-flood-nginx-cold,254545920,11568,0,32,,,,,,,
run-01,human-mix,256,bounded-cold,requests,40,4,0.1,7.523786764,5.316471778731554,0.5316471778731554,0.0,0,0,0,0.0,0.5471616,0.3472613,0.5471616,0.0,99430400,77930496,0,0,4.130106000000069,270.4286847999994,1000.4939015599992,285714,24218,361774,25128,75562,0,0,0,0,0,0,0,0.0,56,30,,111-n256-human-mix-bounded-cold,62316544,0,0,4,,34,0,0.0,34,0,2
run-02,comparisons,256,nginx-cold,requests,64,64,1.0,17.203041065,3.7202724656752424,3.7202724656752424,312.87921874999995,20.024269999999998,16,2,1.0,31.119975099999998,2.1523009,11.0957051,9.303657309254481,958480384,444801024,136509511,136548352,7.627615499999592,7368.913363799973,12210.98368509999,546008624,19200,546008624,19200,0,301728,136499997,0,0,0,0,48,0.75,0,0,,000-n256-comparisons-nginx-cold,420585472,390592,0,64,,,,,,,
run-02,repeat-burst,32,bounded-warm,requests,32,32,1.0,0.670925629,47.69530126266797,47.69530126266797,0.0,0.0,0,0,0.0,0.2845260999999999,0.9392089,0.2845260999999999,0.0,98332672,78671872,59108,81920,69.95698199999995,123.33116365,123.69342596000001,459272,8064,1067752,15344,604496,0,0,0,0,0,0,0,0.0,0,0,,001-n32-repeat-burst-bounded-warm,265441280,0,0,32,,32,32,1.0,,0,
run-02,human-mix,256,bounded-warm,requests,40,36,0.9,7.467461603,5.35657257131798,4.820915314186182,0.0,0.0,0,0,0.0,0.5659818999999997,0.4425545,0.5659818999999997,0.0,107601920,90959872,4257186,4333568,4.447624000000019,503.2241835999974,1363.04729233,4713072,29558,4789132,30468,75562,0,0,0,0,0,0,0,0.0,78,62,,002-n256-human-mix-bounded-warm,76132352,0,0,36,,32,32,1.0,,0,4
run-02,unique-crawl,32,nginx-warm,requests,32,32,1.0,0.52037486,61.49413136522391,61.49413136522391,0.0,0.0,0,0,0.0,0.0029782999999999893,0.9519265,0.0029782999999999893,0.0,30724096,28823552,300697,385024,6.036456000000015,69.54225385000001,70.67230121000003,287817,8225,287817,8225,0,0,0,0,0,0,0,32,1.0,0,0,,003-n32-unique-crawl-nginx-warm,252370944,0,0,32,,,,,,,
run-02,large-plain,256,cgit,requests,32,32,1.0,0.870828264,36.74662539432689,36.74662539432689,7.416531249999999,0.23732899999999998,32,2,32.0,1.1026371,0.7895558,0.8653080999999999,0.3005854684368096,88113152,87486464,0,0,138.68887949999998,170.93160385,177.80574311,131399680,10048,131399680,10048,0,602688,131396512,0,0,0,0,0,0.0,0,0,,004-n256-large-plain-cgit,422842368,10092,0,32,,,,,,,
run-02,comparisons,256,anubis-d4-solve,requests,64,64,1.0,66.17713599,0.9671013869453495,0.9671013869453495,1246.932234375,79.803663,64,2,4.0,120.7542585,2.5317744,40.950595500000006,31.520842852348927,1047453696,532201472,0,0,2304.1837910000013,10421.73860214999,14817.80930744,546029128,60961,546029128,60961,0,1208192,545999988,0,0,4,125328,0,0.0,0,0,,005-n256-comparisons-anubis-d4-solve,601010176,391452,297.908356,64,,,,,,,
run-02,repeat-burst,128,nginx-warm,requests,128,128,1.0,0.619596533,206.58604944130636,206.58604944130636,0.0,0.0,0,0,0.0,0.007251399999999991,1.0764616,0.007251399999999991,0.0,30060544,22265856,60076,69632,0.8001429999999914,35.16824414999997,73.37276879000004,1858592,32256,1858592,32256,0,0,0,0,0,0,0,128,1.0,0,0,,006-n128-repeat-burst-nginx-warm,256802816,0,0,128,,,,,,,
run-02,repeat-burst,128,cgit,requests,128,128,1.0,2.474653343,51.724416416574435,51.724416416574435,6.936890625,0.887922,128,2,32.0,3.8403342,1.0687439,2.9524122,0.8308089524534361,63049728,39116800,0,0,252.89555000000001,290.98675075,298.35082019000004,1856416,32256,1856416,32256,0,2419200,1841536,0,0,0,0,0,0.0,0,0,,007-n128-repeat-burst-cgit,267157504,11704,0,128,,,,,,,
run-02,ref-update,256,nginx-cold,after-publication,32,0,0.0,0.168350469,190.07966054433743,0.0,0.0,0.0,0,0,0.0,0.0024364000000000052,0.25807379999999996,0.0024364000000000052,0.0,30793728,19701760,70015,73728,0.7765995000000032,9.920951699999998,16.201460420000014,2214336,7136,2214336,7136,0,0,0,0,0,0,0,32,1.0,0,0,32,008-n256-ref-update-nginx-cold,79278080,0,0,,,,,,,,
run-02,ref-update,256,nginx-cold,requests,32,32,1.0,0.671932826,47.623808157275526,47.623808157275526,0.06724999999999999,0.002152,1,1,1.0,0.025818999999999995,0.2771001,0.023666999999999994,0.007766146601895848,30793728,19701760,70015,73728,0.901064500000011,509.40063929999997,513.29183171,2214337,7136,2214337,7136,0,18854,69082,0,0,0,0,31,0.96875,0,0,,008-n256-ref-update-nginx-cold,77754368,8292,0,32,,,,,,,
run-02,large-plain,256,nginx-cold,requests,32,32,1.0,0.920927257,34.74758701815686,34.74758701815686,0.2203125,0.00705,1,1,1.0,0.08299780000000001,0.7624164,0.07594780000000001,0.009246915465092305,49328128,27549696,4107165,4112384,35.52938799999998,541.93018145,561.95978331,131400225,10048,131400225,10048,0,18858,4106141,0,0,0,0,31,0.96875,0,0,,009-n256-large-plain-nginx-cold,322625536,9932,0,32,,,,,,,
run-02,unique-crawl,32,bounded-warm,requests,32,32,1.0,0.670833558,47.701847378362665,47.701847378362665,0.0,0.0,0,0,0.0,0.24327029999999983,0.9347506,0.24327029999999983,0.0,104349696,85102592,296364,466944,52.69806900000003,90.98926445000002,93.01838875,282769,8225,891249,15505,604496,0,0,0,0,0,0,0,0.0,0,0,,010-n32-unique-crawl-bounded-warm,263180288,0,0,32,,32,32,1.0,,0,
run-02,alias-flood,512,anubis-d5-nosolve,requests,512,0,0.0,0.769689892,665.2029672230644,0.0,0.0,0,0,0,0.0,0.14885539999999997,1.3849263,0.14885539999999997,0.0,59961344,29929472,0,0,6.3435309999999845,21.435082349999977,46.925584289999954,2254363,197872,2254363,197872,0,0,0,0,0,512,0,0,0.0,0,0,,011-n512-alias-flood-anubis-d5-nosolve,287391744,0,0,,512,,,,,,
run-02,unique-crawl,128,anubis-d4-solve,requests,128,128,1.0,2.527110106,50.65074121467662,50.65074121467662,4.7344765625,0.606013,128,2,1.0,3.558182,2.4637343,2.952169,0.24597335840963047,112087040,58179584,0,0,189.84415649999994,673.5508908999991,938.6652566500002,1364126,122855,1364126,122855,0,2424832,1264309,0,0,16,1217682,0,0.0,0,0,,012-n128-unique-crawl-anubis-d4-solve,462602240,14480,6502.404534,128,,,,,,,
run-02,session-churn,256,nginx-warm,requests,128,128,1.0,0.318530758,401.8450237072553,401.8450237072553,0.0,0.0,0,0,0.0,0.0053931000000000395,0.5385178,0.0053931000000000395,0.0,30007296,23269376,337941,401408,0.7182710000000014,17.194286699999992,30.34013720999999,1300888,32256,1300888,32256,0,0,0,0,0,0,0,128,1.0,0,0,,013-n256-session-churn-nginx-warm,141410304,0,0,128,,,,,,,
run-02,unique-crawl,128,nginx-warm,requests,128,128,1.0,0.620531261,206.2748616302185,206.2748616302185,0.0,0.0,0,0,0.0,0.008811899999999984,1.0842195,0.008811899999999984,0.0,31088640,29200384,1331589,1576960,3.4611599999999783,37.61501934999996,49.13252772999998,1281367,32991,1281367,32991,0,0,0,0,0,0,0,128,1.0,0,0,,014-n128-unique-crawl-nginx-warm,269959168,0,0,128,,,,,,,
run-02,alias-flood,32,anubis-d4-solve,requests,32,32,1.0,1.220956961,26.208950046683917,26.208950046683917,7.2729375,0.232734,32,2,8.0,1.0655621,2.0517497,0.8328281,0.11343196492242695,92262400,48566272,0,0,102.83522850000006,666.9241775999999,709.92314581,554490,41720,554490,41720,0,605952,465592,0,0,16,845027,0,0.0,0,0,,015-n32-alias-flood-anubis-d4-solve,328359936,11588,4688.743882000001,32,,,,,,,
run-02,repeat-burst,32,anubis-d5-solve,requests,32,32,1.0,7.944883156,4.0277496058369975,4.0277496058369975,6.82271875,0.218327,32,2,8.0,0.9862642,15.5620523,0.7679372,0.01402944777405741,79065088,39960576,0,0,384.1457084999999,7438.9100521,7449.553692500001,548899,41038,548899,41038,0,606080,460384,0,0,16,16198807,0,0.0,0,0,,016-n32-repeat-burst-anubis-d5-solve,682287104,11820,77269.139179,32,,,,,,,
run-02,session-churn,256,anubis-d4-solve,requests,128,128,1.0,2.374843546,53.89828741164577,53.89828741164577,4.8483359375,0.620587,128,2,4.0,3.6227877,2.560954,3.0022007,0.24232649239306914,99147776,50491392,0,0,109.67354249999994,238.10065609999984,398.63663757999996,1468310,136120,1468310,136120,0,2425344,1283832,0,0,32,1737584,0,0.0,0,0,,017-n256-session-churn-anubis-d4-solve,349663232,11652,2696.1449230000003,128,,,,,,,
run-02,ref-update,256,anubis-d4-solve,after-publication,32,32,1.0,0.719624344,44.467645191280525,44.467645191280525,2.0080625,0.064258,32,2,32.0,0.7119324000000001,0.7232974000000001,0.6476744000000001,0.0888403580601838,80814080,43888640,0,0,44.012636999999984,176.96080264999995,295.8319327400002,2234589,29356,2234589,29356,0,603968,2210464,0,0,4,307301,0,0.0,0,0,,018-n256-ref-update-anubis-d4-solve,144207872,8360,641.0404909999999,32,,,,,,,
run-02,ref-update,256,anubis-d4-solve,requests,32,32,1.0,0.720448137,44.41679887361552,44.41679887361552,2.04528125,0.065449,32,2,32.0,0.7373938,0.7397208,0.6719448,0.08847797709622333,77807616,40120320,0,0,38.09177699999998,178.0815095,316.6453627200002,2234764,29340,2234764,29340,0,603968,2210624,0,0,4,412618,0,0.0,0,0,,018-n256-ref-update-anubis-d4-solve,144207872,8420,644.925097,32,,,,,,,
run-02,alias-flood,128,bounded-warm,requests,128,128,1.0,0.871359844,146.89683129350175,146.89683129350175,0.0,0.0,0,0,0.0,0.6329535000000002,1.0882553,0.6329535000000002,0.0,109211648,90124288,59759,81920,26.66230200000001,111.86137785,122.79993295000003,1857920,33472,2466400,40752,604496,0,0,0,0,0,0,0,0.0,0,0,,019-n128-alias-flood-bounded-warm,272408576,0,0,128,,128,128,1.0,,0,
run-02,unique-crawl,32,cgit,requests,32,32,1.0,0.870156803,36.77498111797214,36.77498111797214,4.75078125,0.152025,32,2,1.0,0.8413661,0.8358537,0.6893411,0.18187991510954607,57720832,36446208,0,0,219.13410500000003,268.95758754999997,271.05869517,287273,8225,287273,8225,0,604672,283556,0,0,0,0,0,0.0,0,0,,020-n32-unique-crawl-cgit,261836800,14356,0,32,,,,,,,
run-02,human-mix,256,bounded-cold,requests,40,4,0.1,7.36959332,5.427707915909802,0.5427707915909802,0.0,0,0,0,0.0,0.5755057,0.3778492,0.5755057,0.0,97558528,76386304,0,0,4.30420550000008,502.99823604999733,1381.78170324,267294,29558,343354,30468,75562,0,0,0,0,0,0,0,0.0,78,62,,021-n256-human-mix-bounded-cold,67194880,0,0,4,,32,0,0.0,32,0,4
run-02,unique-crawl,512,cgit,requests,512,512,1.0,7.589525552,67.4613974868399,67.4613974868399,4.76461328125,2.439482,512,2,1.0,13.637923,1.4218297,11.198441,1.715734310515528,74399744,50044928,0,0,219.95549000000028,249.91342404999992,259.96772146000046,5172820,131712,5172820,131712,0,9676800,5113281,0,0,0,0,0,0.0,0,0,,022-n512-unique-crawl-cgit,299749376,14712,0,512,,,,,,,
run-02,alias-flood,32,nginx-warm,requests,32,32,1.0,0.569465521,56.19304210693381,56.19304210693381,2.498,0.07993600000000001,12,2,3.0,0.35860339999999996,0.8524286,0.27866739999999995,0.09377442286661898,55955456,32096256,241671,266240,17.110827,141.8530162,146.14581660000002,469868,8368,469868,8368,0,226992,174597,0,0,0,0,20,0.625,0,0,,023-n32-alias-flood-nginx-warm,253808640,11396,0,32,,,,,,,
run-02,alias-flood,512,nginx-warm,requests,512,512,1.0,0.670274188,763.8665029422257,763.8665029422257,0.16018554687499997,0.08201499999999999,12,2,3.0,0.3891143,1.1935837,0.3070993,0.06871323728700382,67022848,32415744,241671,266240,0.8966285000000198,15.89674304999999,120.95038325999994,7517708,133888,7517708,133888,0,227040,174597,0,0,0,0,500,0.9765625,0,0,,024-n512-alias-flood-nginx-warm,275894272,11704,0,512,,,,,,,
run-02,repeat-burst,32,cgit,requests,32,32,1.0,0.922254505,34.697580577283276,34.697580577283276,6.9144375,0.221262,32,2,8.0,0.9531558,0.8223318,0.7318938,0.2690665738574138,62881792,36265984,0,0,207.24628199999998,285.8288012,336.8031862900001,464104,8064,464104,8064,0,604672,460384,0,0,0,0,0,0.0,0,0,,025-n32-repeat-burst-cgit,258863104,11704,0,32,,,,,,,
run-02,repeat-burst,32,anubis-d5-nosolve,requests,32,0,0.0,0.520385926,61.4928236933141,0.0,0.0,0,0,0,0.0,0.019209799999999992,0.9221229,0.019209799999999992,0.0,55091200,25264128,0,0,19.899298000000016,74.69408944999998,117.43707927000005,140901,10128,140901,10128,0,0,0,0,0,32,0,0,0.0,0,0,,026-n32-repeat-burst-anubis-d5-nosolve,253988864,0,0,,32,,,,,,
run-02,repeat-burst,128,anubis-d4-solve,requests,128,128,1.0,2.725630027,46.961619417175584,46.961619417175584,7.1290546875,0.912519,128,2,32.0,4.0280591,2.3089261,3.1155401,0.39521360168261777,108457984,57962496,0,0,217.13268950000008,670.9779043999995,894.7844514400002,1941192,121972,1941192,121972,0,2424832,1841536,0,0,16,1050331,0,0.0,0,0,,027-n128-repeat-burst-anubis-d4-solve,439349248,11704,6079.324667,128,,,,,,,
run-02,comparisons,256,bounded-warm,requests,64,28,0.4375,106.217114766,0.6025394320020293,0.26361100150088784,0.0,0,0,0,0.0,5.308111500000001,16.1544579,5.308111500000001,0.0,193343488,172257280,0,0,190.90249600000243,50576.81601635,53601.3537897,11978345,1821872,12130465,1823692,151124,0,0,0,0,0,0,0,0.0,7388,24800,,028-n256-comparisons-bounded-warm,407052288,0,0,28,,0,0,,,0,36
run-02,alias-flood,128,anubis-d4-solve,requests,128,128,1.0,2.92720472,43.72772397005427,43.72772397005427,7.1351875,0.913304,128,2,32.0,4.019687,2.786143,3.106383,0.32780227001988055,100909056,55463936,0,0,202.32752749999997,830.2372063,1111.8176629800005,1962425,123553,1962425,123553,0,2424320,1862368,0,0,16,1470595,0,0.0,0,0,,029-n128-alias-flood-anubis-d4-solve,494505984,11792,9036.582278,128,,,,,,,
run-02,alias-flood,512,anubis-d5-solve,requests,512,512,1.0,10.225518629,50.07080995852343,50.07080995852343,7.2420410156249995,3.707925,512,2,128.0,16.4733511,13.7615361,12.765426099999999,0.2694412144876763,107216896,58118144,0,0,112.55758100000003,180.3835770499998,4722.03410941,7594186,450916,7594186,450916,0,9697280,7449472,0,0,16,12583534,0,0.0,0,0,,030-n512-alias-flood-anubis-d5-solve,675700736,11772,56396.751993,512,,,,,,,
run-02,repeat-burst,32,nginx-cold,requests,32,32,1.0,0.972151992,32.91666350872426,32.91666350872426,0.84503125,0.027041,4,2,1.0,0.1264977,0.8968575,0.0994567,0.03015083221136022,51204096,27906048,60076,69632,11.141189500000024,509.47342645,523.6022409,464652,8064,464652,8064,0,75680,57548,0,0,0,0,28,0.875,0,0,,031-n32-repeat-burst-nginx-cold,253849600,11228,0,32,,,,,,,
run-02,repeat-burst,512,nginx-warm,requests,512,512,1.0,0.672548059,761.2838861824742,761.2838861824742,0.0,0.0,0,0,0.0,0.02069779999999999,1.1879445,0.02069779999999999,0.0,29892608,22716416,60076,69632,1.5182635000000175,18.567889749999996,62.09748640999996,7434368,129024,7434368,129024,0,0,0,0,0,0,0,512,1.0,0,0,,032-n512-repeat-burst-nginx-warm,280477696,0,0,512,,,,,,,
run-02,large-plain,256,anubis-d5-solve,requests,32,32,1.0,5.692841575,5.621094418036743,5.621094418036743,7.233125,0.23146,32,2,32.0,1.1918486,9.6983268,0.9603885999999999,0.02386597242732633,83103744,52781056,0,0,43.51391649999982,3426.0705107999993,4929.621235070002,131443084,37119,131443084,37119,0,604096,131396512,0,0,8,10082767,0,0.0,0,0,,033-n256-large-plain-anubis-d5-solve,381784064,10128,21331.583723,32,,,,,,,
run-02,unique-crawl,128,bounded-cold,requests,128,0,0.0,0.77126649,165.96079521100418,0.0,0.0,0,0,0,0.0,0.5927823999999999,1.0289212,0.5927823999999999,0.0,100495360,94040064,0,0,21.945520499999986,89.65538695000001,91.70011235999999,17280,32991,625760,40271,604496,0,0,0,0,0,0,0,0.0,0,0,,034-n128-unique-crawl-bounded-cold,271622144,0,0,,,128,0,0.0,128,0,
run-02,repeat-burst,512,anubis-d4-solve,requests,512,512,1.0,8.788950437,58.25496498928544,58.25496498928544,6.8642597656249995,3.5145009999999997,512,2,128.0,15.331997,2.9865342,11.817496,1.1767824389889792,121872384,69591040,0,0,249.90025049999986,280.00121525000014,842.2744593999986,7510214,445667,7510214,445667,0,9699328,7366144,0,0,16,1360641,0,0.0,0,0,,035-n512-repeat-burst-anubis-d4-solve,498085888,11768,7912.641704000001,512,,,,,,,
run-02,comparisons,256,anubis-d5-solve,requests,64,64,1.0,65.168590417,0.982068195590507,0.982068195590507,1220.9719375,78.14220399999999,64,2,4.0,115.9762211,5.8127954,37.83401710000001,13.443136842559433,1087762432,518631424,0,0,2087.5145994999984,8702.316120849997,14459.77969955,546029138,60956,546029138,60956,0,1208192,545999988,0,0,4,3801611,0,0.0,0,0,,036-n256-comparisons-anubis-d5-solve,596889600,391360,4432.463358,64,,,,,,,
run-02,ref-update,256,nginx-warm,after-publication,32,0,0.0,0.218947052,146.1540573745656,0.0,0.0,0.0,0,0,0.0,0.0032652000000000098,0.30418660000000003,0.0032652000000000098,0.0,30027776,19619840,70015,73728,0.9648660000000007,9.272056799999996,15.584027810000013,2214336,7136,2214336,7136,0,0,0,0,0,0,0,32,1.0,0,0,32,037-n256-ref-update-nginx-warm,79699968,0,0,,,,,,,,
run-02,ref-update,256,nginx-warm,requests,32,32,1.0,0.219286369,145.9279030699806,145.9279030699806,0.0,0.0,0,0,0.0,0.003046999999999994,0.3365902,0.003046999999999994,0.0,30027776,19619840,70015,73728,1.846752500000001,11.53417929999999,15.427099319999996,2214336,7136,2214336,7136,0,0,0,0,0,0,0,32,1.0,0,0,,037-n256-ref-update-nginx-warm,79699968,0,0,32,,,,,,,
run-02,comparisons,256,cgit,requests,64,64,1.0,64.322348709,0.9949885426221245,0.9949885426221245,1231.441828125,78.812277,64,2,4.0,116.8965499,2.2858816,38.0842729,34.47784740906965,976601088,498552832,0,0,1943.2914840000012,10692.59552074999,14237.055036339996,546007520,19200,546007520,19200,0,1205376,545999988,0,0,0,0,0,0.0,0,0,,038-n256-comparisons-cgit,528281600,391076,0,64,,,,,,,
run-02,repeat-burst,128,bounded-warm,requests,128,128,1.0,0.871787005,146.82485431174786,146.82485431174786,0.0,0.0,0,0,0.0,0.5646496999999999,1.0398076,0.5646496999999999,0.0,114286592,94613504,59108,81920,27.83864249999999,150.94646194999999,157.81344848999998,1837088,32256,2445568,39536,604496,0,0,0,0,0,0,0,0.0,0,0,,039-n128-repeat-burst-bounded-warm,273125376,0,0,128,,128,128,1.0,,0,
run-02,unique-crawl,32,anubis-d5-solve,requests,32,32,1.0,7.492246083,4.271082349071315,4.271082349071315,4.86159375,0.155571,32,2,1.0,0.9161088000000001,14.5946627,0.7605378,0.010659444702343137,70684672,40914944,0,0,287.40654,6734.7186884,7016.00164147,372230,41339,372230,41339,0,606080,283556,0,0,16,15131180,0,0.0,0,0,,040-n32-unique-crawl-anubis-d5-solve,631635968,14568,58127.457772999995,32,,,,,,,
run-02,repeat-burst,128,anubis-d5-nosolve,requests,128,0,0.0,0.569743172,224.66263097225848,0.0,0.0,0,0,0,0.0,0.043618199999999996,1.0299346,0.043618199999999996,0.0,56397824,27205632,0,0,7.2719629999999995,42.29350099999997,71.90893890000005,563779,46704,563779,46704,0,0,0,0,0,128,0,0,0.0,0,0,,041-n128-repeat-burst-anubis-d5-nosolve,263581696,0,0,,128,,,,,,
run-02,human-mix,256,nginx-cold,requests,40,40,1.0,5.445860184,7.345028819785066,7.345028819785066,2.24185,0.08967399999999999,18,2,1.0,0.4792664,0.2048238,0.3895924,0.4378104497621858,48263168,33374208,4282170,4325376,1.3304384999999002,31.361338549999996,45.50419213000003,4516111,10526,4516111,10526,0,340168,4272227,0,0,0,0,22,0.55,0,0,,042-n256-human-mix-nginx-cold,67342336,11144,0,40,,,,,,,
run-02,alias-flood,32,cgit,requests,32,32,1.0,0.92006051,34.780321133443714,34.780321133443714,6.790406249999999,0.217293,32,2,8.0,0.9429615,0.841299,0.7256685,0.25828272706849764,56176640,36487168,0,0,229.92743999999996,302.17115644999996,306.45831893,469312,8368,469312,8368,0,604544,465592,0,0,0,0,0,0.0,0,0,,043-n32-alias-flood-cgit,260362240,11704,0,32,,,,,,,
run-02,alias-flood,512,cgit,requests,512,512,1.0,8.288305874,61.77378197468777,61.77378197468777,6.917736328125,3.541881,512,2,128.0,15.1346243,1.4276698,11.5927433,2.4808824841710595,73707520,46346240,0,0,249.88278449999996,279.9247175,293.9346216299999,7508992,133888,7508992,133888,0,9674752,7449472,0,0,0,0,0,0.0,0,0,,044-n512-alias-flood-cgit,292618240,11772,0,512,,,,,,,
run-02,unique-crawl,32,anubis-d5-nosolve,requests,32,0,0.0,0.520572273,61.47081137377442,0.0,0.0,0,0,0,0.0,0.018649399999999997,0.8835132,0.018649399999999997,0.0,53858304,23322624,0,0,11.039328999999995,56.21421320000002,67.0537177,140940,10289,140940,10289,0,0,0,0,0,32,0,0,0.0,0,0,,045-n32-unique-crawl-anubis-d5-nosolve,251265024,0,0,,32,,,,,,
run-02,unique-crawl,512,anubis-d5-solve,requests,512,512,1.0,9.793292685,52.280679896783866,52.280679896783866,4.881353515625,2.499253,512,2,1.0,14.4010137,10.9353465,11.9017607,0.22854813059650192,108343296,66707456,0,0,170.05773750000003,219.92148829999957,3312.280230149996,5257727,448516,5257727,448516,0,9699328,5113281,0,0,16,9863574,0,0.0,0,0,,046-n512-unique-crawl-anubis-d5-solve,694001664,14620,44303.806583,512,,,,,,,
run-02,alias-flood,32,nginx-cold,requests,32,32,1.0,0.671117642,47.68165519332302,47.68165519332302,3.4592187500000002,0.110695,16,2,4.0,0.49227709999999997,0.8530952,0.3815821,0.12975691341364948,70193152,32681984,241671,266240,20.293214000000006,223.46064305,235.82024836000002,469872,8368,469872,8368,0,302656,232796,0,0,0,0,16,0.5,0,0,,047-n32-alias-flood-nginx-cold,257048576,11648,0,32,,,,,,,
run-02,unique-crawl,512,bounded-cold,requests,512,0,0.0,1.223276406,418.5480873241006,0.0,0.0,0,0,0,0.0,1.4748554,1.2782286,1.4748554,0.0,150986752,134713344,0,0,16.837694999999968,39.93135805000001,102.08646451999992,69120,131712,677600,138992,604496,0,0,0,0,0,0,0,0.0,0,0,,048-n512-unique-crawl-bounded-cold,282308608,0,0,,,512,0,0.0,512,0,
run-02,alias-flood,32,anubis-d5-solve,requests,32,32,1.0,8.197677429,3.9035446658095134,3.9035446658095134,6.7645,0.216464,32,1,8.0,0.9744417000000001,15.088754,0.7579777000000001,0.014346048719463515,70164480,35979264,0,0,628.1084135000002,6466.100951649999,7422.250373470001,554484,41725,554484,41725,0,605952,465592,0,0,16,15745890,0,0.0,0,0,,049-n32-alias-flood-anubis-d5-solve,672362496,11604,70581.071363,32,,,,,,,
run-02,alias-flood,512,anubis-d4-solve,requests,512,512,1.0,8.638435489,59.26999173079082,59.26999173079082,6.87510546875,3.520054,512,2,128.0,15.3455516,2.7486637,11.8254976,1.2806419352065515,109740032,67198976,0,0,249.73887849999983,289.81753289999995,630.1385229499996,7594169,450925,7594169,450925,0,9697280,7449472,0,0,16,1148204,0,0.0,0,0,,050-n512-alias-flood-anubis-d4-solve,466505728,11792,5669.000477,512,,,,,,,
run-02,unique-crawl,128,bounded-warm,requests,128,128,1.0,0.770604973,166.1032623520326,166.1032623520326,0.0,0.0,0,0,0.0,0.5178487999999994,1.0336958,0.5178487999999994,0.0,161583104,148557824,1315353,1986560,28.267755499999993,73.2097899,78.34249365,1260987,32991,1869467,40271,604496,0,0,0,0,0,0,0,0.0,0,0,,051-n128-unique-crawl-bounded-warm,271290368,0,0,128,,128,128,1.0,,0,
run-02,alias-flood,512,bounded-warm,requests,512,512,1.0,1.322799806,387.0578130399272,387.0578130399272,0.0,0.0,0,0,0.0,1.5951123999999999,1.3942794,1.5951123999999999,0.0,171491328,153366528,59759,81920,21.767246499999942,45.34049530000007,68.31154292999993,7431680,133888,8040160,141168,604496,0,0,0,0,0,0,0,0.0,0,0,,052-n512-alias-flood-bounded-warm,304422912,0,0,512,,512,512,1.0,,0,
run-02,unique-crawl,128,anubis-d5-solve,requests,128,128,1.0,9.049270436,14.144786688083459,14.144786688083459,4.906921874999999,0.6280859999999999,128,2,1.0,3.7713358,16.6755969,3.1432498000000004,0.037664978577168655,90984448,51908608,0,0,79.48457799999983,5346.639424149994,7669.204624730004,1364154,122859,1364154,122859,0,2424832,1264309,0,0,16,16522683,0,0.0,0,0,,053-n128-unique-crawl-anubis-d5-solve,724541440,14612,74796.43659900001,128,,,,,,,
run-02,unique-crawl,128,anubis-d5-nosolve,requests,128,0,0.0,0.569648094,224.70012863766377,0.0,0.0,0,0,0,0.0,0.05121669999999999,1.0669761,0.05121669999999999,0.0,57999360,28184576,0,0,7.440017000000012,41.25264455000001,79.76223968000008,563613,47439,563613,47439,0,0,0,0,0,128,0,0,0.0,0,0,,054-n128-unique-crawl-anubis-d5-nosolve,264409088,0,0,,128,,,,,,
run-02,alias-flood,128,anubis-d5-nosolve,requests,128,0,0.0,0.570815779,224.2404725115351,0.0,0.0,0,0,0,0.0,0.049699700000000006,1.0005663,0.049699700000000006,0.0,56020992,25587712,0,0,6.610738999999995,47.670602249999966,84.73784898000002,563568,47920,563568,47920,0,0,0,0,0,128,0,0,0.0,0,0,,055-n128-alias-flood-anubis-d5-nosolve,261963776,0,0,,128,,,,,,
run-02,ref-update,256,anubis-d5-nosolve,after-publication,32,0,0.0,0.168838162,189.530610976445,0.0,0.0,0,0,0,0.0,0.011945899999999995,0.2681826,0.011945899999999995,0.0,55394304,25219072,0,0,1.6681784999999962,10.544999149999995,11.360649289999998,140916,10748,140916,10748,0,0,0,0,0,32,0,0,0.0,0,0,,056-n256-ref-update-anubis-d5-nosolve,77901824,0,0,,32,,,,,,
run-02,ref-update,256,anubis-d5-nosolve,requests,32,0,0.0,0.168732927,189.64881703261153,0.0,0.0,0,0,0,0.0,0.01418069999999999,0.2686251,0.01418069999999999,0.0,55037952,24952832,0,0,1.3059225000000012,10.786907299999996,24.339640330000027,140926,10748,140926,10748,0,0,0,0,0,32,0,0,0.0,0,0,,056-n256-ref-update-anubis-d5-nosolve,76574720,0,0,,32,,,,,,
run-02,human-mix,256,anubis-d4-solve,requests,40,40,1.0,5.948940115,6.723886814584281,6.723886814584281,5.1576249999999995,0.206305,40,1,2.2222222222222223,1.0389718000000001,0.5600257,0.8326668000000002,0.36838487947963816,76333056,39747584,0,0,25.00493649999953,40.495287549999574,241.25271616999987,4526140,36064,4526140,36064,0,756722,4510782,0,0,2,348232,0,0.0,0,0,,057-n256-human-mix-anubis-d4-solve,97796096,11416,338.24284600000004,40,,,,,,,
run-02,human-mix,256,anubis-d5-solve,requests,40,40,1.0,6.757632887,5.919232469249702,5.919232469249702,5.1773,0.207092,40,2,2.2222222222222223,1.0486237,1.8682625,0.8415317,0.11084737824583002,78344192,44777472,0,0,25.645810999999867,104.27875189999892,926.0570181399996,4526119,36067,4526119,36067,0,756722,4510782,0,0,2,1943070,0,0.0,0,0,,058-n256-human-mix-anubis-d5-solve,111779840,11308,1626.695401,40,,,,,,,
run-02,session-churn,256,anubis-d5-solve,requests,128,128,1.0,13.846091134,9.244486314674578,9.244486314674578,4.675875,0.5985119999999999,128,2,4.0,3.5599364000000002,26.0262548,2.9614244000000003,0.02299647047180987,86679552,48156672,0,0,73.49142099999972,3504.127388899996,6808.33519323001,1468308,136109,1468308,136109,0,2425344,1283832,0,0,32,29567013,0,0.0,0,0,,059-n256-session-churn-anubis-d5-solve,390393856,11696,69253.410865,128,,,,,,,
run-02,alias-flood,32,bounded-cold,requests,32,0,0.0,0.670762444,47.70690471155836,0.0,0.0,0,0,0,0.0,0.2921454,0.9017122,0.2921454,0.0,95096832,74575872,0,0,74.09145049999998,114.47112529999998,116.25487426,4320,8368,612800,15648,604496,0,0,0,0,0,0,0,0.0,0,0,,060-n32-alias-flood-bounded-cold,269496320,0,0,,,32,0,0.0,32,0,
run-02,large-plain,256,anubis-d4-solve,requests,32,32,1.0,0.970313996,32.97901517644397,32.97901517644397,7.0799375,0.22655799999999998,32,2,32.0,1.1538591,1.6058244,0.9273011,0.1410851647290949,121810944,87007232,0,0,97.22637699999996,459.8723346499998,606.93570793,131443082,37118,131443082,37118,0,604096,131396512,0,0,8,688901,0,0.0,0,0,,061-n256-large-plain-anubis-d4-solve,366596096,10080,1597.050978,32,,,,,,,
run-02,comparisons,256,anubis-d5-nosolve,requests,64,0,0.0,0.569737016,112.33252922432548,0.0,0.0,0,0,0,0.0,0.0257164,0.7972308,0.0257164,0.0,55386112,25378816,0,0,1.3298975000000013,8.529183749999955,13.733917619999984,281795,26940,281795,26940,0,0,0,0,0,64,0,0,0.0,0,0,,062-n256-comparisons-anubis-d5-nosolve,398876672,0,0,,64,,,,,,
run-02,ref-update,256,bounded-warm,after-publication,32,0,0.0,0.269263224,118.84281679699414,0.0,0.0,0.0,0,0,0.0,0.12342419999999987,0.2938586,0.12342419999999987,0.0,99196928,79233024,138685,147456,4.399511999999987,8.678622149999999,9.269032000000005,4320,7136,156440,8956,151124,0,0,0,0,0,0,0,0.0,0,0,,063-n256-ref-update-bounded-warm,86192128,0,0,,,32,0,0.0,32,0,
run-02,ref-update,256,bounded-warm,after-update-preparation,32,32,1.0,0.319696989,100.09478068622036,100.09478068622036,0.0,0.0,0,0,0.0,0.18656459999999986,0.3029335999999999,0.18656459999999986,0.0,107311104,86855680,138685,147456,8.851544500000003,14.048032999999986,15.812803639999993,2206752,7136,2358872,8956,151124,0,0,0,0,0,0,0,0.0,0,0,,063-n256-ref-update-bounded-warm,87900160,0,0,32,,32,32,1.0,,0,
run-02,ref-update,256,bounded-warm,requests,32,32,1.0,0.37075119,86.3112536469539,86.3112536469539,0.0,0.0,0,0,0.0,0.3037944,0.3096783,0.3037944,0.0,98406400,78475264,138685,147456,11.191107999999986,31.361158300000003,33.95255162000001,2206912,7136,2359032,8956,151124,0,0,0,0,0,0,0,0.0,0,0,,063-n256-ref-update-bounded-warm,86192128,0,0,32,,32,32,1.0,,0,
run-02,repeat-burst,512,anubis-d5-solve,requests,512,512,1.0,11.728591165,43.65400693033706,43.65400693033706,7.333369140625,3.754685,512,2,128.0,16.475469,17.1352397,12.720784,0.21912065811370005,110178304,59379712,0,0,109.93074899999965,190.8220795500003,5950.319851169996,7510425,445704,7510425,445704,0,9699328,7366144,0,0,16,16023785,0,0.0,0,0,,064-n512-repeat-burst-anubis-d5-solve,680050688,11768,71057.326453,512,,,,,,,
run-02,unique-crawl,512,bounded-warm,requests,512,512,1.0,1.173090083,436.4541201223334,436.4541201223334,0.0,0.0,0,0,0.0,1.1914564999999975,1.4195523,1.1914564999999975,0.0,186236928,183214080,5317361,8028160,13.188448499999936,40.936919749999966,78.53262203999992,5099908,131712,5708388,138992,604496,0,0,0,0,0,0,0,0.0,0,0,,065-n512-unique-crawl-bounded-warm,296554496,0,0,512,,512,512,1.0,,0,
run-02,ref-update,256,cgit,after-publication,32,32,1.0,0.519747505,61.56835711986727,61.56835711986727,1.9328125,0.06185,32,2,32.0,0.6801926,0.2863463,0.6183426000000001,0.21599720338624945,48562176,30322688,0,0,44.30682299999998,46.39737855,73.15235422000003,2213632,7136,2213632,7136,0,602560,2210464,0,0,0,0,0,0.0,0,0,,066-n256-ref-update-cgit,83394560,8428,0,32,,,,,,,
run-02,ref-update,256,cgit,requests,32,32,1.0,0.569830032,56.157096332191905,56.157096332191905,1.9443437499999998,0.062219,32,2,32.0,0.6895018,0.2772623,0.6272828,0.22440483253583338,47968256,27242496,0,0,43.93070049999997,91.60994515,92.69785411000001,2213792,7136,2213792,7136,0,602560,2210624,0,0,0,0,0,0.0,0,0,,066-n256-ref-update-cgit,82939904,8424,0,32,,,,,,,
run-02,alias-flood,32,anubis-d5-nosolve,requests,32,0,0.0,0.519114653,61.64341502415652,0.0,0.0,0,0,0,0.0,0.018356700000000004,0.8927402,0.018356700000000004,0.0,58261504,27222016,0,0,5.67362,49.65324185,88.90367962000008,140857,10432,140857,10432,0,0,0,0,0,32,0,0,0.0,0,0,,067-n32-alias-flood-anubis-d5-nosolve,248684544,0,0,,32,,,,,,
run-02,repeat-burst,512,bounded-cold,requests,512,0,0.0,1.273872765,401.9239707978214,0.0,0.0,0,0,0,0.0,1.4673126,1.2876324,1.4673126,0.0,141271040,121405440,0,0,17.346172500000023,44.093394749999995,124.71679351999997,69120,129024,677600,136304,604496,0,0,0,0,0,0,0,0.0,0,0,,068-n512-repeat-burst-bounded-cold,287993856,0,0,,,512,0,0.0,512,0,
run-02,human-mix,256,anubis-d5-nosolve,requests,40,0,0.0,5.212645498,7.673646714580398,0.0,0.0,0,0,0,0.0,0.036477300000000004,0.2200457,0.036477300000000004,0.0,54755328,25018368,0,0,1.8533645000002252,2.9851325500002455,8.817101049999996,176159,15428,176159,15428,0,0,0,0,0,40,0,0,0.0,0,0,,069-n256-human-mix-anubis-d5-nosolve,49115136,0,0,,40,,,,,,
run-02,human-mix,256,nginx-warm,requests,40,40,1.0,5.15830485,7.754485468225089,7.754485468225089,0.0,0.0,0,0,0.0,0.014078100000000093,0.2081784,0.014078100000000093,0.0,34594816,31342592,4282170,4325376,1.2200824999999895,2.189681850000054,11.639639399999993,4516093,10526,4516093,10526,0,0,0,0,0,0,0,40,1.0,0,0,,070-n256-human-mix-nginx-warm,61186048,0,0,40,,,,,,,
run-02,large-plain,256,bounded-warm,requests,32,32,1.0,0.971158732,32.95032927737708,32.95032927737708,0.0,0.0,0,0,0.0,1.3026313,1.1637144,1.3026313,0.0,177414144,161918976,4106402,4112384,123.20357899999999,268.55288155,300.97228801,131455744,10048,131759984,13688,302248,0,0,0,0,0,0,0,0.0,0,0,,071-n256-large-plain-bounded-warm,314114048,0,0,32,,32,32,1.0,,0,
run-02,repeat-burst,128,bounded-cold,requests,128,0,0.0,0.872791453,146.65588160840983,0.0,0.0,0,0,0,0.0,0.6049479999999999,1.0199057,0.6049479999999999,0.0,96624640,75759616,0,0,24.478391500000015,159.56813049999997,163.46566005000005,17280,32256,625760,39536,604496,0,0,0,0,0,0,0,0.0,0,0,,072-n128-repeat-burst-bounded-cold,269611008,0,0,,,128,0,0.0,128,0,
run-02,alias-flood,128,nginx-cold,requests,128,128,1.0,0.672352934,190.37620500664016,190.37620500664016,0.850046875,0.108806,16,2,4.0,0.48777039999999994,0.914928,0.3789643999999999,0.11892301907909694,50655232,32346112,241671,266240,0.6109554999999887,157.0286110499998,214.67569395,1879440,33472,1879440,33472,0,302720,232796,0,0,0,0,112,0.875,0,0,,073-n128-alias-flood-nginx-cold,253706240,11388,0,128,,,,,,,
run-02,ref-update,256,bounded-cold,after-publication,32,0,0.0,0.269883754,118.56956754795993,0.0,0.0,0,0,0,0.0,0.15011439999999987,0.3011223,0.15011439999999987,0.0,98316288,78426112,0,0,5.704861499999993,12.632564649999997,13.670890029999999,4320,7136,156440,8956,151124,0,0,0,0,0,0,0,0.0,0,0,,074-n256-ref-update-bounded-cold,78589952,0,0,,,32,0,0.0,32,0,
run-02,ref-update,256,bounded-cold,requests,32,0,0.0,0.369675029,86.5625143428338,0.0,0.0,0,0,0,0.0,0.3080574999999999,0.3177056,0.3080574999999999,0.0,97685504,77586432,0,0,6.703474499999999,67.6770976,73.94971801,4320,7136,156440,8956,151124,0,0,0,0,0,0,0,0.0,0,0,,074-n256-ref-update-bounded-cold,78589952,0,0,,,32,0,0.0,32,0,
run-02,unique-crawl,32,bounded-cold,requests,32,0,0.0,0.673045825,47.545053860188496,0.0,0.0,0,0,0,0.0,0.2989913999999999,0.9356072,0.2989913999999999,0.0,96276480,75907072,0,0,74.06448099999997,147.31926945000004,153.11385701999998,4320,8225,612800,15505,604496,0,0,0,0,0,0,0,0.0,0,0,,075-n32-unique-crawl-bounded-cold,265355264,0,0,,,32,0,0.0,32,0,
run-02,unique-crawl,128,cgit,requests,128,128,1.0,2.173507757,58.890979150068894,58.890979150068894,4.5330234375,0.5802269999999999,128,2,1.0,3.3161457,1.0023395,2.7359187,0.5788727272545878,63549440,39948288,0,0,219.72310549999997,255.78267700000004,262.38685929,1279191,32991,1279191,32991,0,2419200,1264309,0,0,0,0,0,0.0,0,0,,076-n128-unique-crawl-cgit,270139392,14556,0,128,,,,,,,
run-02,session-churn,256,anubis-d5-nosolve,requests,128,0,0.0,0.369816304,346.11778500712074,0.0,0.0,0,0,0,0.0,0.043810999999999996,0.5777805,0.043810999999999996,0.0,55799808,25980928,0,0,1.5731860000000069,17.026859649999988,41.11170211000005,563640,44640,563640,44640,0,0,0,0,0,128,0,0,0.0,0,0,,077-n256-session-churn-anubis-d5-nosolve,140533760,0,0,,128,,,,,,
run-02,unique-crawl,32,nginx-cold,requests,32,32,1.0,0.821159009,38.96931002312123,38.96931002312123,4.600625,0.14722,32,2,1.0,0.8518709,0.8218532,0.7046509,0.17913174761624095,60334080,44429312,300697,385024,188.6963985,236.412855,251.9198498,287849,8225,287849,8225,0,605440,283556,0,0,0,0,0,0.0,0,0,,078-n32-unique-crawl-nginx-cold,259137536,14672,0,32,,,,,,,
run-02,human-mix,256,cgit,requests,40,40,1.0,5.658946159,7.068453891610881,7.068453891610881,5.2077,0.208308,40,2,2.2222222222222223,1.0302715,0.2025878,0.8219635000000001,1.028235658810649,54747136,32419840,0,0,25.45239249999986,37.13955900000025,44.90311918000001,4515413,10526,4515413,10526,0,754962,4510782,0,0,0,0,0,0.0,0,0,,079-n256-human-mix-cgit,61059072,11344,0,40,,,,,,,
run-02,alias-flood,32,bounded-warm,requests,32,32,1.0,0.669940897,47.76540758042422,47.76540758042422,0.0,0.0,0,0,0.0,0.2597088999999999,0.9409733,0.2597088999999999,0.0,99303424,78950400,59759,81920,61.45131700000002,117.37791634999999,118.66339332,464480,8368,1072960,15648,604496,0,0,0,0,0,0,0,0.0,0,0,,080-n32-alias-flood-bounded-warm,265265152,0,0,32,,32,32,1.0,,0,
run-02,large-plain,256,bounded-cold,requests,32,0,0.0,0.419201113,76.33567518700744,0.0,0.0,0,0,0,0.0,0.2489091,0.4873753,0.2489091,0.0,95023104,73867264,0,0,14.369305500000024,56.08940094999999,59.162867610000006,4320,10048,308560,13688,302248,0,0,0,0,0,0,0,0.0,0,0,,081-n256-large-plain-bounded-cold,142635008,0,0,,,32,0,0.0,32,0,
run-02,repeat-burst,512,anubis-d5-nosolve,requests,512,0,0.0,0.669866056,764.3319069745489,0.0,0.0,0,0,0,0.0,0.14425130000000003,1.2599179,0.14425130000000003,0.0,61259776,30683136,0,0,5.82602399999999,14.065913299999988,39.07998455999999,2254940,193008,2254940,193008,0,0,0,0,0,512,0,0,0.0,0,0,,082-n512-repeat-burst-anubis-d5-nosolve,287674368,0,0,,512,,,,,,
run-02,comparisons,256,bounded-cold,requests,64,28,0.4375,106.024251029,0.6036354831923743,0.26409052389666376,0.0,0,0,0,0.0,5.398515,15.8749431,5.398515,0.0,193175552,171937792,0,0,191.65801400000055,50444.71121849999,53475.800309449995,11978345,1821872,12130465,1823692,151124,0,0,0,0,0,0,0,0.0,7388,24800,,083-n256-comparisons-bounded-cold,435695616,0,0,28,,0,0,,,0,36
run-02,session-churn,256,cgit,requests,128,128,1.0,2.075193601,61.68099204735356,61.68099204735356,4.673046875,0.59815,128,2,4.0,3.4008774,0.5979664,2.8027274,1.0003070406631542,61390848,33583104,0,0,109.85343749999993,146.08246064999994,161.66966241,1298712,32256,1298712,32256,0,2419712,1283832,0,0,0,0,0,0.0,0,0,,084-n256-session-churn-cgit,144293888,11768,0,128,,,,,,,
run-02,large-plain,256,nginx-warm,requests,32,32,1.0,0.4191614,76.3429075291761,76.3429075291761,0.0,0.0,0,0,0.0,0.047567700000000004,0.7244891,0.047567700000000004,0.0,34152448,27598848,4107165,4112384,32.069505500000005,54.8667049,69.33224127000001,131400224,10048,131400224,10048,0,0,0,0,0,0,0,32,1.0,0,0,,085-n256-large-plain-nginx-warm,414105600,0,0,32,,,,,,,
run-02,unique-crawl,512,nginx-warm,requests,512,512,1.0,0.670312167,763.8232232774018,763.8232232774018,0.0,0.0,0,0,0.0,0.024184700000001058,1.2473769,0.024184700000001058,0.0,30642176,38998016,5380771,6344704,3.6440089999999827,23.931023299999975,48.09351055999995,5181524,131712,5181524,131712,0,0,0,0,0,0,0,512,1.0,0,0,,086-n512-unique-crawl-nginx-warm,288346112,0,0,512,,,,,,,
run-02,alias-flood,128,bounded-cold,requests,128,0,0.0,0.823431142,155.44712055595292,0.0,0.0,0,0,0,0.0,0.6042064,1.0656678,0.6042064,0.0,96927744,76480512,0,0,27.3696525,91.57124115,95.84971955000002,17280,33472,625760,40752,604496,0,0,0,0,0,0,0,0.0,0,0,,087-n128-alias-flood-bounded-cold,269438976,0,0,,,128,0,0.0,128,0,
run-02,repeat-burst,32,nginx-warm,requests,32,32,1.0,0.519888998,61.55160067457323,61.55160067457323,0.0,0.0,0,0,0.0,0.0028327000000000213,0.8642166,0.0028327000000000213,0.0,30670848,22294528,60076,69632,5.950514999999996,49.15935565000002,68.80076485000002,464648,8064,464648,8064,0,0,0,0,0,0,0,32,1.0,0,0,,088-n32-repeat-burst-nginx-warm,253984768,0,0,32,,,,,,,
run-02,session-churn,256,bounded-warm,requests,128,128,1.0,0.621627577,205.911070769629,205.911070769629,0.0,0.0,0,0,0.0,0.5925568000000001,0.5984984,0.5925568000000001,0.0,120651776,101060608,333698,499712,14.492515999999966,64.39429304999996,76.55299217000002,1280424,32256,1584664,35896,302248,0,0,0,0,0,0,0,0.0,0,0,,089-n256-session-churn-bounded-warm,147292160,0,0,128,,128,128,1.0,,0,
run-02,repeat-burst,32,anubis-d4-solve,requests,32,32,1.0,1.223579705,26.15277114293098,26.15277114293098,7.155749999999999,0.228984,32,2,8.0,1.030897,1.9267559,0.801913,0.11884432272920507,92528640,47542272,0,0,195.08781149999993,621.0867918499999,728.1018531300001,548905,41052,548905,41052,0,606080,460384,0,0,16,858173,0,0.0,0,0,,090-n32-repeat-burst-anubis-d4-solve,351268864,11540,4563.0988210000005,32,,,,,,,
run-02,ref-update,256,anubis-d5-solve,after-publication,32,32,1.0,2.776196098,11.526563279536747,11.526563279536747,2.2190624999999997,0.07100999999999999,32,2,32.0,0.7546160000000001,4.917387099999999,0.683606,0.014440595901022315,69459968,41226240,0,0,24.706245000000138,1158.3772432499986,2406.7650473500003,2234595,29346,2234595,29346,0,603968,2210464,0,0,4,5312200,0,0.0,0,0,,091-n256-ref-update-anubis-d5-solve,181805056,8420,4920.220003,32,,,,,,,
run-02,ref-update,256,anubis-d5-solve,requests,32,32,1.0,3.181824864,10.057121736037825,10.057121736037825,2.2721875,0.07271,32,1,32.0,0.7585818,4.8484546,0.6858717999999999,0.014996531059608147,67375104,32952320,0,0,24.796189000000112,1626.3338494499997,2525.2759091300013,2234763,29341,2234763,29341,0,603968,2210624,0,0,4,5342460,0,0.0,0,0,,091-n256-ref-update-anubis-d5-solve,181805056,8420,6232.871796,32,,,,,,,
run-02,unique-crawl,512,anubis-d4-solve,requests,512,512,1.0,7.838027228,65.32255950463764,65.32255950463764,4.7330703125,2.423332,512,2,1.0,13.889510300000001,2.9283514,11.466178300000001,0.8275413941100102,107626496,72712192,0,0,219.849377,246.77919809999992,665.3483002399997,5257763,448523,5257763,448523,0,9699328,5113281,0,0,16,1333796,0,0.0,0,0,,092-n512-unique-crawl-anubis-d4-solve,474550272,14676,6141.745917,512,,,,,,,
run-02,large-plain,256,anubis-d5-nosolve,requests,32,0,0.0,0.319416656,100.18262792156962,0.0,0.0,0,0,0,0.0,0.017259499999999997,0.5415502,0.017259499999999997,0.0,55222272,24985600,0,0,2.6706245000000024,28.0307556,32.67499850999999,140943,13144,140943,13144,0,0,0,0,0,32,0,0,0.0,0,0,,093-n256-large-plain-anubis-d5-nosolve,135487488,0,0,,32,,,,,,
run-02,unique-crawl,128,nginx-cold,requests,128,128,1.0,2.325922748,55.031922324188905,55.031922324188905,4.60225,0.589088,128,2,1.0,3.4618436999999997,0.9794204,2.8727557,0.6014659282163205,67973120,41312256,1331589,1576960,235.454656,257.00062065000003,264.05478622,1281495,32991,1281495,32991,0,2422272,1264309,0,0,0,0,0,0.0,0,0,,094-n128-unique-crawl-nginx-cold,265388032,14452,0,128,,,,,,,
run-02,session-churn,256,bounded-cold,requests,128,0,0.0,0.570615173,224.31930670024437,0.0,0.0,0,0,0,0.0,0.5686223,0.5839497,0.5686223,0.0,99037184,78499840,0,0,11.140393500000016,60.84664479999995,66.42263109,17280,32256,321520,35896,302248,0,0,0,0,0,0,0,0.0,0,0,,095-n256-session-churn-bounded-cold,143904768,0,0,,,128,0,0.0,128,0,
run-02,alias-flood,128,anubis-d5-solve,requests,128,128,1.0,11.834249101,10.81606436602589,10.81606436602589,6.841671875,0.875734,128,2,32.0,3.8597131,22.1565989,2.9839791,0.039524748538910456,84004864,46919680,0,0,69.95147450000059,7415.1476487499995,10077.401050800001,1962441,123569,1962441,123569,0,2424320,1862368,0,0,16,23270336,0,0.0,0,0,,096-n128-alias-flood-anubis-d5-solve,680980480,11712,101540.25074,128,,,,,,,
run-02,repeat-burst,512,nginx-cold,requests,512,512,1.0,1.074019928,476.71368719705913,476.71368719705913,0.05116796875,0.026198,4,1,1.0,0.13830360000000003,1.1598259,0.11210560000000003,0.022587872886784127,39538688,28598272,60076,69632,0.6982680000000414,18.6025533,521.26016409,7434372,129024,7434372,129024,0,75696,57548,0,0,0,0,508,0.9921875,0,0,,097-n512-repeat-burst-nginx-cold,261890048,11588,0,512,,,,,,,
run-02,alias-flood,512,nginx-cold,requests,512,512,1.0,0.670451051,763.664997222892,763.664997222892,0.22549609375000002,0.115454,16,2,4.0,0.5466215,1.1482965,0.4311675,0.10054371845599111,71159808,34308096,241671,266240,0.3921919999999943,1.354715650000011,201.3959164699995,7517712,133888,7517712,133888,0,302720,232796,0,0,0,0,496,0.96875,0,0,,098-n512-alias-flood-nginx-cold,263503872,11708,0,512,,,,,,,
run-02,repeat-burst,128,nginx-cold,requests,128,128,1.0,0.972594996,131.60668163667995,131.60668163667995,0.220046875,0.028166,4,2,1.0,0.1295269,0.9333465,0.1013609,0.030177431425520963,37765120,28516352,60076,69632,0.6279119999999523,506.34055125000003,544.8722378900001,1858596,32256,1858596,32256,0,75696,57548,0,0,0,0,124,0.96875,0,0,,099-n128-repeat-burst-nginx-cold,255696896,11512,0,128,,,,,,,
run-02,unique-crawl,512,anubis-d5-nosolve,requests,512,0,0.0,0.720356377,710.7593079584829,0.0,0.0,0,0,0,0.0,0.1487981,1.2770069,0.1487981,0.0,60657664,31211520,0,0,5.053947999999991,15.623287550000002,48.06219892999992,2254924,195696,2254924,195696,0,0,0,0,0,512,0,0,0.0,0,0,,100-n512-unique-crawl-anubis-d5-nosolve,279281664,0,0,,512,,,,,,
run-02,repeat-burst,512,cgit,requests,512,512,1.0,8.291758605,61.74805905363184,61.74805905363184,6.870714843749999,3.5178059999999998,512,2,128.0,15.0568809,1.4238537,11.5390749,2.47062321079757,75091968,47054848,0,0,249.78970849999973,278.85422655,285.03858771999995,7425664,129024,7425664,129024,0,9676800,7366144,0,0,0,0,0,0.0,0,0,,101-n512-repeat-burst-cgit,291278848,11708,0,512,,,,,,,
run-02,unique-crawl,32,anubis-d4-solve,requests,32,32,1.0,1.323646706,24.17563527710694,24.17563527710694,5.13703125,0.164385,32,2,1.0,0.9496065000000001,2.2484094,0.7852215000000001,0.07311168508724435,85815296,50827264,0,0,149.75978449999997,786.01228395,870.9226833800001,372197,41377,372197,41377,0,606080,283556,0,0,16,1147330,0,0.0,0,0,,102-n32-unique-crawl-anubis-d4-solve,385359872,14476,6970.919341000001,32,,,,,,,
run-02,repeat-burst,512,bounded-warm,requests,512,512,1.0,1.324235695,386.63812033853986,386.63812033853986,0.0,0.0,0,0,0.0,1.610433,1.3746701,1.610433,0.0,159453184,141324288,59108,81920,22.276036000000033,48.46683524999999,90.93601762,7348352,129024,7956832,136304,604496,0,0,0,0,0,0,0,0.0,0,0,,103-n512-repeat-burst-bounded-warm,304640000,0,0,512,,512,512,1.0,,0,
run-02,repeat-burst,128,anubis-d5-solve,requests,128,128,1.0,6.893368011,18.568571965945488,18.568571965945488,7.0255859375,0.8992749999999999,128,2,32.0,3.9763742000000004,12.1223455,3.0770992000000006,0.07418325108783609,98111488,44584960,0,0,70.15531999999985,3518.766367349992,5471.36440734,1941218,121977,1941218,121977,0,2424832,1841536,0,0,16,11421918,0,0.0,0,0,,104-n128-repeat-burst-anubis-d5-solve,580562944,11648,47099.655103,128,,,,,,,
run-02,alias-flood,128,cgit,requests,128,128,1.0,2.427034328,52.73926228537465,52.73926228537465,6.8651640625,0.878741,128,2,32.0,3.7758944,0.9898619,2.8971533999999997,0.8877410071041223,65974272,39202816,0,0,249.82191999999992,281.9120401499999,294.33942630000007,1877248,33472,1877248,33472,0,2418688,1862368,0,0,0,0,0,0.0,0,0,,105-n128-alias-flood-cgit,270663680,11652,0,128,,,,,,,
run-02,unique-crawl,512,nginx-cold,requests,512,512,1.0,8.14001906,62.89911561951551,62.89911561951551,4.6804394531249995,2.396385,512,2,1.0,13.9003135,1.3641779,11.503928499999999,1.756651386890229,77049856,49606656,5380771,6344704,241.77161999999976,260.96345369999995,455.2541563399999,5182036,131712,5182036,131712,0,9689088,5113281,0,0,0,0,0,0.0,0,0,,106-n512-unique-crawl-nginx-cold,298573824,14556,0,512,,,,,,,
run-02,repeat-burst,32,bounded-cold,requests,32,0,0.0,0.672130223,47.60982158661239,0.0,0.0,0,0,0,0.0,0.311426,0.9188274,0.311426,0.0,97247232,76419072,0,0,76.432311,120.83641555,135.04778794000003,4320,8064,612800,15344,604496,0,0,0,0,0,0,0,0.0,0,0,,107-n32-repeat-burst-bounded-cold,263184384,0,0,,,32,0,0.0,32,0,
run-02,alias-flood,512,bounded-cold,requests,512,0,0.0,1.221715857,419.0827163832089,0.0,0.0,0,0,0,0.0,1.4858124999999998,1.328697,1.4858124999999998,0.0,161406976,141389824,0,0,17.765165000000025,39.74653044999995,97.23092846999987,69120,133888,677600,141168,604496,0,0,0,0,0,0,0,0.0,0,0,,108-n512-alias-flood-bounded-cold,282218496,0,0,,,512,0,0.0,512,0,
run-02,alias-flood,128,nginx-warm,requests,128,128,1.0,0.619752617,206.5340209769538,206.5340209769538,0.6638124999999999,0.08496799999999999,12,2,3.0,0.38913869999999995,0.9459686,0.30417069999999996,0.08982116319717165,62660608,32329728,241671,266240,0.6432810000000018,101.00497124999977,161.14577536000004,1879436,33472,1879436,33472,0,227040,174597,0,0,0,0,116,0.90625,0,0,,109-n128-alias-flood-nginx-warm,251764736,11368,0,128,,,,,,,
run-02,session-churn,256,nginx-cold,requests,128,128,1.0,0.719966295,177.78610038960227,177.78610038960227,1.17628125,0.150564,32,2,1.0,0.8900262,0.5483114,0.7394622,0.27459578626306147,53506048,32964608,337941,401408,0.5464399999999614,124.43440244999998,130.70726032000002,1300920,32256,1300920,32256,0,605696,320958,0,0,0,0,96,0.75,0,0,,110-n256-session-churn-nginx-cold,140369920,11316,0,128,,,,,,,
run-02,comparisons,256,nginx-warm,requests,64,64,1.0,1.324165373,48.33233167470843,48.33233167470843,0.0,0.0,0,0,0.0,0.18004900000000035,2.1232223,0.18004900000000035,0.0,64671744,316682240,136509511,136552448,10.997697000000002,92.23445904999996,190.53352538999962,546008608,19200,546008608,19200,0,0,0,0,0,0,0,64,1.0,0,0,,111-n256-comparisons-nginx-warm,621309952,0,0,64,,,,,,,
run-03,alias-flood,128,nginx-cold,requests,128,128,1.0,0.671408593,190.64397050396406,190.64397050396406,0.826140625,0.10574599999999999,16,2,4.0,0.48016289999999995,0.9359717,0.37441689999999994,0.11297991167895353,67846144,35962880,241671,266240,0.6327310000000068,162.52420164999995,222.58131421000013,1879440,33472,1879440,33472,0,302720,232796,0,0,0,0,112,0.875,0,0,,000-n128-alias-flood-nginx-cold,253669376,11416,0,128,,,,,,,
run-03,session-churn,256,anubis-d5-nosolve,requests,128,0,0.0,0.318974156,401.2864289858016,0.0,0.0,0,0,0,0.0,0.044824800000000005,0.5390842,0.044824800000000005,0.0,57098240,27447296,0,0,1.7785400000000067,13.881992499999981,22.813498770000006,563618,44640,563618,44640,0,0,0,0,0,128,0,0,0.0,0,0,,001-n256-session-churn-anubis-d5-nosolve,143486976,0,0,,128,,,,,,
run-03,large-plain,256,nginx-warm,requests,32,32,1.0,0.470544308,68.00634808656531,68.00634808656531,0.0,0.0,0,0,0.0,0.04977780000000001,0.7846073,0.04977780000000001,0.0,33828864,27516928,4107165,4112384,25.10123600000003,71.55050415,86.45250870000004,131400224,10048,131400224,10048,0,0,0,0,0,0,0,32,1.0,0,0,,002-n256-large-plain-nginx-warm,411688960,0,0,32,,,,,,,
run-03,ref-update,256,cgit,after-publication,32,32,1.0,0.520289445,61.5042267482478,61.5042267482478,1.9619375000000001,0.062782,32,2,32.0,0.6871221999999999,0.27627450000000003,0.6243401999999999,0.22724500451543664,42962944,29093888,0,0,44.410067999999995,68.43473534999998,96.05244188000002,2213632,7136,2213632,7136,0,602560,2210464,0,0,0,0,0,0.0,0,0,,003-n256-ref-update-cgit,82313216,8420,0,32,,,,,,,
run-03,ref-update,256,cgit,requests,32,32,1.0,0.520242386,61.509790169230854,61.509790169230854,1.9501562499999998,0.062404999999999995,32,2,32.0,0.6838459,0.283252,0.6214409,0.22031618488130708,53149696,28045312,0,0,42.9123395,103.75950174999998,114.9861884,2213792,7136,2213792,7136,0,602560,2210624,0,0,0,0,0,0.0,0,0,,003-n256-ref-update-cgit,81199104,8424,0,32,,,,,,,
run-03,repeat-burst,512,anubis-d4-solve,requests,512,512,1.0,8.993177306,56.93204777119291,56.93204777119291,6.944869140624999,3.555773,512,2,128.0,15.6354925,2.6891039,12.0797195,1.322289183396744,114761728,67403776,0,0,250.97103100000004,294.9183741499996,796.4594802599987,7510471,445658,7510471,445658,0,9699328,7366144,0,0,16,1024781,0,0.0,0,0,,004-n512-repeat-burst-anubis-d4-solve,468045824,11792,7159.365114,512,,,,,,,
run-03,alias-flood,32,cgit,requests,32,32,1.0,0.921964882,34.708480360535034,34.708480360535034,6.7500937500000004,0.216003,32,2,8.0,0.9329793000000001,0.849129,0.7169763,0.2543818430415167,60559360,35762176,0,0,227.6433295,291.6634507,309.80747297000005,469312,8368,469312,8368,0,604544,465592,0,0,0,0,0,0.0,0,0,,005-n32-alias-flood-cgit,255987712,11448,0,32,,,,,,,
run-03,alias-flood,128,anubis-d4-solve,requests,128,128,1.0,2.778354529,46.07043437543964,46.07043437543964,7.227640624999999,0.9251379999999999,128,2,32.0,4.0575849999999996,2.2594302,3.1324469999999995,0.40945633106966517,102518784,55447552,0,0,229.88844500000016,682.6024474499992,895.2888180300001,1962428,123549,1962428,123549,0,2424320,1862368,0,0,16,993494,0,0.0,0,0,,006-n128-alias-flood-anubis-d4-solve,435064832,11664,6012.560988,128,,,,,,,
run-03,session-churn,256,bounded-warm,requests,128,128,1.0,0.569301923,224.83676030021067,224.83676030021067,0.0,0.0,0,0,0.0,0.5709339,0.584969,0.5709339,0.0,117710848,101892096,333698,499712,12.465852000000012,33.353919749999996,41.989904480000014,1280424,32256,1584664,35896,302248,0,0,0,0,0,0,0,0.0,0,0,,007-n256-session-churn-bounded-warm,147206144,0,0,128,,128,128,1.0,,0,
run-03,comparisons,256,nginx-warm,requests,64,64,1.0,1.272680957,50.2875442961468,50.2875442961468,0.0,0.0,0,0,0.0,0.17116679999999818,2.0699537,0.17116679999999818,0.0,59887616,304418816,136509511,136548352,9.251432500000021,78.97078889999996,188.50295519999935,546008608,19200,546008608,19200,0,0,0,0,0,0,0,64,1.0,0,0,,008-n256-comparisons-nginx-warm,641257472,0,0,64,,,,,,,
run-03,ref-update,256,anubis-d5-solve,after-publication,32,32,1.0,3.33296451,9.601062328743488,9.601062328743488,2.3489999999999993,0.07516799999999998,32,1,32.0,0.7823393000000001,5.740945,0.7071713000000001,0.013093314776574237,71716864,37974016,0,0,25.68259100000023,2431.5691525499997,2861.2513983700005,2234594,29343,2234594,29343,0,603968,2210464,0,0,4,6214354,0,0.0,0,0,,009-n256-ref-update-anubis-d5-solve,196435968,8420,9675.45608,32,,,,,,,
run-03,ref-update,256,anubis-d5-solve,requests,32,32,1.0,2.778631308,11.51646132679363,11.51646132679363,2.32434375,0.074379,32,1,32.0,0.7631857,3.7980357,0.6888067,0.01958354419891314,69804032,35221504,0,0,25.33649900000006,849.4304539999995,2057.4925696700016,2234756,29345,2234756,29345,0,603968,2210624,0,0,4,4132733,0,0.0,0,0,,009-n256-ref-update-anubis-d5-solve,151228416,8420,4054.00448,32,,,,,,,
run-03,repeat-burst,32,anubis-d5-nosolve,requests,32,0,0.0,0.520355119,61.49646430210289,0.0,0.0,0,0,0,0.0,0.01808590000000001,0.9082741,0.01808590000000001,0.0,53157888,23318528,0,0,11.417965499999994,64.9407831,99.19639492000006,140881,10128,140881,10128,0,0,0,0,0,32,0,0,0.0,0,0,,010-n32-repeat-burst-anubis-d5-nosolve,251437056,0,0,,32,,,,,,
run-03,session-churn,256,nginx-warm,requests,128,128,1.0,0.319172991,401.0364398283312,401.0364398283312,0.0,0.0,0,0,0.0,0.005398000000000014,0.4990667,0.005398000000000014,0.0,29949952,23453696,337941,401408,0.6981635000000068,11.664112149999983,18.86571172000001,1300888,32256,1300888,32256,0,0,0,0,0,0,0,128,1.0,0,0,,011-n256-session-churn-nginx-warm,143273984,0,0,128,,,,,,,
run-03,repeat-burst,128,anubis-d4-solve,requests,128,128,1.0,2.925294343,43.75628056243091,43.75628056243091,7.020429687499999,0.8986149999999999,128,2,32.0,3.9406776,2.5795311,3.0420626,0.34836370067412636,110100480,57798656,0,0,233.80571349999997,801.0972805999999,1042.5291698700003,1941200,121972,1941200,121972,0,2424832,1841536,0,0,16,1222428,0,0.0,0,0,,012-n128-repeat-burst-anubis-d4-solve,472117248,11672,9037.350763,128,,,,,,,
run-03,repeat-burst,128,bounded-cold,requests,128,0,0.0,0.820456374,156.01073263159267,0.0,0.0,0,0,0,0.0,0.6203361,1.0501856,0.6203361,0.0,100696064,79581184,0,0,23.845448500000003,105.0000356,112.35577565000001,17280,32256,625760,39536,604496,0,0,0,0,0,0,0,0.0,0,0,,013-n128-repeat-burst-bounded-cold,270036992,0,0,,,128,0,0.0,128,0,
run-03,alias-flood,32,nginx-warm,requests,32,32,1.0,0.569322363,56.20717203409766,56.20717203409766,2.42178125,0.077497,12,2,3.0,0.35076480000000004,0.8383652,0.27326780000000006,0.09243823574738073,57106432,31555584,241671,266240,6.0915344999999945,132.1798221,135.70038979999998,469868,8368,469868,8368,0,226992,174597,0,0,0,0,20,0.625,0,0,,014-n32-alias-flood-nginx-warm,253190144,11484,0,32,,,,,,,
run-03,repeat-burst,32,nginx-cold,requests,32,32,1.0,0.92427568,34.62170507396667,34.62170507396667,0.9331562499999999,0.029861,4,2,1.0,0.1343178,0.8305931,0.10445679999999999,0.03595141832986573,43139072,30121984,60076,69632,5.9876859999999965,517.98395965,529.96168514,464652,8064,464652,8064,0,75680,57548,0,0,0,0,28,0.875,0,0,,015-n32-repeat-burst-nginx-cold,254771200,11228,0,32,,,,,,,
run-03,large-plain,256,bounded-cold,requests,32,0,0.0,0.419622868,76.2589516451234,0.0,0.0,0,0,0,0.0,0.2707062,0.4885744,0.2707062,0.0,97349632,76402688,0,0,13.392754999999994,57.6646417,62.72152153000002,4320,10048,308560,13688,302248,0,0,0,0,0,0,0,0.0,0,0,,016-n256-large-plain-bounded-cold,146915328,0,0,,,32,0,0.0,32,0,
run-03,unique-crawl,128,nginx-cold,requests,128,128,1.0,2.276411587,56.22884751201189,56.22884751201189,4.7325703125,0.605769,128,2,1.0,3.4650329,0.9416744,2.8592639,0.6432892303326925,75030528,42901504,1317511,1556480,238.40519250000006,254.2711849,264.05509963000003,1267529,32879,1267529,32879,0,2422272,1250340,0,0,0,0,0,0.0,0,0,,017-n128-unique-crawl-nginx-cold,265924608,14624,0,128,,,,,,,
run-03,alias-flood,128,anubis-d5-nosolve,requests,128,0,0.0,0.520621929,245.85979358545228,0.0,0.0,0,0,0,0.0,0.044946400000000004,0.9684445,0.044946400000000004,0.0,59224064,29728768,0,0,5.715082499999994,39.152255200000006,89.22549471000016,563569,47920,563569,47920,0,0,0,0,0,128,0,0,0.0,0,0,,018-n128-alias-flood-anubis-d5-nosolve,254550016,0,0,,128,,,,,,
run-03,comparisons,256,nginx-cold,requests,64,64,1.0,17.768733366,3.6018324256281713,3.6018324256281713,323.18760937499997,20.684006999999998,16,2,1.0,32.153114800000004,2.1286025,11.469107800000007,9.717176880136146,949399552,441884672,136509511,136548352,9.482866999999715,5322.567603899988,12529.83219116999,546008624,19200,546008624,19200,0,301728,136499997,0,0,0,0,48,0.75,0,0,,019-n256-comparisons-nginx-cold,474271744,390540,0,64,,,,,,,
run-03,comparisons,256,cgit,requests,64,64,1.0,65.025429704,0.9842303279091299,0.9842303279091299,1227.981015625,78.590785,64,2,4.0,118.5724174,2.3028827,39.98163240000001,34.12713335334014,967266304,452476928,0,0,2145.411755500001,9603.222687999994,15009.025628369998,546007520,19200,546007520,19200,0,1205376,545999988,0,0,0,0,0,0.0,0,0,,020-n256-comparisons-cgit,528183296,391176,0,64,,,,,,,
run-03,unique-crawl,32,nginx-warm,requests,32,32,1.0,0.519365541,61.61363716658283,61.61363716658283,0.0,0.0,0,0,0.0,0.0028428999999999816,0.8651194,0.0028428999999999816,0.0,30101504,28901376,326961,376832,5.900002000000001,64.58382384999997,95.13810504000006,314081,8225,314081,8225,0,0,0,0,0,0,0,32,1.0,0,0,,021-n32-unique-crawl-nginx-warm,250884096,0,0,32,,,,,,,
run-03,large-plain,256,cgit,requests,32,32,1.0,0.770436111,41.534917098401685,41.534917098401685,6.59728125,0.211113,32,2,32.0,1.0241289,0.713075,0.8130159,0.2960600217368439,109821952,98775040,0,0,133.29264849999998,140.09496219999997,144.78561768999998,131399680,10048,131399680,10048,0,602688,131396512,0,0,0,0,0,0.0,0,0,,022-n256-large-plain-cgit,418222080,10128,0,32,,,,,,,
run-03,alias-flood,128,cgit,requests,128,128,1.0,2.374301235,53.91059824807782,53.91059824807782,6.830546875,0.8743099999999999,128,2,32.0,3.7427123,0.9647085,2.8684023,0.9062944920667745,65761280,38486016,0,0,249.844356,276.34617754999994,292.63004946,1877248,33472,1877248,33472,0,2418688,1862368,0,0,0,0,0,0.0,0,0,,023-n128-alias-flood-cgit,267079680,11708,0,128,,,,,,,
run-03,unique-crawl,32,cgit,requests,32,32,1.0,0.870956975,36.74119493675333,36.74119493675333,4.737374999999999,0.15159599999999998,32,2,1.0,0.8522123,0.829233,0.7006163000000001,0.18281472155594383,50327552,34365440,0,0,226.255069,283.50995090000004,288.59768357,313537,8225,313537,8225,0,604672,309816,0,0,0,0,0,0.0,0,0,,024-n32-unique-crawl-cgit,264728576,14448,0,32,,,,,,,
run-03,repeat-burst,32,anubis-d4-solve,requests,32,32,1.0,1.372240845,23.319521581504883,23.319521581504883,7.371312499999999,0.23588199999999998,32,2,8.0,1.0692586,2.2830949,0.8333766,0.10331677408591293,89669632,41562112,0,0,152.18968899999993,771.8832265,828.49994029,548925,41038,548925,41038,0,606080,460384,0,0,16,1154735,0,0.0,0,0,,025-n32-repeat-burst-anubis-d4-solve,361742336,11796,6758.8056670000005,32,,,,,,,
run-03,human-mix,256,nginx-cold,requests,40,40,1.0,5.495149956,7.279146214440449,7.279146214440449,2.84465,0.113786,21,2,1.0,0.5872571,0.2188644,0.4734711,0.5198926824097478,62484480,28405760,4317723,4366336,23.867974000000004,40.09568960000001,43.552296040000044,4545200,10430,4545200,10430,0,396842,4306183,0,0,0,0,19,0.475,0,0,,026-n256-human-mix-nginx-cold,61181952,11368,0,40,,,,,,,
run-03,large-plain,256,anubis-d4-solve,requests,32,32,1.0,0.971467861,32.93984421374491,32.93984421374491,7.23575,0.231544,32,2,32.0,1.1490407999999999,1.2032986,0.9174967999999999,0.19242439075388268,131874816,111558656,0,0,138.01903099999993,353.3298754,363.00979434000004,131443076,37106,131443076,37106,0,604096,131396512,0,0,8,266346,0,0.0,0,0,,027-n256-large-plain-anubis-d4-solve,365592576,10132,1035.550712,32,,,,,,,
run-03,repeat-burst,32,anubis-d5-solve,requests,32,32,1.0,8.412662367,3.8037898829180485,3.8037898829180485,6.899,0.220768,32,2,8.0,0.9911249000000001,15.4302366,0.7703569000000001,0.014307492861126963,103878656,45481984,0,0,280.3350734999998,6798.432996799999,7650.980476450001,548887,41048,548887,41048,0,606080,460384,0,0,16,15968078,0,0.0,0,0,,028-n32-repeat-burst-anubis-d5-solve,685330432,11648,74084.63015900001,32,,,,,,,
run-03,unique-crawl,128,anubis-d4-solve,requests,128,128,1.0,2.575463002,49.69980151165068,49.69980151165068,4.8909843749999995,0.626046,128,2,1.0,3.5752949,2.524904,2.9492488999999997,0.2479484368514605,104849408,60223488,0,0,190.030389,712.5707058999994,966.6334888700006,1350181,122729,1350181,122729,0,2424832,1250340,0,0,16,1298180,0,0.0,0,0,,029-n128-unique-crawl-anubis-d4-solve,448430080,14484,6926.567532,128,,,,,,,
run-03,unique-crawl,512,nginx-warm,requests,512,512,1.0,0.671124704,762.8984553070483,762.8984553070483,0.0,0.0,0,0,0.0,0.022388799999999875,1.2036563,0.022388799999999875,0.0,31539200,37629952,5380771,6344704,3.755695000000003,26.251402050000006,48.39030750000002,5181524,131712,5181524,131712,0,0,0,0,0,0,0,512,1.0,0,0,,030-n512-unique-crawl-nginx-warm,283344896,0,0,512,,,,,,,
run-03,unique-crawl,512,anubis-d5-nosolve,requests,512,0,0.0,0.669754967,764.4586829917455,0.0,0.0,0,0,0,0.0,0.1449288,1.2668952,0.1449288,0.0,57929728,28172288,0,0,5.019217000000026,13.171209899999987,49.875403589999905,2254651,195696,2254651,195696,0,0,0,0,0,512,0,0,0.0,0,0,,031-n512-unique-crawl-anubis-d5-nosolve,276197376,0,0,,512,,,,,,
run-03,repeat-burst,512,nginx-cold,requests,512,512,1.0,1.123843968,455.5792570664044,455.5792570664044,0.05041015625,0.02581,4,2,1.0,0.13991169999999997,1.2175715,0.11410169999999997,0.02119793375584103,40742912,25550848,60076,69632,0.5279154999999491,25.51673329999998,532.6668865499998,7434372,129024,7434372,129024,0,75696,57548,0,0,0,0,508,0.9921875,0,0,,032-n512-repeat-burst-nginx-cold,262819840,11260,0,512,,,,,,,
run-03,unique-crawl,32,anubis-d4-solve,requests,32,32,1.0,1.271974988,25.157727393928912,25.157727393928912,4.886031249999999,0.156353,32,2,1.0,0.9285953,2.1263,0.7722423,0.07353289752151625,86736896,44941312,0,0,125.52972449999999,755.3258024999999,774.0812770300001,398481,41360,398481,41360,0,606080,309816,0,0,16,1025060,0,0.0,0,0,,033-n32-unique-crawl-anubis-d4-solve,355577856,14384,5639.50588,32,,,,,,,
run-03,unique-crawl,512,bounded-warm,requests,512,512,1.0,1.171937109,436.88351198033445,436.88351198033445,0.0,0.0,0,0,0.0,1.2085468000000006,1.4747962,1.2085468000000006,0.0,184496128,181211136,5317361,8028160,14.674857999999972,35.14973144999998,83.26145075999997,5099908,131712,5708388,138992,604496,0,0,0,0,0,0,0,0.0,0,0,,034-n512-unique-crawl-bounded-warm,301297664,0,0,512,,512,512,1.0,,0,
run-03,large-plain,256,anubis-d5-nosolve,requests,32,0,0.0,0.32095899,99.70121104880097,0.0,0.0,0,0,0,0.0,0.015545400000000001,0.5545479,0.015545400000000001,0.0,55762944,25272320,0,0,4.25411050000001,22.69540635,27.898271260000005,140883,13144,140883,13144,0,0,0,0,0,32,0,0,0.0,0,0,,035-n256-large-plain-anubis-d5-nosolve,134389760,0,0,,32,,,,,,
run-03,repeat-burst,32,bounded-warm,requests,32,32,1.0,0.670575962,47.720171633590404,47.720171633590404,0.0,0.0,0,0,0.0,0.2589013,0.9134718,0.2589013,0.0,98525184,78704640,59108,81920,62.13931949999997,110.35125824999999,114.43333962000001,459272,8064,1067752,15344,604496,0,0,0,0,0,0,0,0.0,0,0,,036-n32-repeat-burst-bounded-warm,265768960,0,0,32,,32,32,1.0,,0,
run-03,repeat-burst,128,cgit,requests,128,128,1.0,2.425721516,52.767805024490706,52.767805024490706,6.8362890625,0.875045,128,2,32.0,3.7907039,0.9619479,2.9156589,0.9096594524505953,71008256,38813696,0,0,250.05937799999998,290.8783344,303.65897221,1856416,32256,1856416,32256,0,2419200,1841536,0,0,0,0,0,0.0,0,0,,037-n128-repeat-burst-cgit,265154560,11684,0,128,,,,,,,
run-03,human-mix,256,anubis-d4-solve,requests,40,40,1.0,5.848709397,6.839115655244787,6.839115655244787,5.646675,0.22586699999999998,40,1,1.9047619047619047,1.0560364,0.3373487,0.8301694,0.6695357059327632,75939840,42106880,0,0,25.96811449999973,70.3898397000001,126.92033086999996,4555098,35827,4555098,35827,0,756846,4539865,0,0,2,99877,0,0.0,0,0,,038-n256-human-mix-anubis-d4-solve,79409152,11536,120.62838199999999,40,,,,,,,
run-03,unique-crawl,512,anubis-d4-solve,requests,512,512,1.0,8.087676951,63.306188303761786,63.306188303761786,4.77360546875,2.444086,512,2,1.0,14.1119308,3.0247249,11.6678448,0.8080357985613833,109465600,76730368,0,0,220.0175814999999,260.1021066999995,824.1879258099998,5257746,448505,5257746,448505,0,9699328,5113281,0,0,16,1348141,0,0.0,0,0,,039-n512-unique-crawl-anubis-d4-solve,491171840,14816,7880.71661,512,,,,,,,
run-03,unique-crawl,128,bounded-warm,requests,128,128,1.0,0.822129971,155.69314404668506,155.69314404668506,0.0,0.0,0,0,0.0,0.46755040000000037,1.0791205,0.46755040000000037,0.0,161931264,145313792,1301368,1974272,23.96511399999997,100.78364714999998,106.85033024000003,1247005,32879,1855485,40159,604496,0,0,0,0,0,0,0,0.0,0,0,,040-n128-unique-crawl-bounded-warm,276312064,0,0,128,,128,128,1.0,,0,
run-03,human-mix,256,nginx-warm,requests,40,40,1.0,5.154608053,7.760046852974566,7.760046852974566,0.0,0.0,0,0,0.0,0.011012000000000022,0.1938658,0.011012000000000022,0.0,34111488,29167616,4317723,4366336,1.1216030000000217,6.3437404,7.697161099999694,4545179,10430,4545179,10430,0,0,0,0,0,0,0,40,1.0,0,0,,041-n256-human-mix-nginx-warm,61059072,0,0,40,,,,,,,
run-03,alias-flood,512,anubis-d5-nosolve,requests,512,0,0.0,0.770611452,664.4074632828062,0.0,0.0,0,0,0,0.0,0.1456034,1.3478072,0.1456034,0.0,60121088,29970432,0,0,6.624403999999998,16.190424650000004,43.622319700000006,2254973,197872,2254973,197872,0,0,0,0,0,512,0,0,0.0,0,0,,042-n512-alias-flood-anubis-d5-nosolve,291524608,0,0,,512,,,,,,
run-03,unique-crawl,32,bounded-cold,requests,32,0,0.0,0.671881923,47.62741622384741,0.0,0.0,0,0,0,0.0,0.29625210000000013,0.923157,0.29625210000000013,0.0,98279424,77565952,0,0,67.551612,112.8167185,117.87690532999997,4320,8225,612800,15505,604496,0,0,0,0,0,0,0,0.0,0,0,,043-n32-unique-crawl-bounded-cold,265269248,0,0,,,32,0,0.0,32,0,
run-03,alias-flood,512,anubis-d4-solve,requests,512,512,1.0,8.840109188,57.91783665919127,57.91783665919127,6.932421875,3.5494,512,2,128.0,15.5335448,2.5002399,11.9841448,1.4196237729027523,112828416,69812224,0,0,259.0066169999998,290.46400284999964,704.7133740599998,7594148,450940,7594148,450940,0,9697280,7449472,0,0,16,856833,0,0.0,0,0,,044-n512-alias-flood-anubis-d4-solve,453189632,11708,5958.145011,512,,,,,,,
run-03,large-plain,256,bounded-warm,requests,32,32,1.0,1.021303033,31.33252224464901,31.33252224464901,0.0,0.0,0,0,0.0,1.3595264999999999,1.094964,1.3595264999999999,0.0,172490752,158265344,4106402,4112384,153.49510500000002,237.71506849999997,268.75883260000006,131455744,10048,131759984,13688,302248,0,0,0,0,0,0,0,0.0,0,0,,045-n256-large-plain-bounded-warm,388505600,0,0,32,,32,32,1.0,,0,
run-03,unique-crawl,128,anubis-d5-nosolve,requests,128,0,0.0,0.519386131,246.4447784802325,0.0,0.0,0,0,0,0.0,0.04437549999999999,0.9633353,0.04437549999999999,0.0,57569280,28065792,0,0,5.765355999999997,47.483898749999966,102.76639911000004,563701,47327,563701,47327,0,0,0,0,0,128,0,0,0.0,0,0,,046-n128-unique-crawl-anubis-d5-nosolve,255352832,0,0,,128,,,,,,
run-03,session-churn,256,anubis-d4-solve,requests,128,128,1.0,2.374495087,53.9061970272251,53.9061970272251,4.873898437499999,0.6238589999999999,128,2,4.0,3.64263,2.3331683,3.018771,0.2673870547615446,95784960,49389568,0,0,117.921222,190.83001919999998,287.83654002000014,1468301,136122,1468301,136122,0,2425344,1283832,0,0,32,1594748,0,0.0,0,0,,047-n256-session-churn-anubis-d4-solve,332693504,11520,2267.0143910000006,128,,,,,,,
run-03,repeat-burst,128,nginx-cold,requests,128,128,1.0,0.972766085,131.58353480220273,131.58353480220273,0.2209453125,0.028281,4,2,1.0,0.1303847,0.9261994,0.10210369999999999,0.03053446158570174,37335040,28217344,60076,69632,0.6602375000000222,512.3033219499999,545.0819745800002,1858596,32256,1858596,32256,0,75696,57548,0,0,0,0,124,0.96875,0,0,,048-n128-repeat-burst-nginx-cold,255283200,11240,0,128,,,,,,,
run-03,session-churn,256,anubis-d5-solve,requests,128,128,1.0,12.484085935,10.253053420686824,10.253053420686824,4.6784687499999995,0.5988439999999999,128,2,4.0,3.5652144,21.7889882,2.9663703999999997,0.02748379110141516,89780224,45838336,0,0,73.19416150000052,3675.855285599998,5795.847413650002,1468294,136100,1468294,136100,0,2425344,1283832,0,0,32,25022536,0,0.0,0,0,,049-n256-session-churn-anubis-d5-solve,388067328,11360,64009.852274000004,128,,,,,,,
run-03,repeat-burst,512,nginx-warm,requests,512,512,1.0,0.620669885,824.9151640408653,824.9151640408653,0.0,0.0,0,0,0.0,0.0200389,1.161526,0.0200389,0.0,30670848,22433792,60076,69632,1.059637500000008,23.274994450000012,39.802657069999995,7434368,129024,7434368,129024,0,0,0,0,0,0,0,512,1.0,0,0,,050-n512-repeat-burst-nginx-warm,286482432,0,0,512,,,,,,,
run-03,repeat-burst,512,anubis-d5-solve,requests,512,512,1.0,10.527105232,48.63635241753229,48.63635241753229,7.634095703124999,3.908657,512,2,128.0,17.304206399999998,14.5973919,13.395549399999998,0.2677640654424028,106905600,56008704,0,0,119.7357619999998,172.7162963000003,5560.102483299988,7510487,445675,7510487,445675,0,9699328,7366144,0,0,16,13504451,0,0.0,0,0,,051-n512-repeat-burst-anubis-d5-solve,678334464,11784,59400.845937,512,,,,,,,
run-03,large-plain,256,anubis-d5-solve,requests,32,32,1.0,5.090875937,6.285755220909443,6.285755220909443,7.34559375,0.235059,32,1,32.0,1.1972417,7.9933746,0.9621827,0.029406728917721434,88453120,51011584,0,0,42.71542800000003,2574.8552754499997,4169.9840987100015,131443052,37124,131443052,37124,0,604096,131396512,0,0,8,8028957,0,0.0,0,0,,052-n256-large-plain-anubis-d5-solve,421658624,10128,15826.878255,32,,,,,,,
run-03,ref-update,256,bounded-warm,after-publication,32,0,0.0,0.32017501,99.94533926929526,0.0,0.0,0.0,0,0,0.0,0.13519630000000005,0.2904786,0.13519630000000005,0.0,96636928,76230656,138685,147456,4.782777499999995,10.237246450000011,11.92086569999999,4320,7136,156440,8956,151124,0,0,0,0,0,0,0,0.0,0,0,,053-n256-ref-update-bounded-warm,85032960,0,0,,,32,0,0.0,32,0,
run-03,ref-update,256,bounded-warm,after-update-preparation,32,32,1.0,0.319797957,100.06317832730869,100.06317832730869,0.0,0.0,0,0,0.0,0.26970040000000006,0.3024646,0.26970040000000006,0.0,111169536,95338496,138685,147456,11.404666000000006,16.975857050000013,17.461382160000003,2206752,7136,2358872,8956,151124,0,0,0,0,0,0,0,0.0,0,0,,053-n256-ref-update-bounded-warm,86728704,0,0,32,,32,32,1.0,,0,
run-03,ref-update,256,bounded-warm,requests,32,32,1.0,0.368916052,86.74060081289171,86.74060081289171,0.0,0.0,0,0,0.0,0.2836875,0.3084908,0.2836875,0.0,95834112,76001280,138685,147456,10.13224099999998,34.38946554999998,37.84164145999999,2206912,7136,2359032,8956,151124,0,0,0,0,0,0,0,0.0,0,0,,053-n256-ref-update-bounded-warm,85032960,0,0,32,,32,32,1.0,,0,
run-03,repeat-burst,512,bounded-cold,requests,512,0,0.0,1.22251459,418.80890763029663,0.0,0.0,0,0,0,0.0,1.4741883000000002,1.2988569,1.4741883000000002,0.0,140058624,119783424,0,0,17.52541999999994,41.29282975,114.09282683999997,69120,129024,677600,136304,604496,0,0,0,0,0,0,0,0.0,0,0,,054-n512-repeat-burst-bounded-cold,286965760,0,0,,,512,0,0.0,512,0,
run-03,large-plain,256,nginx-cold,requests,32,32,1.0,0.923025689,34.668590897690606,34.668590897690606,0.20937499999999998,0.006699999999999999,1,1,1.0,0.08806839999999999,0.7128439,0.0813684,0.009398972201347307,34041856,27611136,4107165,4112384,26.70473850000002,545.20289585,546.67817726,131400225,10048,131400225,10048,0,18858,4106141,0,0,0,0,31,0.96875,0,0,,055-n256-large-plain-nginx-cold,332525568,10064,0,32,,,,,,,
run-03,repeat-burst,512,bounded-warm,requests,512,512,1.0,1.373137324,372.8687517636801,372.8687517636801,0.0,0.0,0,0,0.0,1.6981993000000002,1.3640527,1.6981993000000002,0.0,171765760,153686016,59108,81920,21.632476499999996,58.907060099999995,106.75476027,7348352,129024,7956832,136304,604496,0,0,0,0,0,0,0,0.0,0,0,,056-n512-repeat-burst-bounded-warm,303091712,0,0,512,,512,512,1.0,,0,
run-03,alias-flood,128,anubis-d5-solve,requests,128,128,1.0,8.811192321,14.526978340369833,14.526978340369833,6.91278125,0.884836,128,2,32.0,3.9065309,16.2946243,3.0216949,0.054302325951755756,94588928,49598464,0,0,70.10307800000032,5772.206480049998,7646.4122487800005,1962450,123566,1962450,123566,0,2424320,1862368,0,0,16,16580991,0,0.0,0,0,,057-n128-alias-flood-anubis-d5-solve,626589696,11816,72448.517215,128,,,,,,,
run-03,comparisons,256,bounded-warm,requests,64,28,0.4375,106.462292283,0.6011518127927777,0.26300391809684026,0.0,0,0,0,0.0,5.4476813,16.0327433,5.4476813,0.0,193089536,172195840,0,0,192.8746420000025,50391.544819849994,53854.1959201,11978345,1821872,12130465,1823692,151124,0,0,0,0,0,0,0,0.0,7388,24800,,058-n256-comparisons-bounded-warm,436015104,0,0,28,,0,0,,,0,36
run-03,unique-crawl,128,cgit,requests,128,128,1.0,2.224367298,57.54445325423049,57.54445325423049,4.816554687499999,0.6165189999999999,128,2,1.0,3.4232656,1.003354,2.8067466000000003,0.61445810750742,68792320,43036672,0,0,227.84898949999996,263.42035539999995,275.64895313000005,1265225,32879,1265225,32879,0,2419200,1250340,0,0,0,0,0,0.0,0,0,,059-n128-unique-crawl-cgit,265928704,14520,0,128,,,,,,,
run-03,human-mix,256,anubis-d5-solve,requests,40,40,1.0,6.400168589,6.249835366641465,6.249835366641465,5.608499999999999,0.22433999999999998,40,1,1.9047619047619047,1.0527393999999999,0.9890306,0.8283993999999999,0.22682816891610835,78598144,40161280,0,0,26.396547499999997,42.11374875000027,486.7812802599997,4555104,35829,4555104,35829,0,756846,4539865,0,0,2,877366,0,0.0,0,0,,060-n256-human-mix-anubis-d5-solve,94777344,11532,748.741955,40,,,,,,,
run-03,comparisons,256,anubis-d5-nosolve,requests,64,0,0.0,0.570926671,112.09845896304255,0.0,0.0,0,0,0,0.0,0.0237577,0.8236543,0.0237577,0.0,55164928,25374720,0,0,1.2931839999999823,9.025981099999985,13.961042129999969,281905,26940,281905,26940,0,0,0,0,0,64,0,0,0.0,0,0,,061-n256-comparisons-anubis-d5-nosolve,395075584,0,0,,64,,,,,,
run-03,alias-flood,32,bounded-cold,requests,32,0,0.0,0.670712767,47.71043817032336,0.0,0.0,0,0,0,0.0,0.28788820000000004,0.9042217,0.28788820000000004,0.0,97837056,77139968,0,0,69.08887399999998,132.41775279999996,150.59765316999997,4320,8368,612800,15648,604496,0,0,0,0,0,0,0,0.0,0,0,,062-n32-alias-flood-bounded-cold,265232384,0,0,,,32,0,0.0,32,0,
run-03,unique-crawl,512,cgit,requests,512,512,1.0,7.485488429,68.39901027919952,68.39901027919952,4.705876953124999,2.4094089999999997,512,2,1.0,13.5751504,1.4267759,11.1657414,1.6887087874136364,79691776,53657600,0,0,219.93435449999993,249.65099125000017,259.48121301999987,5172820,131712,5172820,131712,0,9676800,5113281,0,0,0,0,0,0.0,0,0,,063-n512-unique-crawl-cgit,299876352,14676,0,512,,,,,,,
run-03,unique-crawl,32,anubis-d5-nosolve,requests,32,0,0.0,0.52044011,61.4864215596296,0.0,0.0,0,0,0,0.0,0.01945150000000001,0.904184,0.01945150000000001,0.0,56651776,26136576,0,0,15.795121499999993,49.99915600000002,83.20411539000006,140928,10289,140928,10289,0,0,0,0,0,32,0,0,0.0,0,0,,064-n32-unique-crawl-anubis-d5-nosolve,255393792,0,0,,32,,,,,,
run-03,repeat-burst,128,anubis-d5-solve,requests,128,128,1.0,8.154361196,15.697121690266613,15.697121690266613,7.1420703125,0.9141849999999999,128,2,32.0,4.1024519,15.1008879,3.1882669000000003,0.0605384932365467,93630464,45273088,0,0,70.2787844999998,4441.647274699996,7031.495339700003,1941173,121967,1941173,121967,0,2424832,1841536,0,0,16,14770521,0,0.0,0,0,,065-n128-repeat-burst-anubis-d5-solve,717987840,11772,64350.887702,128,,,,,,,
run-03,session-churn,256,nginx-cold,requests,128,128,1.0,0.720478552,177.6596952743154,177.6596952743154,1.1423359375,0.146219,32,2,1.0,0.8577254000000001,0.5411213,0.7115064000000001,0.2702148298357503,59957248,34054144,337941,401408,0.5379684999999768,120.20967795,129.50619479000002,1300920,32256,1300920,32256,0,605696,320958,0,0,0,0,96,0.75,0,0,,066-n256-session-churn-nginx-cold,139345920,11396,0,128,,,,,,,
run-03,alias-flood,512,cgit,requests,512,512,1.0,8.444300989,60.632608982905595,60.632608982905595,6.961083984375,3.564075,512,2,128.0,15.2876183,1.479477,11.7235433,2.409010075857888,83083264,46854144,0,0,249.93602999999985,279.9590228000005,297.77365503999994,7508992,133888,7508992,133888,0,9674752,7449472,0,0,0,0,0,0.0,0,0,,067-n512-alias-flood-cgit,298192896,11792,0,512,,,,,,,
run-03,ref-update,256,anubis-d5-nosolve,after-publication,32,0,0.0,0.168940969,189.415274396822,0.0,0.0,0,0,0,0.0,0.011305999999999997,0.24864740000000002,0.011305999999999997,0.0,55128064,27103232,0,0,1.3232955000000075,13.772137349999998,16.47904129,140650,10748,140650,10748,0,0,0,0,0,32,0,0,0.0,0,0,,068-n256-ref-update-anubis-d5-nosolve,81436672,0,0,,32,,,,,,
run-03,ref-update,256,anubis-d5-nosolve,requests,32,0,0.0,0.21947362,145.8033999712585,0.0,0.0,0,0,0,0.0,0.016325900000000004,0.2749949,0.016325900000000004,0.0,55128064,27103232,0,0,1.2739525000000071,10.343784549999997,20.71447356000001,140956,10748,140956,10748,0,0,0,0,0,32,0,0,0.0,0,0,,068-n256-ref-update-anubis-d5-nosolve,81436672,0,0,,32,,,,,,
run-03,ref-update,256,nginx-cold,after-publication,32,0,0.0,0.219232019,145.96408018301378,0.0,0.0,0.0,0,0,0.0,0.002558600000000008,0.27532729999999994,0.002558600000000008,0.0,30121984,19587072,70015,73728,0.7935815000000019,6.604515250000007,14.837762020000016,2214336,7136,2214336,7136,0,0,0,0,0,0,0,32,1.0,0,0,32,069-n256-ref-update-nginx-cold,77979648,0,0,,,,,,,,
run-03,ref-update,256,nginx-cold,requests,32,32,1.0,0.672762102,47.56510496781818,47.56510496781818,0.0694375,0.002222,1,1,1.0,0.0257366,0.2522514,0.023514599999999997,0.008808672617872488,30121984,19587072,70015,73728,1.297145999999998,506.60961879999996,507.40656621,2214337,7136,2214337,7136,0,18854,69082,0,0,0,0,31,0.96875,0,0,,069-n256-ref-update-nginx-cold,76730368,8360,0,32,,,,,,,
run-03,comparisons,256,bounded-cold,requests,64,28,0.4375,106.368757674,0.6016804313551148,0.2632351887178627,0.0,0,0,0,0.0,5.2766088,16.0409845,5.2766088,0.0,189304832,167907328,0,0,185.7301060000027,50497.865573200004,53671.79017475,11978345,1821872,12130465,1823692,151124,0,0,0,0,0,0,0,0.0,7388,24800,,070-n256-comparisons-bounded-cold,408555520,0,0,28,,0,0,,,0,36
run-03,repeat-burst,32,bounded-cold,requests,32,0,0.0,0.721771314,44.335372408552104,0.0,0.0,0,0,0,0.0,0.27878040000000004,0.9329505,0.27878040000000004,0.0,96284672,75763712,0,0,99.45316850000003,167.26489035,171.88005548000004,4320,8064,612800,15344,604496,0,0,0,0,0,0,0,0.0,0,0,,071-n32-repeat-burst-bounded-cold,265506816,0,0,,,32,0,0.0,32,0,
run-03,alias-flood,128,bounded-warm,requests,128,128,1.0,0.821256794,155.85868017793229,155.85868017793229,0.0,0.0,0,0,0.0,0.6176440000000001,1.0264448,0.6176440000000001,0.0,116289536,95907840,59759,81920,26.39183950000003,98.43331154999997,132.84111471,1857920,33472,2466400,40752,604496,0,0,0,0,0,0,0,0.0,0,0,,072-n128-alias-flood-bounded-warm,271548416,0,0,128,,128,128,1.0,,0,
run-03,human-mix,256,anubis-d5-nosolve,requests,40,0,0.0,5.158243816,7.75457722179141,0.0,0.0,0,0,0,0.0,0.0352621,0.2087191,0.0352621,0.0,57081856,27705344,0,0,1.8012720000000968,2.7809264000002605,9.435989129999998,176186,15332,176186,15332,0,0,0,0,0,40,0,0,0.0,0,0,,073-n256-human-mix-anubis-d5-nosolve,48910336,0,0,,40,,,,,,
run-03,repeat-burst,128,bounded-warm,requests,128,128,1.0,0.870767591,146.99674324466216,146.99674324466216,0.0,0.0,0,0,0.0,0.6270122,1.0793784,0.6270122,0.0,113610752,95571968,59108,81920,27.751314999999977,97.61684654999999,114.92229675999995,1837088,32256,2445568,39536,604496,0,0,0,0,0,0,0,0.0,0,0,,074-n128-repeat-burst-bounded-warm,273985536,0,0,128,,128,128,1.0,,0,
run-03,comparisons,256,anubis-d4-solve,requests,64,64,1.0,64.215471965,0.9966445475146948,0.9966445475146948,1221.121640625,78.151785,64,2,4.0,116.6050138,2.5139333,38.45322879999999,31.087453672696885,1104269312,542982144,0,0,2465.0020545000007,9520.347837649995,14550.651835919996,546029135,60959,546029135,60959,0,1208192,545999988,0,0,4,147342,0,0.0,0,0,,075-n256-comparisons-anubis-d4-solve,553181184,391300,296.70580499999994,64,,,,,,,
run-03,session-churn,256,bounded-cold,requests,128,0,0.0,0.621112713,206.08175830398756,0.0,0.0,0,0,0,0.0,0.626585,0.5785249,0.626585,0.0,99930112,79265792,0,0,10.519419,45.614700749999955,90.65622470000002,17280,32256,321520,35896,302248,0,0,0,0,0,0,0,0.0,0,0,,076-n256-session-churn-bounded-cold,143990784,0,0,,,128,0,0.0,128,0,
run-03,unique-crawl,512,nginx-cold,requests,512,512,1.0,8.085924958,63.31990497802491,63.31990497802491,4.65979296875,2.385814,512,2,1.0,13.7903995,1.3746134,11.4045855,1.735625449308147,80187392,51339264,5380771,6344704,238.39092649999998,258.6454528499998,285.1235956900003,5182036,131712,5182036,131712,0,9689088,5113281,0,0,0,0,0,0.0,0,0,,077-n512-unique-crawl-nginx-cold,300113920,14612,0,512,,,,,,,
run-03,human-mix,256,bounded-warm,requests,40,39,0.975,7.257976269,5.511178118733526,5.373398665765188,0.0,0.0,0,0,0.0,0.5862601999999999,0.3935122,0.5862601999999999,0.0,107192320,90664960,4283514,4370432,4.407255500000019,455.8391014,1008.9374654699993,4847545,26534,4923605,27444,75562,0,0,0,0,0,0,0,0.0,66,4,,078-n256-human-mix-bounded-warm,74104832,0,0,39,,34,34,1.0,,0,1
run-03,alias-flood,32,anubis-d5-nosolve,requests,32,0,0.0,0.519769022,61.56580836016041,0.0,0.0,0,0,0,0.0,0.01891849999999999,0.9664121,0.01891849999999999,0.0,55595008,24993792,0,0,15.920429999999996,62.72383190000001,74.99937218000002,140880,10432,140880,10432,0,0,0,0,0,32,0,0,0.0,0,0,,079-n32-alias-flood-anubis-d5-nosolve,254521344,0,0,,32,,,,,,
run-03,alias-flood,512,nginx-cold,requests,512,512,1.0,0.670560965,763.5398222143755,763.5398222143755,0.219701171875,0.11248699999999999,16,2,4.0,0.5289766,1.1805096,0.4164896,0.09528681511781013,62525440,33501184,241671,266240,0.5499614999999949,4.714566499999983,206.1479984699995,7517712,133888,7517712,133888,0,302720,232796,0,0,0,0,496,0.96875,0,0,,080-n512-alias-flood-nginx-cold,263520256,11708,0,512,,,,,,,
run-03,ref-update,256,anubis-d4-solve,after-publication,32,32,1.0,0.621725271,51.46967879965748,51.46967879965748,1.9242187499999996,0.06157499999999999,32,2,32.0,0.7068807,0.4824136,0.6453057,0.12763943636746558,78249984,46043136,0,0,44.86697099999998,131.13887334999998,147.5839372,2234583,29344,2234583,29344,0,603968,2210464,0,0,4,135423,0,0.0,0,0,,081-n256-ref-update-anubis-d4-solve,119947264,8424,319.00680800000004,32,,,,,,,
run-03,ref-update,256,anubis-d4-solve,requests,32,32,1.0,0.621239614,51.50991546395494,51.50991546395494,2.01459375,0.064467,32,2,32.0,0.7226241,0.4880774,0.6581570999999999,0.13208355887816153,79679488,43671552,0,0,43.141999,121.96305564999997,179.60451264000005,2234764,29326,2234764,29326,0,603968,2210624,0,0,4,169726,0,0.0,0,0,,081-n256-ref-update-anubis-d4-solve,119947264,8420,262.36694800000004,32,,,,,,,
run-03,unique-crawl,128,anubis-d5-solve,requests,128,128,1.0,10.005731441,12.792667957836708,12.792667957836708,4.8400859375,0.6195309999999999,128,2,1.0,3.5747001999999997,17.8351941,2.9551692,0.03473643160407208,102326272,51654656,0,0,70.40911899999946,4839.070379349999,8031.978106280001,1350151,122743,1350151,122743,0,2424832,1250340,0,0,16,18134932,0,0.0,0,0,,082-n128-unique-crawl-anubis-d5-solve,740892672,14556,77671.17546099999,128,,,,,,,
run-03,unique-crawl,32,nginx-cold,requests,32,32,1.0,0.820039137,39.02252777479327,39.02252777479327,4.643656249999999,0.14859699999999998,32,2,1.0,0.8599869,0.8508736,0.7113899,0.17464051064693978,61812736,39587840,326961,376832,193.82885500000003,229.88133269999997,302.44322683000007,314113,8225,314113,8225,0,605440,309816,0,0,0,0,0,0.0,0,0,,083-n32-unique-crawl-nginx-cold,256286720,14640,0,32,,,,,,,
run-03,unique-crawl,128,nginx-warm,requests,128,128,1.0,0.569688531,224.68417922213706,224.68417922213706,0.0,0.0,0,0,0.0,0.006911199999999784,1.0229592,0.006911199999999784,0.0,30654464,29446144,1317511,1556480,0.9830700000000263,36.003040099999964,70.65016279000008,1267401,32879,1267401,32879,0,0,0,0,0,0,0,128,1.0,0,0,,084-n128-unique-crawl-nginx-warm,262008832,0,0,128,,,,,,,
run-03,alias-flood,32,bounded-warm,requests,32,32,1.0,0.620354678,51.58339436266812,51.58339436266812,0.0,0.0,0,0,0.0,0.24467470000000002,0.9071942,0.24467470000000002,0.0,100827136,80654336,59759,81920,56.08572449999997,104.12247439999999,110.81688193,464480,8368,1072960,15648,604496,0,0,0,0,0,0,0,0.0,0,0,,085-n32-alias-flood-bounded-warm,263172096,0,0,32,,32,32,1.0,,0,
run-03,alias-flood,128,bounded-cold,requests,128,0,0.0,0.821594253,155.7946632813168,0.0,0.0,0,0,0,0.0,0.6699377999999999,1.0482691,0.6699377999999999,0.0,99319808,78684160,0,0,27.104805499999998,89.54210249999994,93.48309028000003,17280,33472,625760,40752,604496,0,0,0,0,0,0,0,0.0,0,0,,086-n128-alias-flood-bounded-cold,268451840,0,0,,,128,0,0.0,128,0,
run-03,human-mix,256,cgit,requests,40,40,1.0,5.701685246,7.015469685574432,7.015469685574432,5.649649999999999,0.225986,40,2,1.9047619047619047,1.0668399000000002,0.2156912,0.8408539000000002,1.047729346398926,52133888,30846976,0,0,26.591818500000045,38.14733290000007,40.80743963000002,4544499,10430,4544499,10430,0,755086,4539865,0,0,0,0,0,0.0,0,0,,087-n256-human-mix-cgit,61149184,11584,0,40,,,,,,,
run-03,human-mix,256,bounded-cold,requests,40,5,0.125,7.320547554,5.464072148284005,0.6830090185355007,0.0,0,0,0,0.0,0.5569471999999999,0.3488604,0.5569471999999999,0.0,98557952,77754368,0,0,4.24535899999978,460.92348350000003,1019.8671924099996,354587,26534,430647,27444,75562,0,0,0,0,0,0,0,0.0,66,4,,088-n256-human-mix-bounded-cold,63721472,0,0,5,,34,0,0.0,34,0,1
run-03,repeat-burst,512,anubis-d5-nosolve,requests,512,0,0.0,0.671266418,762.7373964654374,0.0,0.0,0,0,0,0.0,0.14467649999999999,1.2552822,0.14467649999999999,0.0,62271488,32038912,0,0,4.5586585000000355,17.513766650000004,36.57269924,2254795,193008,2254795,193008,0,0,0,0,0,512,0,0,0.0,0,0,,089-n512-repeat-burst-anubis-d5-nosolve,274743296,0,0,,512,,,,,,
run-03,alias-flood,32,anubis-d5-solve,requests,32,32,1.0,7.611806551,4.203995435984379,4.203995435984379,6.92578125,0.221625,32,2,8.0,0.9842933,14.8342591,0.7626683000000001,0.014940078807171433,84922368,42651648,0,0,364.9804784999998,6920.9782132499995,7136.05626672,554481,41723,554481,41723,0,605952,465592,0,0,16,15570390,0,0.0,0,0,,090-n32-alias-flood-anubis-d5-solve,551006208,11588,70825.158752,32,,,,,,,
run-03,alias-flood,128,nginx-warm,requests,128,128,1.0,0.619791729,206.52098763325057,206.52098763325057,0.669453125,0.08569,12,2,3.0,0.38342390000000004,0.9125939,0.29773390000000005,0.09389718690865675,63942656,35471360,241671,266240,0.6964749999999924,104.31118089999984,174.46714614,1879436,33472,1879436,33472,0,227040,174597,0,0,0,0,116,0.90625,0,0,,091-n128-alias-flood-nginx-warm,254140416,11648,0,128,,,,,,,
run-03,comparisons,256,anubis-d5-solve,requests,64,64,1.0,66.328017875,0.9649014406040699,0.9649014406040699,1230.534203125,78.754189,64,2,4.0,117.0763735,7.0549553,38.322184500000006,11.162960734846896,982319104,524808192,0,0,2318.714198999999,8702.43701345,15174.278991949997,546029141,60946,546029141,60946,0,1208192,545999988,0,0,4,5186385,0,0.0,0,0,,092-n256-comparisons-anubis-d5-solve,554631168,391436,5743.202598,64,,,,,,,
run-03,ref-update,256,nginx-warm,after-publication,32,0,0.0,0.168478164,189.9355930778068,0.0,0.0,0.0,0,0,0.0,0.0025573000000000123,0.26646240000000004,0.0025573000000000123,0.0,29941760,19718144,70015,73728,0.8830830000000063,9.586689949999997,13.965484570000012,2214336,7136,2214336,7136,0,0,0,0,0,0,0,32,1.0,0,0,32,093-n256-ref-update-nginx-warm,80834560,0,0,,,,,,,,
run-03,ref-update,256,nginx-warm,requests,32,32,1.0,0.219027801,146.1001747444837,146.1001747444837,0.0,0.0,0,0,0.0,0.0023968999999999935,0.2823288,0.0023968999999999935,0.0,29941760,19718144,70015,73728,0.8182569999999956,9.495753449999997,20.202625620000013,2214336,7136,2214336,7136,0,0,0,0,0,0,0,32,1.0,0,0,,093-n256-ref-update-nginx-warm,80834560,0,0,32,,,,,,,
run-03,unique-crawl,128,bounded-cold,requests,128,0,0.0,0.872574283,146.69238194818539,0.0,0.0,0,0,0,0.0,0.6310328,1.065851,0.6310328,0.0,96354304,76357632,0,0,22.66980650000005,125.18032039999991,130.71609791999998,17280,32879,625760,40159,604496,0,0,0,0,0,0,0,0.0,0,0,,094-n128-unique-crawl-bounded-cold,270139392,0,0,,,128,0,0.0,128,0,
run-03,ref-update,256,bounded-cold,after-publication,32,0,0.0,0.319118506,100.27622779106392,0.0,0.0,0,0,0,0.0,0.16066229999999992,0.2918372000000001,0.16066229999999992,0.0,97509376,76337152,0,0,6.614343000000005,12.508328799999994,12.862906439999987,4320,7136,156440,8956,151124,0,0,0,0,0,0,0,0.0,0,0,,095-n256-ref-update-bounded-cold,79187968,0,0,,,32,0,0.0,32,0,
run-03,ref-update,256,bounded-cold,requests,32,0,0.0,0.319205359,100.24894350222985,0.0,0.0,0,0,0,0.0,0.2428431000000001,0.2818977,0.2428431000000001,0.0,96362496,74645504,0,0,6.722320499999995,46.69634595,52.92637354000001,4320,7136,156440,8956,151124,0,0,0,0,0,0,0,0.0,0,0,,095-n256-ref-update-bounded-cold,78835712,0,0,,,32,0,0.0,32,0,
run-03,alias-flood,512,bounded-cold,requests,512,0,0.0,1.27170031,402.61058047552103,0.0,0.0,0,0,0,0.0,1.5346847000000001,1.3880015,1.5346847000000001,0.0,137568256,120561664,0,0,19.32815649999992,49.6231018,96.72495436,69120,133888,677600,141168,604496,0,0,0,0,0,0,0,0.0,0,0,,096-n512-alias-flood-bounded-cold,283332608,0,0,,,512,0,0.0,512,0,
run-03,alias-flood,512,anubis-d5-solve,requests,512,512,1.0,11.229365353,45.59474056681358,45.59474056681358,7.402955078124999,3.790313,512,2,128.0,16.6453346,17.208936,12.855021600000002,0.22025260597168816,110047232,56090624,0,0,99.95765049999977,190.11143109999998,5631.93426995998,7594176,450904,7594176,450904,0,9697280,7449472,0,0,16,16547736,0,0.0,0,0,,097-n512-alias-flood-anubis-d5-solve,701214720,11768,65779.242559,512,,,,,,,
run-03,unique-crawl,512,bounded-cold,requests,512,0,0.0,1.223749889,418.38614622338076,0.0,0.0,0,0,0,0.0,1.4328392,1.3104193,1.4328392,0.0,151437312,134037504,0,0,15.70961950000003,35.643038000000054,120.92673108999996,69120,131712,677600,138992,604496,0,0,0,0,0,0,0,0.0,0,0,,098-n512-unique-crawl-bounded-cold,283070464,0,0,,,512,0,0.0,512,0,
run-03,unique-crawl,512,anubis-d5-solve,requests,512,512,1.0,11.629512306,44.025921855368296,44.025921855368296,5.092535156249999,2.6073779999999998,512,2,1.0,15.1870657,16.6578266,12.579687700000001,0.15652570185836848,112001024,59355136,0,0,110.07116599999972,179.89692440000027,5541.256038289996,5257786,448547,5257786,448547,0,9699328,5113281,0,0,16,15892822,0,0.0,0,0,,099-n512-unique-crawl-anubis-d5-solve,714260480,14708,76358.506165,512,,,,,,,
run-03,repeat-burst,128,nginx-warm,requests,128,128,1.0,0.620143029,206.40399716562808,206.40399716562808,0.0,0.0,0,0,0.0,0.007268999999999998,1.1195705,0.007268999999999998,0.0,30715904,22515712,60076,69632,0.9027550000000133,37.24873314999998,68.92984515000012,1858592,32256,1858592,32256,0,0,0,0,0,0,0,128,1.0,0,0,,100-n128-repeat-burst-nginx-warm,257310720,0,0,128,,,,,,,
run-03,repeat-burst,32,cgit,requests,32,32,1.0,0.920291827,34.77157903739593,34.77157903739593,6.834437499999999,0.21870199999999998,32,2,8.0,0.9429772000000001,0.8353399,0.7242752000000001,0.2618119881499734,61616128,34873344,0,0,220.549577,286.3145109,297.39901312000006,464104,8064,464104,8064,0,604672,460384,0,0,0,0,0,0.0,0,0,,101-n32-repeat-burst-cgit,257445888,11672,0,32,,,,,,,
run-03,unique-crawl,32,bounded-warm,requests,32,32,1.0,0.671330397,47.666544138325385,47.666544138325385,0.0,0.0,0,0,0.0,0.2319922000000001,0.9201834,0.2319922000000001,0.0,101203968,84828160,322580,487424,73.790898,109.22548999999998,109.67742823,308989,8225,917469,15505,604496,0,0,0,0,0,0,0,0.0,0,0,,102-n32-unique-crawl-bounded-warm,265580544,0,0,32,,32,32,1.0,,0,
run-03,unique-crawl,32,anubis-d5-solve,requests,32,32,1.0,7.404705708,4.321576205983094,4.321576205983094,4.937749999999999,0.15800799999999998,32,2,1.0,0.9254216000000001,13.9450557,0.7674136,0.011330754311723545,83075072,39690240,0,0,1087.5288894999999,5927.794917799999,6790.144779550001,398475,41338,398475,41338,0,606080,309816,0,0,16,14350355,0,0.0,0,0,,103-n32-unique-crawl-anubis-d5-solve,727330816,14600,64807.730895,32,,,,,,,
run-03,alias-flood,32,nginx-cold,requests,32,32,1.0,0.61986507,51.62413813703037,51.62413813703037,3.38009375,0.108163,16,2,4.0,0.48664199999999996,0.8478754,0.37847899999999995,0.12756945183219137,59977728,34623488,241671,266240,21.864899499999993,207.7322646,215.00750725999998,469872,8368,469872,8368,0,302656,232796,0,0,0,0,16,0.5,0,0,,104-n32-alias-flood-nginx-cold,254066688,11392,0,32,,,,,,,
run-03,repeat-burst,512,cgit,requests,512,512,1.0,8.340218838,61.38927646205247,61.38927646205247,6.893291015625,3.529365,512,2,128.0,15.1534324,1.4302174,11.6240674,2.4677122512982987,78622720,47726592,0,0,249.8914920000002,279.8819132500002,295.3244605,7425664,129024,7425664,129024,0,9676800,7366144,0,0,0,0,0,0.0,0,0,,105-n512-repeat-burst-cgit,304652288,11792,0,512,,,,,,,
run-03,repeat-burst,32,nginx-warm,requests,32,32,1.0,0.46998523,68.08724606090281,68.08724606090281,0.0,0.0,0,0,0.0,0.002716200000000002,0.8538851,0.002716200000000002,0.0,29978624,22577152,60076,69632,5.864721999999972,42.36950444999999,80.68160082000006,464648,8064,464648,8064,0,0,0,0,0,0,0,32,1.0,0,0,,106-n32-repeat-burst-nginx-warm,250572800,0,0,32,,,,,,,
run-03,alias-flood,32,anubis-d4-solve,requests,32,32,1.0,1.273829066,25.12110993077308,25.12110993077308,7.3739687499999995,0.23596699999999998,32,2,8.0,1.048087,2.1086986,0.81212,0.1119017198569772,104153088,48070656,0,0,133.391485,736.671355,838.1644802500001,554507,41711,554507,41711,0,605952,465592,0,0,16,837837,0,0.0,0,0,,107-n32-alias-flood-anubis-d4-solve,344588288,11368,5654.200527,32,,,,,,,
run-03,alias-flood,512,bounded-warm,requests,512,512,1.0,1.321778524,387.3568761357784,387.3568761357784,0.0,0.0,0,0,0.0,1.6181265999999999,1.3894833,1.6181265999999999,0.0,183521280,164093952,59759,81920,21.050797499999987,49.59914604999993,120.48999848,7431680,133888,8040160,141168,604496,0,0,0,0,0,0,0,0.0,0,0,,108-n512-alias-flood-bounded-warm,300670976,0,0,512,,512,512,1.0,,0,
run-03,session-churn,256,cgit,requests,128,128,1.0,2.074510549,61.701301090853114,61.701301090853114,4.68446875,0.5996119999999999,128,2,4.0,3.4147928,0.5887521,2.8151808,1.0184456242279218,63299584,35028992,0,0,109.90112999999997,146.5933757,160.22869128000002,1298712,32256,1298712,32256,0,2419712,1283832,0,0,0,0,0,0.0,0,0,,109-n256-session-churn-cgit,146972672,11464,0,128,,,,,,,
run-03,alias-flood,512,nginx-warm,requests,512,512,1.0,0.719718167,711.3895736912807,711.3895736912807,0.16354882812500002,0.083737,12,2,3.0,0.40603429999999996,1.222378,0.32229729999999995,0.06850335984449983,44785664,33660928,241671,266240,1.1390460000000076,15.349213249999984,141.14481719999986,7517708,133888,7517708,133888,0,227040,174597,0,0,0,0,500,0.9765625,0,0,,110-n512-alias-flood-nginx-warm,272408576,11520,0,512,,,,,,,
run-03,repeat-burst,128,anubis-d5-nosolve,requests,128,0,0.0,0.570131579,224.50957763909443,0.0,0.0,0,0,0,0.0,0.0442496,1.0296092,0.0442496,0.0,58695680,27717632,0,0,6.945199499999973,44.895035,79.72076324000008,563775,46704,563775,46704,0,0,0,0,0,128,0,0,0.0,0,0,,111-n128-repeat-burst-anubis-d5-nosolve,260816896,0,0,,128,,,,,,
run-04,alias-flood,32,nginx-warm,requests,32,32,1.0,0.61989783,51.621409934601644,51.621409934601644,2.57534375,0.082411,12,2,3.0,0.3673805,0.8497368,0.2849695,0.0969841485033954,61034496,33492992,241671,266240,3.824553499999979,156.9729275,159.39372117,469868,8368,469868,8368,0,226992,174597,0,0,0,0,20,0.625,0,0,,000-n32-alias-flood-nginx-warm,252235776,11672,0,32,,,,,,,
run-04,alias-flood,512,anubis-d5-nosolve,requests,512,0,0.0,0.719514143,711.591293904559,0.0,0.0,0,0,0,0.0,0.1497436,1.3218787,0.1497436,0.0,61718528,32018432,0,0,5.640558000000027,17.222973699999997,39.82471008000001,2254398,197872,2254398,197872,0,0,0,0,0,512,0,0,0.0,0,0,,001-n512-alias-flood-anubis-d5-nosolve,289161216,0,0,,512,,,,,,
run-04,alias-flood,512,anubis-d5-solve,requests,512,512,1.0,11.880463389,43.095962104816174,43.095962104816174,7.7423945312499995,3.9641059999999997,512,2,128.0,17.7080878,18.3104205,13.743981800000002,0.21649453653999917,106270720,52219904,0,0,80.14539300000001,142.33077300000005,6788.896561309983,7594151,450942,7594151,450942,0,9697280,7449472,0,0,16,16759024,0,0.0,0,0,,002-n512-alias-flood-anubis-d5-solve,692776960,11768,76104.01566,512,,,,,,,
run-04,repeat-burst,32,anubis-d5-nosolve,requests,32,0,0.0,0.520094936,61.52722855967203,0.0,0.0,0,0,0,0.0,0.018878100000000002,0.8884976,0.018878100000000002,0.0,54812672,24653824,0,0,23.627152999999993,51.18589320000001,95.59603170000007,140875,10128,140875,10128,0,0,0,0,0,32,0,0,0.0,0,0,,003-n32-repeat-burst-anubis-d5-nosolve,256360448,0,0,,32,,,,,,
run-04,unique-crawl,32,anubis-d4-solve,requests,32,32,1.0,1.47542234,21.688705079523196,21.688705079523196,4.6026875,0.147286,32,2,1.0,0.9299275,2.6153792,0.7826415,0.05631535190002276,74977280,45461504,0,0,155.72941500000002,975.28079255,1006.4627932000001,376999,41372,376999,41372,0,606080,288338,0,0,16,1522902,0,0.0,0,0,,004-n32-unique-crawl-anubis-d4-solve,416927744,10632,9306.674647,32,,,,,,,
run-04,large-plain,256,anubis-d4-solve,requests,32,32,1.0,1.020570285,31.355018336635187,31.355018336635187,6.9771875,0.22327,32,2,32.0,1.1268182,1.5905994,0.9035482,0.1403684673840566,120840192,84131840,0,0,72.24701199999998,423.6811609,578.8272864900003,131443063,37113,131443063,37113,0,604096,131396512,0,0,8,674504,0,0.0,0,0,,005-n256-large-plain-anubis-d4-solve,335888384,10148,1837.635,32,,,,,,,
run-04,repeat-burst,128,nginx-cold,requests,128,128,1.0,0.974338239,131.37121676695273,131.37121676695273,0.1979375,0.025335999999999997,4,2,1.0,0.12049699999999999,0.9312158,0.095161,0.02720744214176778,43397120,25878528,60076,69632,0.7449854999999843,506.3175965,506.67590249,1858596,32256,1858596,32256,0,75696,57548,0,0,0,0,124,0.96875,0,0,,006-n128-repeat-burst-nginx-cold,259686400,11640,0,128,,,,,,,
run-04,alias-flood,512,bounded-cold,requests,512,0,0.0,1.274514949,401.7214552106442,0.0,0.0,0,0,0,0.0,1.5383007,1.3452653,1.5383007,0.0,142835712,126296064,0,0,17.548937499999965,46.901219149999974,106.08410645999997,69120,133888,677600,141168,604496,0,0,0,0,0,0,0,0.0,0,0,,007-n512-alias-flood-bounded-cold,281636864,0,0,,,512,0,0.0,512,0,
run-04,alias-flood,32,anubis-d5-solve,requests,32,32,1.0,8.312026513,3.8498433504695924,3.8498433504695924,6.85984375,0.219515,32,2,8.0,0.9917276,15.8360694,0.7722126,0.013861709901321852,74416128,43487232,0,0,277.18480199999976,6955.5393441999995,7672.6239511700005,554506,41707,554506,41707,0,605952,465592,0,0,16,16335051,0,0.0,0,0,,008-n32-alias-flood-anubis-d5-solve,641597440,11704,68594.849864,32,,,,,,,
run-04,unique-crawl,128,nginx-cold,requests,128,128,1.0,2.324639794,55.06229409406729,55.06229409406729,4.469226562499999,0.5720609999999999,128,2,1.0,3.4185356,1.0704952,2.8464745999999996,0.5343891313104439,70631424,45617152,1287859,1540096,231.50782800000002,248.01942695000005,254.11524643000004,1237772,32984,1237772,32984,0,2422272,1220590,0,0,0,0,0,0.0,0,0,,009-n128-unique-crawl-nginx-cold,267886592,14552,0,128,,,,,,,
run-04,unique-crawl,512,anubis-d5-solve,requests,512,512,1.0,13.134286181,38.98194336138776,38.98194336138776,5.070591796875,2.596143,512,2,1.0,15.1125988,21.2350423,12.516455800000001,0.12225749133544227,103325696,58224640,0,0,80.15167599999927,139.96949339999983,6258.95737019999,5257779,448510,5257779,448510,0,9699328,5113281,0,0,16,21386196,0,0.0,0,0,,010-n512-unique-crawl-anubis-d5-solve,713887744,14612,85049.40831,512,,,,,,,
run-04,unique-crawl,128,bounded-warm,requests,128,128,1.0,0.873097234,146.60451896472276,146.60451896472276,0.0,0.0,0,0,0.0,0.47174039999999984,1.146359,0.47174039999999984,0.0,156229632,144617472,1271686,1974272,23.12764500000003,147.6926337,158.08241441,1217316,32984,1825796,40264,604496,0,0,0,0,0,0,0,0.0,0,0,,011-n128-unique-crawl-bounded-warm,275218432,0,0,128,,128,128,1.0,,0,
run-04,alias-flood,32,anubis-d4-solve,requests,32,32,1.0,1.073445899,29.810538220706363,29.810538220706363,7.31259375,0.234003,32,2,8.0,1.0401018,1.6928512,0.8060988,0.13823010551665735,91439104,45797376,0,0,133.25413100000003,562.1869739499999,579.49338039,554512,41709,554512,41709,0,605952,465592,0,0,16,614697,0,0.0,0,0,,012-n32-alias-flood-anubis-d4-solve,316649472,11540,3654.875404,32,,,,,,,
run-04,alias-flood,128,nginx-cold,requests,128,128,1.0,0.620217053,206.37936248424953,206.37936248424953,0.8444375,0.10808799999999999,16,2,4.0,0.4907701,0.8896609,0.3826821,0.12149348139274188,54005760,35897344,241671,266240,0.5799019999999899,155.79731604999992,226.0457747100001,1879440,33472,1879440,33472,0,302720,232796,0,0,0,0,112,0.875,0,0,,013-n128-alias-flood-nginx-cold,251588608,11344,0,128,,,,,,,
run-04,session-churn,256,cgit,requests,128,128,1.0,2.0740376,61.71537102316756,61.71537102316756,4.645687499999999,0.594648,128,2,4.0,3.3773831,0.5928318,2.7827351,1.0030636008392262,62038016,35172352,0,0,109.91339800000009,149.73995109999998,167.27475176,1298712,32256,1298712,32256,0,2419712,1283832,0,0,0,0,0,0.0,0,0,,014-n256-session-churn-cgit,144429056,11376,0,128,,,,,,,
run-04,ref-update,256,nginx-cold,after-publication,32,0,0.0,0.169191077,189.1352698227697,0.0,0.0,0.0,0,0,0.0,0.0024313999999999863,0.25841509999999995,0.0024313999999999863,0.0,30666752,19599360,70015,73728,0.9790350000000032,8.839958400000006,12.632402520000014,2214336,7136,2214336,7136,0,0,0,0,0,0,0,32,1.0,0,0,32,015-n256-ref-update-nginx-cold,80572416,0,0,,,,,,,,
run-04,ref-update,256,nginx-cold,requests,32,32,1.0,0.671822088,47.631658100529734,47.631658100529734,0.06790625,0.002173,1,1,1.0,0.026030100000000007,0.2688875,0.023857100000000006,0.00808144670168751,30666752,19599360,70015,73728,0.8926510000000079,508.0298988,509.6536909,2214337,7136,2214337,7136,0,18854,69082,0,0,0,0,31,0.96875,0,0,,015-n256-ref-update-nginx-cold,77811712,8328,0,32,,,,,,,
run-04,large-plain,256,anubis-d5-nosolve,requests,32,0,0.0,0.320206122,99.9356283387986,0.0,0.0,0,0,0,0.0,0.016546099999999994,0.4878369,0.016546099999999994,0.0,57802752,28958720,0,0,1.5514855000000125,18.82744405,21.993234690000016,140915,13144,140915,13144,0,0,0,0,0,32,0,0,0.0,0,0,,016-n256-large-plain-anubis-d5-nosolve,136536064,0,0,,32,,,,,,
run-04,human-mix,256,anubis-d5-nosolve,requests,40,0,0.0,5.160805969,7.750727355431021,0.0,0.0,0,0,0,0.0,0.035377399999999996,0.2145794,0.035377399999999996,0.0,57286656,29093888,0,0,1.8794725000000199,2.9960932499999573,8.813380659999996,176120,15572,176120,15572,0,0,0,0,0,40,0,0,0.0,0,0,,017-n256-human-mix-anubis-d5-nosolve,48947200,0,0,,40,,,,,,
run-04,repeat-burst,128,anubis-d4-solve,requests,128,128,1.0,2.774654571,46.131868571253584,46.131868571253584,7.0040546875,0.896519,128,2,32.0,3.9415546000000004,2.4211496,3.0450356000000003,0.37028649530784874,104247296,59645952,0,0,249.16395450000005,561.6728348499998,906.32160978,1941204,121927,1941204,121927,0,2424832,1841536,0,0,16,1136187,0,0.0,0,0,,018-n128-repeat-burst-anubis-d4-solve,464666624,11712,5701.930219,128,,,,,,,
run-04,human-mix,256,nginx-cold,requests,40,40,1.0,5.447286404,7.343105728868521,7.343105728868521,2.409975,0.096399,19,2,1.0,0.5168013,0.2116993,0.4204023,0.4553581424218219,62861312,28774400,4296617,4337664,1.4313765000001695,37.273821099999985,45.15807269000004,4571700,10670,4571700,10670,0,359018,4286110,0,0,0,0,21,0.525,0,0,,019-n256-human-mix-nginx-cold,61202432,11536,0,40,,,,,,,
run-04,repeat-burst,512,anubis-d4-solve,requests,512,512,1.0,9.040094371,56.63657689707983,56.63657689707983,6.993113281249999,3.5804739999999997,512,2,128.0,15.752352499999999,3.5386082,12.171878499999998,1.0118311487550387,111652864,67694592,0,0,256.35681850000014,290.1049972000001,971.6086547399991,7510442,445704,7510442,445704,0,9699328,7366144,0,0,16,1801604,0,0.0,0,0,,020-n512-repeat-burst-anubis-d4-solve,533504000,11772,10299.803778,512,,,,,,,
run-04,unique-crawl,32,anubis-d5-nosolve,requests,32,0,0.0,0.569638439,56.17598428957144,0.0,0.0,0,0,0,0.0,0.019458600000000006,0.9572713,0.019458600000000006,0.0,56954880,27193344,0,0,20.961752999999987,71.1873516,118.49701102000007,140914,10303,140914,10303,0,0,0,0,0,32,0,0,0.0,0,0,,021-n32-unique-crawl-anubis-d5-nosolve,256815104,0,0,,32,,,,,,
run-04,repeat-burst,128,bounded-warm,requests,128,128,1.0,0.871629627,146.8513644270607,146.8513644270607,0.0,0.0,0,0,0.0,0.5623615,1.0513489,0.5623615,0.0,113270784,95350784,59108,81920,27.60870849999992,118.57362605,125.93689562000003,1837088,32256,2445568,39536,604496,0,0,0,0,0,0,0,0.0,0,0,,022-n128-repeat-burst-bounded-warm,272949248,0,0,128,,128,128,1.0,,0,
run-04,comparisons,256,bounded-warm,requests,64,28,0.4375,106.020182916,0.603658645361019,0.2641006573454458,0.0,0,0,0,0.0,5.362876,15.9399695,5.362876,0.0,192081920,170799104,0,0,179.9925665000046,50172.70230274999,53692.29646064,11978345,1821872,12130465,1823692,151124,0,0,0,0,0,0,0,0.0,7388,24800,,023-n256-comparisons-bounded-warm,409096192,0,0,28,,0,0,,,0,36
run-04,comparisons,256,bounded-cold,requests,64,28,0.4375,105.963765811,0.6039800445951706,0.2642412695103872,0.0,0,0,0,0.0,5.3390768,15.9377289,5.3390768,0.0,193912832,172601344,0,0,190.18277949999901,50231.8033474,53633.605160219995,11978345,1821872,12130465,1823692,151124,0,0,0,0,0,0,0,0.0,7388,24800,,024-n256-comparisons-bounded-cold,431861760,0,0,28,,0,0,,,0,36
run-04,human-mix,256,nginx-warm,requests,40,40,1.0,5.1572783,7.756028989166631,7.756028989166631,0.0,0.0,0,0,0.0,0.011811299999999969,0.2027167,0.011811299999999969,0.0,34320384,28561408,4296617,4337664,1.1818154999999138,7.764123500000001,8.906004649999925,4571681,10670,4571681,10670,0,0,0,0,0,0,0,40,1.0,0,0,,025-n256-human-mix-nginx-warm,59392000,0,0,40,,,,,,,
run-04,repeat-burst,128,cgit,requests,128,128,1.0,2.423659916,52.81269007875113,52.81269007875113,6.9667578125,0.891745,128,2,32.0,3.8060638,1.010054,2.9143188,0.8828686387064454,61751296,39497728,0,0,250.05665299999993,283.81181989999993,391.7335636000004,1856416,32256,1856416,32256,0,2419200,1841536,0,0,0,0,0,0.0,0,0,,026-n128-repeat-burst-cgit,267165696,11660,0,128,,,,,,,
run-04,comparisons,256,cgit,requests,64,64,1.0,64.772667275,0.9880710906697797,0.9880710906697797,1226.706625,78.509224,64,2,4.0,117.9354488,2.2252165,39.4262248,35.28161147465876,978051072,499003392,0,0,2404.2950240000027,10299.4584706,14542.228116309996,546007520,19200,546007520,19200,0,1205376,545999988,0,0,0,0,0,0.0,0,0,,027-n256-comparisons-cgit,517963776,391412,0,64,,,,,,,
run-04,comparisons,256,anubis-d4-solve,requests,64,64,1.0,65.975513707,0.9700568651003865,0.9700568651003865,1246.8786406250001,79.800233,64,2,4.0,121.015765,2.7863518,41.215531999999996,28.63968325894814,1049317376,525991936,0,0,2465.2170730000007,10626.588702649984,14655.522217369997,546029152,60955,546029152,60955,0,1208192,545999988,0,0,4,178190,0,0.0,0,0,,028-n256-comparisons-anubis-d4-solve,502165504,391356,476.13367600000004,64,,,,,,,
run-04,repeat-burst,512,cgit,requests,512,512,1.0,8.641321333,59.25019800441206,59.25019800441206,7.06424609375,3.616894,512,2,128.0,15.6039745,1.6696755,11.9870805,2.166225712720825,76120064,46342144,0,0,254.09357000000003,290.0045298500001,314.4776255599999,7425664,129024,7425664,129024,0,9676800,7366144,0,0,0,0,0,0.0,0,0,,029-n512-repeat-burst-cgit,289763328,11708,0,512,,,,,,,
run-04,unique-crawl,32,bounded-warm,requests,32,32,1.0,0.62202722,51.444694011943724,51.444694011943724,0.0,0.0,0,0,0.0,0.2478479,0.929591,0.2478479,0.0,104955904,86388736,301150,483328,60.90245100000001,90.95161649999999,92.83262952000001,287554,8239,896034,15519,604496,0,0,0,0,0,0,0,0.0,0,0,,030-n32-unique-crawl-bounded-warm,265543680,0,0,32,,32,32,1.0,,0,
run-04,session-churn,256,bounded-cold,requests,128,0,0.0,0.620779794,206.19227822354023,0.0,0.0,0,0,0,0.0,0.6065583,0.5834937,0.6065583,0.0,101015552,79806464,0,0,9.620927500000022,63.36254304999996,73.37167080999998,17280,32256,321520,35896,302248,0,0,0,0,0,0,0,0.0,0,0,,031-n256-session-churn-bounded-cold,144719872,0,0,,,128,0,0.0,128,0,
run-04,ref-update,256,anubis-d5-nosolve,after-publication,32,0,0.0,0.168367502,190.0604310207085,0.0,0.0,0,0,0,0.0,0.01294709999999999,0.27386540000000004,0.01294709999999999,0.0,55504896,25321472,0,0,1.5196314999999956,11.545968650000008,21.10056420000002,140946,10748,140946,10748,0,0,0,0,0,32,0,0,0.0,0,0,,032-n256-ref-update-anubis-d5-nosolve,77307904,0,0,,32,,,,,,
run-04,ref-update,256,anubis-d5-nosolve,requests,32,0,0.0,0.218750811,146.28517194388826,0.0,0.0,0,0,0,0.0,0.013910100000000002,0.2656273,0.013910100000000002,0.0,55504896,25305088,0,0,0.9462990000000104,15.632063599999986,20.467112380000003,140953,10748,140953,10748,0,0,0,0,0,32,0,0,0.0,0,0,,032-n256-ref-update-anubis-d5-nosolve,76840960,0,0,,32,,,,,,
run-04,human-mix,256,anubis-d5-solve,requests,40,40,1.0,6.299128568,6.3500847090505035,6.3500847090505035,5.616474999999999,0.224659,40,1,2.1052631578947367,1.0492929999999998,1.2641832,0.8246339999999999,0.17771079381532678,78409728,40288256,0,0,25.229169000000184,61.05092164999857,587.3151062399999,4581586,36069,4581586,36069,0,756536,4566369,0,0,2,1195905,0,0.0,0,0,,033-n256-human-mix-anubis-d5-solve,109514752,11468,1035.9400799999999,40,,,,,,,
run-04,repeat-burst,32,anubis-d5-solve,requests,32,32,1.0,5.8376007,5.481704152872258,5.481704152872258,6.872437499999999,0.21991799999999997,32,2,8.0,1.0180498,11.3416474,0.7981318000000001,0.019390304798225344,82305024,43433984,0,0,208.1878619999997,5292.8866419000005,5392.80102742,548904,41030,548904,41030,0,606080,460384,0,0,16,10888719,0,0.0,0,0,,034-n32-repeat-burst-anubis-d5-solve,595881984,11768,48139.910427,32,,,,,,,
run-04,unique-crawl,32,bounded-cold,requests,32,0,0.0,0.670766038,47.706649095433185,0.0,0.0,0,0,0,0.0,0.28998479999999993,0.9940012,0.28998479999999993,0.0,96350208,75018240,0,0,60.48549000000003,102.44697754999999,104.61136416,4320,8239,612800,15519,604496,0,0,0,0,0,0,0,0.0,0,0,,035-n32-unique-crawl-bounded-cold,264998912,0,0,,,32,0,0.0,32,0,
run-04,alias-flood,32,anubis-d5-nosolve,requests,32,0,0.0,0.520977907,61.42295012905413,0.0,0.0,0,0,0,0.0,0.019936400000000007,0.8927586,0.019936400000000007,0.0,55308288,26206208,0,0,16.232496000000026,57.10243969999999,66.60287187,140940,10432,140940,10432,0,0,0,0,0,32,0,0,0.0,0,0,,036-n32-alias-flood-anubis-d5-nosolve,255561728,0,0,,32,,,,,,
run-04,large-plain,256,nginx-warm,requests,32,32,1.0,0.419070342,76.35949575262475,76.35949575262475,0.0,0.0,0,0,0.0,0.044408900000000015,0.7479854,0.044408900000000015,0.0,33939456,27598848,4107165,4112384,21.69476549999999,59.32756779999999,68.06143578,131400224,10048,131400224,10048,0,0,0,0,0,0,0,32,1.0,0,0,,037-n256-large-plain-nginx-warm,391340032,0,0,32,,,,,,,
run-04,alias-flood,512,nginx-warm,requests,512,512,1.0,0.67250226,761.3357314219286,761.3357314219286,0.159087890625,0.081453,12,2,3.0,0.3918981,1.187295,0.31044510000000003,0.06860384318977171,55828480,33079296,241671,266240,1.0884760000000142,16.248674250000022,145.18881744999982,7517708,133888,7517708,133888,0,227040,174597,0,0,0,0,500,0.9765625,0,0,,038-n512-alias-flood-nginx-warm,272601088,11640,0,512,,,,,,,
run-04,comparisons,256,nginx-cold,requests,64,64,1.0,17.396152716,3.678974371220391,3.678974371220391,314.924125,20.155144,16,2,1.0,31.5195232,2.066642,11.364379199999998,9.752605434322927,957685760,448671744,136509511,136548352,7.57630700000027,5435.639326349988,12215.318647639991,546008624,19200,546008624,19200,0,301728,136499997,0,0,0,0,48,0.75,0,0,,039-n256-comparisons-nginx-cold,467161088,391440,0,64,,,,,,,
run-04,comparisons,256,anubis-d5-solve,requests,64,64,1.0,65.719045698,0.9738425036495575,0.9738425036495575,1240.865390625,79.415385,64,2,4.0,119.0148214,7.3039369,39.5994364,10.872956062914508,1034039296,497704960,0,0,2596.1679154999983,9210.79315169999,15116.314060779996,546029143,60955,546029143,60955,0,1208192,545999988,0,0,4,5349054,0,0.0,0,0,,040-n256-comparisons-anubis-d5-solve,592392192,391300,6324.191951,64,,,,,,,
run-04,repeat-burst,512,bounded-cold,requests,512,0,0.0,1.373259245,372.8356476493264,0.0,0.0,0,0,0,0.0,1.7059814999999998,1.3805683,1.7059814999999998,0.0,142254080,123142144,0,0,19.963959500000044,49.14422905000001,123.53370576999988,69120,129024,677600,136304,604496,0,0,0,0,0,0,0,0.0,0,0,,041-n512-repeat-burst-bounded-cold,280920064,0,0,,,512,0,0.0,512,0,
run-04,unique-crawl,128,cgit,requests,128,128,1.0,2.274354592,56.279702580344164,56.279702580344164,4.6418984375,0.594163,128,2,1.0,3.4728133,1.0408118,2.8786503,0.570864972899039,65785856,41746432,0,0,229.65922699999993,279.69482364999993,367.59685657000034,1235468,32984,1235468,32984,0,2419200,1220590,0,0,0,0,0,0.0,0,0,,042-n128-unique-crawl-cgit,265601024,14484,0,128,,,,,,,
run-04,unique-crawl,512,bounded-warm,requests,512,512,1.0,1.172850661,436.5432164769015,436.5432164769015,0.0,0.0,0,0,0.0,1.2388293000000026,1.3725935,1.2388293000000026,0.0,187314176,187138048,5317361,8028160,13.498309000000006,46.56602524999997,101.50404752999995,5099908,131712,5708388,138992,604496,0,0,0,0,0,0,0,0.0,0,0,,043-n512-unique-crawl-bounded-warm,298717184,0,0,512,,512,512,1.0,,0,
run-04,unique-crawl,512,anubis-d4-solve,requests,512,512,1.0,8.139055111,62.90656507633519,62.90656507633519,4.8714765625,2.494196,512,2,1.0,14.3194928,2.523061,11.8252968,0.9885595314580186,109162496,68718592,0,0,229.9726550000005,269.89829519999995,634.7650171299986,5257768,448519,5257768,448519,0,9699328,5113281,0,0,16,829214,0,0.0,0,0,,044-n512-unique-crawl-anubis-d4-solve,437694464,14716,5361.190106,512,,,,,,,
run-04,session-churn,256,anubis-d5-solve,requests,128,128,1.0,22.539786236,5.678847113268603,5.678847113268603,4.689179687499999,0.6002149999999999,128,2,4.0,3.5884535,39.0400823,2.9882385,0.015374327220616539,85913600,47579136,0,0,73.34804749999876,6072.0145643999995,10673.042632730005,1468131,136106,1468131,136106,0,2425344,1283832,0,0,32,45936406,0,0.0,0,0,,045-n256-session-churn-anubis-d5-solve,391262208,11488,115081.15007300001,128,,,,,,,
run-04,alias-flood,512,nginx-cold,requests,512,512,1.0,0.671402164,762.5831840482421,762.5831840482421,0.21442578125,0.109786,16,2,4.0,0.5208388,1.1272795,0.41105280000000005,0.09739022132487994,69849088,33873920,241671,266240,0.41671800000003145,1.5610630499999878,174.44804397999994,7517712,133888,7517712,133888,0,302720,232796,0,0,0,0,496,0.96875,0,0,,046-n512-alias-flood-nginx-cold,263811072,11584,0,512,,,,,,,
run-04,human-mix,256,cgit,requests,40,40,1.0,5.707472862,7.008355706133535,7.008355706133535,5.58775,0.22351,40,2,2.1052631578947367,1.0434424,0.2039942,0.8199324,1.0956684062586093,54255616,32137216,0,0,25.596304500000315,38.7726296500002,42.611127710000034,4571001,10670,4571001,10670,0,754776,4566369,0,0,0,0,0,0.0,0,0,,047-n256-human-mix-cgit,61145088,11604,0,40,,,,,,,
run-04,alias-flood,32,bounded-warm,requests,32,32,1.0,0.621180788,51.514793467823736,51.514793467823736,0.0,0.0,0,0,0.0,0.2559739000000001,0.9018895,0.2559739000000001,0.0,100499456,80232448,59759,81920,60.07935649999996,102.60384205,103.23725301,464480,8368,1072960,15648,604496,0,0,0,0,0,0,0,0.0,0,0,,048-n32-alias-flood-bounded-warm,265375744,0,0,32,,32,32,1.0,,0,
run-04,alias-flood,512,cgit,requests,512,512,1.0,8.343102611,61.36805740887704,61.36805740887704,6.929599609375,3.547955,512,2,128.0,15.2302036,1.4284905,11.6822486,2.4837092021263003,76062720,47230976,0,0,249.9292489999997,279.8631657499998,292.50691851999994,7508992,133888,7508992,133888,0,9674752,7449472,0,0,0,0,0,0.0,0,0,,049-n512-alias-flood-cgit,294289408,11804,0,512,,,,,,,
run-04,ref-update,256,anubis-d5-solve,after-publication,32,32,1.0,1.875369375,17.063305195543144,17.063305195543144,2.27128125,0.072681,32,2,32.0,0.7601530999999999,3.0256581999999996,0.6874720999999999,0.02402155008784535,73306112,43401216,0,0,25.49887949999993,1186.5683715,1460.0871623500004,2234600,29331,2234600,29331,0,603968,2210464,0,0,4,3048083,0,0.0,0,0,,050-n256-ref-update-anubis-d5-solve,194867200,8424,4702.1835599999995,32,,,,,,,
run-04,ref-update,256,anubis-d5-solve,requests,32,32,1.0,1.473681614,21.71432397337353,21.71432397337353,2.2946562499999996,0.073429,32,1,32.0,0.7578819,2.1571653,0.6844529,0.0340395796279497,79511552,38576128,0,0,25.279064000000005,475.26506764999965,1054.2845379000005,2234751,29343,2234751,29343,0,603968,2210624,0,0,4,2068567,0,0.0,0,0,,050-n256-ref-update-anubis-d5-solve,153608192,8424,2095.863712,32,,,,,,,
run-04,unique-crawl,512,nginx-warm,requests,512,512,1.0,0.670476886,763.6355714729292,763.6355714729292,0.0,0.0,0,0,0.0,0.023237500000000466,1.2058824,0.023237500000000466,0.0,30420992,34832384,5380771,6344704,3.8836990000000213,21.021753949999997,38.84623453,5181524,131712,5181524,131712,0,0,0,0,0,0,0,512,1.0,0,0,,051-n512-unique-crawl-nginx-warm,288817152,0,0,512,,,,,,,
run-04,alias-flood,128,cgit,requests,128,128,1.0,2.425555035,52.77142680870978,52.77142680870978,6.9443203124999995,0.8888729999999999,128,2,32.0,3.8434617,0.9649775,2.9545887000000004,0.9211333943019395,70868992,41439232,0,0,250.14650600000004,287.46368595,302.67686741,1877248,33472,1877248,33472,0,2418688,1862368,0,0,0,0,0,0.0,0,0,,052-n128-alias-flood-cgit,267296768,11772,0,128,,,,,,,
run-04,large-plain,256,bounded-cold,requests,32,0,0.0,0.469980768,68.08789248159192,0.0,0.0,0,0,0,0.0,0.30471950000000003,0.4982148,0.30471950000000003,0.0,98107392,77361152,0,0,16.898990999999995,74.17424514999999,74.91812567999999,4320,10048,308560,13688,302248,0,0,0,0,0,0,0,0.0,0,0,,053-n256-large-plain-bounded-cold,140496896,0,0,,,32,0,0.0,32,0,
run-04,alias-flood,512,bounded-warm,requests,512,512,1.0,1.422266008,359.9889170662089,359.9889170662089,0.0,0.0,0,0,0.0,1.7562036,1.4136425,1.7562036,0.0,171933696,153346048,59759,81920,20.699890500000038,52.28897499999998,122.1045684899998,7431680,133888,8040160,141168,604496,0,0,0,0,0,0,0,0.0,0,0,,054-n512-alias-flood-bounded-warm,306442240,0,0,512,,512,512,1.0,,0,
run-04,large-plain,256,nginx-cold,requests,32,32,1.0,0.872595463,36.672205342419936,36.672205342419936,0.2074375,0.006638,1,1,1.0,0.0825268,0.7197304,0.07588879999999999,0.009222897907327521,51105792,27652096,4107165,4112384,25.910792000000015,544.44560645,548.4451940199999,131400225,10048,131400225,10048,0,18858,4106141,0,0,0,0,31,0.96875,0,0,,055-n256-large-plain-nginx-cold,335904768,9976,0,32,,,,,,,
run-04,ref-update,256,nginx-warm,after-publication,32,0,0.0,0.168624975,189.77022828320656,0.0,0.0,0.0,0,0,0.0,0.002234799999999995,0.2757354,0.002234799999999995,0.0,30056448,19554304,70015,73728,0.8230610000000027,10.688928300000004,15.213982240000004,2214336,7136,2214336,7136,0,0,0,0,0,0,0,32,1.0,0,0,32,056-n256-ref-update-nginx-warm,81313792,0,0,,,,,,,,
run-04,ref-update,256,nginx-warm,requests,32,32,1.0,0.168844004,189.52405322015463,189.52405322015463,0.0,0.0,0,0,0.0,0.002288499999999999,0.2569305,0.002288499999999999,0.0,30056448,19554304,70015,73728,0.9564305000000033,8.711276600000003,10.269875420000005,2214336,7136,2214336,7136,0,0,0,0,0,0,0,32,1.0,0,0,,056-n256-ref-update-nginx-warm,80941056,0,0,32,,,,,,,
run-04,comparisons,256,anubis-d5-nosolve,requests,64,0,0.0,0.520373154,122.98866593721321,0.0,0.0,0,0,0,0.0,0.0233654,0.7626966,0.0233654,0.0,58019840,27205632,0,0,1.0681790000000149,8.29390659999996,14.358154719999977,281757,26940,281757,26940,0,0,0,0,0,64,0,0,0.0,0,0,,057-n256-comparisons-anubis-d5-nosolve,397545472,0,0,,64,,,,,,
run-04,alias-flood,128,anubis-d4-solve,requests,128,128,1.0,2.976145241,43.00865368955963,43.00865368955963,7.316453125,0.936506,128,2,32.0,4.1829951,3.0647871,3.2464891000000002,0.3055696756228189,110120960,57806848,0,0,227.82685600000008,862.8673959499987,1195.40787391,1962424,123556,1962424,123556,0,2424320,1862368,0,0,16,1740893,0,0.0,0,0,,058-n128-alias-flood-anubis-d4-solve,510042112,11792,9296.150507,128,,,,,,,
run-04,large-plain,256,anubis-d5-solve,requests,32,32,1.0,5.545879644,5.770049487932955,5.770049487932955,7.32478125,0.234393,32,2,32.0,1.2043233,8.9454594,0.9699303,0.026202455292569992,103419904,60469248,0,0,43.504692999999946,2808.773249699999,4598.6197709900025,131443072,37123,131443072,37123,0,604096,131396512,0,0,8,9298728,0,0.0,0,0,,059-n256-large-plain-anubis-d5-solve,366723072,10128,16547.95925,32,,,,,,,
run-04,repeat-burst,32,bounded-cold,requests,32,0,0.0,0.670512892,47.72466030377235,0.0,0.0,0,0,0,0.0,0.28014150000000004,0.9185228,0.28014150000000004,0.0,94285824,73883648,0,0,78.04355850000002,161.50520104999998,173.03051764999998,4320,8064,612800,15344,604496,0,0,0,0,0,0,0,0.0,0,0,,060-n32-repeat-burst-bounded-cold,277913600,0,0,,,32,0,0.0,32,0,
run-04,unique-crawl,512,bounded-cold,requests,512,0,0.0,1.3219869,387.2958196484398,0.0,0.0,0,0,0,0.0,1.5276855,1.3352926,1.5276855,0.0,162926592,144994304,0,0,17.59935950000005,47.65226654999998,149.71447911999996,69120,131712,677600,138992,604496,0,0,0,0,0,0,0,0.0,0,0,,061-n512-unique-crawl-bounded-cold,283303936,0,0,,,512,0,0.0,512,0,
run-04,unique-crawl,128,anubis-d4-solve,requests,128,128,1.0,2.525757453,50.67786689017443,50.67786689017443,4.7809453125,0.611961,128,2,1.0,3.6256259,2.3336712,3.0136649,0.26223102894700845,93839360,57286656,0,0,199.94358900000003,666.5041525499993,849.6316751,1320417,122853,1320417,122853,0,2424832,1220590,0,0,16,931384,0,0.0,0,0,,062-n128-unique-crawl-anubis-d4-solve,440729600,14608,5653.721784,128,,,,,,,
run-04,alias-flood,128,anubis-d5-nosolve,requests,128,0,0.0,0.570489271,224.36881201224202,0.0,0.0,0,0,0,0.0,0.0479853,1.0059128,0.0479853,0.0,57868288,27930624,0,0,5.391784000000001,47.08954124999996,65.38357570000002,563701,47920,563701,47920,0,0,0,0,0,128,0,0,0.0,0,0,,063-n128-alias-flood-anubis-d5-nosolve,260972544,0,0,,128,,,,,,
run-04,ref-update,256,anubis-d4-solve,after-publication,32,32,1.0,0.669860909,47.77111124124426,47.77111124124426,2.0512812499999997,0.06564099999999999,32,2,32.0,0.7204757,0.5793038,0.6548347000000001,0.11331014918251872,85590016,45215744,0,0,45.678483500000056,152.52963004999998,195.97262614000005,2234601,29323,2234601,29323,0,603968,2210464,0,0,4,224405,0,0.0,0,0,,064-n256-ref-update-anubis-d4-solve,123154432,8424,404.909408,32,,,,,,,
run-04,ref-update,256,anubis-d4-solve,requests,32,32,1.0,0.619239022,51.676329919660645,51.676329919660645,2.0080625,0.064258,32,2,32.0,0.7238719,0.5535468,0.6596139,0.11608413236243077,85213184,41091072,0,0,43.607827999999984,132.00919709999994,196.36282897000004,2234752,29344,2234752,29344,0,603968,2210624,0,0,4,225357,0,0.0,0,0,,064-n256-ref-update-anubis-d4-solve,122023936,8356,329.108369,32,,,,,,,
run-04,repeat-burst,128,bounded-cold,requests,128,0,0.0,0.871419786,146.886726760643,0.0,0.0,0,0,0,0.0,0.6156740999999999,1.0353532,0.6156740999999999,0.0,100102144,79728640,0,0,25.136818000000034,188.84614940000003,190.05614875,17280,32256,625760,39536,604496,0,0,0,0,0,0,0,0.0,0,0,,065-n128-repeat-burst-bounded-cold,270479360,0,0,,,128,0,0.0,128,0,
run-04,alias-flood,32,cgit,requests,32,32,1.0,0.920415985,34.76688858244895,34.76688858244895,6.832,0.21862399999999999,32,2,8.0,0.941156,0.8310973,0.722532,0.2630546387288227,57782272,33849344,0,0,224.6517805,291.4526962,303.98910189000003,469312,8368,469312,8368,0,604544,465592,0,0,0,0,0,0.0,0,0,,066-n32-alias-flood-cgit,259117056,11708,0,32,,,,,,,
run-04,alias-flood,128,bounded-cold,requests,128,0,0.0,0.821466809,155.8188335762693,0.0,0.0,0,0,0,0.0,0.6061648,1.0352085,0.6061648,0.0,99971072,79532032,0,0,26.653478500000006,121.60630395000004,134.06042976000003,17280,33472,625760,40752,604496,0,0,0,0,0,0,0,0.0,0,0,,067-n128-alias-flood-bounded-cold,268222464,0,0,,,128,0,0.0,128,0,
run-04,repeat-burst,128,nginx-warm,requests,128,128,1.0,0.570416249,224.39753465017438,224.39753465017438,0.0,0.0,0,0,0.0,0.006312000000000012,0.9882,0.006312000000000012,0.0,30003200,22253568,60076,69632,0.7037090000000035,43.90632499999999,69.74354085000006,1858592,32256,1858592,32256,0,0,0,0,0,0,0,128,1.0,0,0,,068-n128-repeat-burst-nginx-warm,258248704,0,0,128,,,,,,,
run-04,session-churn,256,anubis-d4-solve,requests,128,128,1.0,2.474780145,51.721766177334516,51.721766177334516,4.8781718750000005,0.624406,128,2,4.0,3.6407295,3.1237559,3.0163235,0.19988949840799022,100589568,49819648,0,0,109.9483565000001,308.5253544999998,474.9247684300003,1468296,136094,1468296,136094,0,2425344,1283832,0,0,32,2323963,0,0.0,0,0,,069-n256-session-churn-anubis-d4-solve,379457536,11712,3968.1219500000007,128,,,,,,,
run-04,repeat-burst,512,anubis-d5-solve,requests,512,512,1.0,14.135361595,36.22121702080165,36.22121702080165,7.526917968749999,3.853782,512,2,128.0,17.003053,23.2597186,13.149271000000002,0.16568480755394865,101916672,49704960,0,0,88.02121350000016,132.66595105000027,8209.207108029997,7510447,445696,7510447,445696,0,9699328,7366144,0,0,16,22462649,0,0.0,0,0,,070-n512-repeat-burst-anubis-d5-solve,732258304,11716,111468.547511,512,,,,,,,
run-04,session-churn,256,nginx-warm,requests,128,128,1.0,0.31875755,401.5591160115266,401.5591160115266,0.0,0.0,0,0,0.0,0.005484799999999956,0.5318392,0.005484799999999956,0.0,30867456,23142400,337941,401408,0.8229910000000018,17.513573049999962,26.414177570000025,1300888,32256,1300888,32256,0,0,0,0,0,0,0,128,1.0,0,0,,071-n256-session-churn-nginx-warm,136683520,0,0,128,,,,,,,
run-04,repeat-burst,32,nginx-warm,requests,32,32,1.0,0.521156992,61.401843381581266,61.401843381581266,0.0,0.0,0,0,0.0,0.002839000000000008,0.8967792,0.002839000000000008,0.0,30662656,22458368,60076,69632,6.023206999999999,45.88869469999999,68.98446062000004,464648,8064,464648,8064,0,0,0,0,0,0,0,32,1.0,0,0,,072-n32-repeat-burst-nginx-warm,256438272,0,0,32,,,,,,,
run-04,repeat-burst,512,anubis-d5-nosolve,requests,512,0,0.0,0.721151674,709.9754718173198,0.0,0.0,0,0,0,0.0,0.1459708,1.2849976,0.1459708,0.0,59011072,29966336,0,0,5.846110999999979,14.511495800000004,44.79239338999997,2254773,193008,2254773,193008,0,0,0,0,0,512,0,0,0.0,0,0,,073-n512-repeat-burst-anubis-d5-nosolve,284749824,0,0,,512,,,,,,
run-04,large-plain,256,cgit,requests,32,32,1.0,0.820058641,39.021599676065115,39.021599676065115,6.735468749999999,0.21553499999999998,32,2,32.0,1.0523074,0.7383252,0.8367723999999999,0.2919242090070879,112566272,83509248,0,0,142.66675200000003,156.51055195,159.73144101000003,131399680,10048,131399680,10048,0,602688,131396512,0,0,0,0,0,0.0,0,0,,074-n256-large-plain-cgit,420372480,10128,0,32,,,,,,,
run-04,session-churn,256,anubis-d5-nosolve,requests,128,0,0.0,0.370280796,345.6836038561395,0.0,0.0,0,0,0,0.0,0.04304569999999999,0.5663225,0.04304569999999999,0.0,55414784,25661440,0,0,2.130591499999994,12.297594799999995,26.744803490000013,563653,44640,563653,44640,0,0,0,0,0,128,0,0,0.0,0,0,,075-n256-session-churn-anubis-d5-nosolve,142622720,0,0,,128,,,,,,
run-04,human-mix,256,bounded-warm,requests,40,38,0.95,7.56391171,5.288269024493942,5.023855573269244,0.0,0.0,0,0,0.0,0.5954969000000001,0.4382251,0.5954969000000001,0.0,103899136,86908928,4262639,4341760,4.779029499999979,355.35842195000004,1000.7025070099996,4831595,26774,4907655,27684,75562,0,0,0,0,0,0,0,0.0,66,64,,076-n256-human-mix-bounded-warm,83222528,0,0,38,,29,29,1.0,,0,2
run-04,ref-update,256,cgit,after-publication,32,32,1.0,0.51972393,61.57114989875491,61.57114989875491,1.9435,0.062192,32,2,32.0,0.685409,0.27666150000000006,0.623217,0.22479455941647097,46166016,29724672,0,0,43.90350249999997,87.58153025,89.46775038,2213632,7136,2213632,7136,0,602560,2210464,0,0,0,0,0,0.0,0,0,,077-n256-ref-update-cgit,82853888,8420,0,32,,,,,,,
run-04,ref-update,256,cgit,requests,32,32,1.0,0.520018831,61.53623309845101,61.53623309845101,1.97646875,0.063247,32,2,32.0,0.6980134,0.2754273,0.6347664,0.22963228409093797,47202304,29724672,0,0,45.035585,65.25022944999998,88.03957594,2213792,7136,2213792,7136,0,602560,2210624,0,0,0,0,0,0.0,0,0,,077-n256-ref-update-cgit,82853888,8424,0,32,,,,,,,
run-04,unique-crawl,32,anubis-d5-solve,requests,32,32,1.0,8.30187229,3.8545521880101097,3.8545521880101097,4.506187499999999,0.144198,32,2,1.0,0.9134810999999999,16.0923253,0.7692831,0.008960668971811053,74383360,38834176,0,0,581.0969675000002,7001.8615361,7747.464541060001,377018,41380,377018,41380,0,606080,288338,0,0,16,16538740,0,0.0,0,0,,078-n32-unique-crawl-anubis-d5-solve,646373376,10512,70362.461746,32,,,,,,,
run-04,alias-flood,32,nginx-cold,requests,32,32,1.0,0.62147941,51.490040514777476,51.490040514777476,3.4102499999999996,0.10912799999999999,16,2,4.0,0.4735547,0.8294406,0.3644267,0.13156819186328714,51699712,35762176,241671,266240,17.495368999999982,201.48157645,220.44424515,469872,8368,469872,8368,0,302656,232796,0,0,0,0,16,0.5,0,0,,079-n32-alias-flood-nginx-cold,253825024,11480,0,32,,,,,,,
run-04,comparisons,256,nginx-warm,requests,64,64,1.0,1.273454093,50.25701385844931,50.25701385844931,0.0,0.0,0,0,0.0,0.18667850000000286,2.065246,0.18667850000000286,0.0,64143360,316309504,136509511,136548352,10.557389499999985,85.22212299999997,200.53673535999965,546008608,19200,546008608,19200,0,0,0,0,0,0,0,64,1.0,0,0,,080-n256-comparisons-nginx-warm,603074560,0,0,64,,,,,,,
run-04,human-mix,256,anubis-d4-solve,requests,40,40,1.0,5.853203213,6.8338649017276145,6.8338649017276145,5.6649,0.226596,40,1,2.1052631578947367,1.0545212000000002,0.3764077,0.8279252000000001,0.6019961865817304,73113600,42004480,0,0,25.293629500000065,45.3882755999994,160.84314037999994,4581602,36077,4581602,36077,0,756536,4566369,0,0,2,154737,0,0.0,0,0,,081-n256-human-mix-anubis-d4-solve,79114240,11584,160.261679,40,,,,,,,
run-04,large-plain,256,bounded-warm,requests,32,32,1.0,0.971041245,32.95431596214021,32.95431596214021,0.0,0.0,0,0,0.0,1.2866637,1.138577,1.2866637,0.0,172486656,156925952,4106402,4112384,139.58025700000002,230.3112145,235.74055271000003,131455744,10048,131759984,13688,302248,0,0,0,0,0,0,0,0.0,0,0,,082-n256-large-plain-bounded-warm,372830208,0,0,32,,32,32,1.0,,0,
run-04,alias-flood,128,bounded-warm,requests,128,128,1.0,0.871650967,146.84776917135,146.84776917135,0.0,0.0,0,0,0.0,0.6035515,1.1263482,0.6035515,0.0,109649920,92020736,59759,81920,26.986684499999996,117.58892640000005,122.48438272999995,1857920,33472,2466400,40752,604496,0,0,0,0,0,0,0,0.0,0,0,,083-n128-alias-flood-bounded-warm,273387520,0,0,128,,128,128,1.0,,0,
run-04,session-churn,256,bounded-warm,requests,128,128,1.0,0.620637217,206.23964611519585,206.23964611519585,0.0,0.0,0,0,0.0,0.5768371000000001,0.5890385,0.5768371000000001,0.0,119685120,99217408,333698,499712,11.207216000000017,33.73958795000001,102.27014679999998,1280424,32256,1584664,35896,302248,0,0,0,0,0,0,0,0.0,0,0,,084-n256-session-churn-bounded-warm,147066880,0,0,128,,128,128,1.0,,0,
run-04,unique-crawl,128,anubis-d5-nosolve,requests,128,0,0.0,0.569494947,224.760554372399,0.0,0.0,0,0,0,0.0,0.04778659999999999,0.9822268,0.04778659999999999,0.0,55783424,25661440,0,0,7.7592724999999945,34.14301044999999,74.22655463000014,563644,47432,563644,47432,0,0,0,0,0,128,0,0,0.0,0,0,,085-n128-unique-crawl-anubis-d5-nosolve,258019328,0,0,,128,,,,,,
run-04,unique-crawl,512,nginx-cold,requests,512,512,1.0,8.189100211,62.52213146839461,62.52213146839461,4.701740234374999,2.407291,512,2,1.0,13.9501333,1.4010945,11.5428423,1.7181503460330478,79134720,50601984,5380771,6344704,239.74923149999995,270.7925820500003,447.1030932100003,5182036,131712,5182036,131712,0,9689088,5113281,0,0,0,0,0,0.0,0,0,,086-n512-unique-crawl-nginx-cold,297766912,14640,0,512,,,,,,,
run-04,repeat-burst,512,bounded-warm,requests,512,512,1.0,1.37254062,373.0308542708193,373.0308542708193,0.0,0.0,0,0,0.0,1.6270856,1.3730325,1.6270856,0.0,171819008,153362432,59108,81920,20.74009549999994,45.572268899999976,146.86078514999997,7348352,129024,7956832,136304,604496,0,0,0,0,0,0,0,0.0,0,0,,087-n512-repeat-burst-bounded-warm,304521216,0,0,512,,512,512,1.0,,0,
run-04,repeat-burst,32,nginx-cold,requests,32,32,1.0,0.92311468,34.66524874244227,34.66524874244227,0.9513125,0.030442,4,2,1.0,0.13558579999999998,0.8254649,0.10514379999999998,0.03687861228260584,44253184,29786112,60076,69632,6.439174499999979,533.1421623,541.0886569,464652,8064,464652,8064,0,75680,57548,0,0,0,0,28,0.875,0,0,,088-n32-repeat-burst-nginx-cold,253640704,11284,0,32,,,,,,,
run-04,repeat-burst,32,anubis-d4-solve,requests,32,32,1.0,1.472334996,21.734184195130005,21.734184195130005,6.94778125,0.222329,32,2,8.0,0.9979624,2.6487623,0.7756334,0.08393693915078752,75771904,42164224,0,0,198.0936624999999,977.52372225,1047.4633191000003,548903,41027,548903,41027,0,606080,460384,0,0,16,1577411,0,0.0,0,0,,089-n32-repeat-burst-anubis-d4-solve,397488128,11472,8799.19068,32,,,,,,,
run-04,human-mix,256,bounded-cold,requests,40,9,0.225,7.560639812,5.29055754468204,1.190375447553459,0.0,0,0,0,0.0,0.5745627,0.4093795,0.5745627,0.0,99889152,77717504,0,0,4.416700500000161,362.48218994999957,1000.6668563099997,354957,26774,431017,27684,75562,0,0,0,0,0,0,0,0.0,66,64,,090-n256-human-mix-bounded-cold,80437248,0,0,9,,29,0,0.0,29,0,2
run-04,repeat-burst,128,anubis-d5-solve,requests,128,128,1.0,16.600201511,7.710749771030294,7.710749771030294,7.068375,0.904752,128,2,32.0,4.0196033,28.8287596,3.1148512999999998,0.0313836603639374,84643840,44826624,0,0,70.06913200000008,5787.20964945,12352.734378330002,1941175,121967,1941175,121967,0,2424832,1841536,0,0,16,30496135,0,0.0,0,0,,091-n128-repeat-burst-anubis-d5-solve,583241728,11704,84127.758397,128,,,,,,,
run-04,session-churn,256,nginx-cold,requests,128,128,1.0,0.771322927,165.94865200992527,165.94865200992527,1.1850703125,0.151689,32,2,1.0,0.8918722,0.5576136,0.7401832,0.2720324611881776,49221632,34041856,337941,401408,0.5553314999999657,128.22895015,131.42144028999996,1300920,32256,1300920,32256,0,605696,320958,0,0,0,0,96,0.75,0,0,,092-n256-session-churn-nginx-cold,139132928,11364,0,128,,,,,,,
run-04,repeat-burst,512,nginx-cold,requests,512,512,1.0,1.074208241,476.63011738149567,476.63011738149567,0.057705078124999996,0.029545,4,2,1.0,0.158885,1.1935343,0.12934,0.024754211085512998,44744704,28295168,60076,69632,0.9104789999999809,17.51080280000001,524.3369105799998,7434372,129024,7434372,129024,0,75696,57548,0,0,0,0,508,0.9921875,0,0,,093-n512-repeat-burst-nginx-cold,265728000,11312,0,512,,,,,,,
run-04,unique-crawl,512,cgit,requests,512,512,1.0,7.638750277,67.02667078168709,67.02667078168709,4.737513671875,2.425607,512,2,1.0,13.680335900000001,1.4187436,11.254728900000002,1.7096866551503738,72089600,47710208,0,0,220.1509480000003,250.15645129999987,266.93708414,5172820,131712,5172820,131712,0,9676800,5113281,0,0,0,0,0,0.0,0,0,,094-n512-unique-crawl-cgit,299364352,14492,0,512,,,,,,,
run-04,unique-crawl,128,bounded-cold,requests,128,0,0.0,0.820571608,155.98882382974188,0.0,0.0,0,0,0,0.0,0.5914396,1.0206469,0.5914396,0.0,99487744,79278080,0,0,25.49088549999999,102.47072719999991,112.55155357000004,17280,32984,625760,40264,604496,0,0,0,0,0,0,0,0.0,0,0,,095-n128-unique-crawl-bounded-cold,276328448,0,0,,,128,0,0.0,128,0,
run-04,repeat-burst,512,nginx-warm,requests,512,512,1.0,0.669997959,764.1814323795574,764.1814323795574,0.0,0.0,0,0,0.0,0.018949500000000008,1.1974518,0.018949500000000008,0.0,29888512,22663168,60076,69632,1.1527120000000082,21.80575415,50.84270641999997,7434368,129024,7434368,129024,0,0,0,0,0,0,0,512,1.0,0,0,,096-n512-repeat-burst-nginx-warm,288157696,0,0,512,,,,,,,
run-04,ref-update,256,bounded-warm,after-publication,32,0,0.0,0.269063618,118.93098085078154,0.0,0.0,0.0,0,0,0.0,0.1717035,0.2935372,0.1717035,0.0,96821248,77152256,138685,147456,5.283886999999993,11.926251050000008,14.590766639999996,4320,7136,156440,8956,151124,0,0,0,0,0,0,0,0.0,0,0,,097-n256-ref-update-bounded-warm,83456000,0,0,,,32,0,0.0,32,0,
run-04,ref-update,256,bounded-warm,after-update-preparation,32,32,1.0,0.319396023,100.18909972463872,100.18909972463872,0.0,0.0,0,0,0.0,0.18046439999999997,0.2913947,0.18046439999999997,0.0,105656320,84799488,138685,147456,7.76880349999999,14.873871900000005,16.716599410000004,2206752,7136,2358872,8956,151124,0,0,0,0,0,0,0,0.0,0,0,,097-n256-ref-update-bounded-warm,86740992,0,0,32,,32,32,1.0,,0,
run-04,ref-update,256,bounded-warm,requests,32,32,1.0,0.318830266,100.36688298594589,100.36688298594589,0.0,0.0,0,0,0.0,0.27610159999999995,0.2983083,0.27610159999999995,0.0,96489472,75747328,138685,147456,9.039133499999991,33.05873055,33.68934266000001,2206912,7136,2359032,8956,151124,0,0,0,0,0,0,0,0.0,0,0,,097-n256-ref-update-bounded-warm,83456000,0,0,32,,32,32,1.0,,0,
run-04,unique-crawl,32,nginx-cold,requests,32,32,1.0,0.819928779,39.02777999697459,39.02777999697459,4.2276875,0.135286,32,2,1.0,0.8378909,0.8320045,0.7026049,0.1626024859240545,67837952,35917824,305492,380928,198.32816550000004,236.67164245,241.07806974000002,292630,8239,292630,8239,0,605440,288338,0,0,0,0,0,0.0,0,0,,098-n32-unique-crawl-nginx-cold,260947968,10696,0,32,,,,,,,
run-04,alias-flood,128,nginx-warm,requests,128,128,1.0,0.619942223,206.47085365566397,206.47085365566397,0.6403828125,0.081969,12,2,3.0,0.3734808,0.9230811,0.2915118,0.08879934818294948,62881792,35536896,241671,266240,0.7069239999999866,96.77660579999984,163.27785316,1879436,33472,1879436,33472,0,227040,174597,0,0,0,0,116,0.90625,0,0,,099-n128-alias-flood-nginx-warm,259469312,11368,0,128,,,,,,,
run-04,unique-crawl,32,cgit,requests,32,32,1.0,0.870381557,36.765484910200136,36.765484910200136,4.2882187499999995,0.13722299999999998,32,2,1.0,0.8316385,0.8502539,0.6944155,0.16139061520329395,56066048,34344960,0,0,199.1651215,263.6861419,265.67888292,292054,8239,292054,8239,0,604672,288338,0,0,0,0,0,0.0,0,0,,100-n32-unique-crawl-cgit,259878912,10628,0,32,,,,,,,
run-04,alias-flood,512,anubis-d4-solve,requests,512,512,1.0,8.689108173,58.92434411059093,58.92434411059093,6.931296874999999,3.5488239999999998,512,2,128.0,15.510219900000001,2.1359302,11.961395900000001,1.661488750896448,111566848,68907008,0,0,250.39482050000004,287.77522325000007,543.9433969299987,7594163,450948,7594163,450948,0,9697280,7449472,0,0,16,486819,0,0.0,0,0,,101-n512-alias-flood-anubis-d4-solve,406052864,11768,3554.5004419999996,512,,,,,,,
run-04,ref-update,256,bounded-cold,after-publication,32,0,0.0,0.319315019,100.2145157475352,0.0,0.0,0,0,0,0.0,0.15734840000000005,0.2960279,0.15734840000000005,0.0,99799040,78635008,0,0,7.269572999999994,8.675547599999998,8.951854150000003,4320,7136,156440,8956,151124,0,0,0,0,0,0,0,0.0,0,0,,102-n256-ref-update-bounded-cold,79241216,0,0,,,32,0,0.0,32,0,
run-04,ref-update,256,bounded-cold,requests,32,0,0.0,0.320056733,99.98227408013942,0.0,0.0,0,0,0,0.0,0.27796789999999993,0.2997864,0.27796789999999993,0.0,97726464,77287424,0,0,8.325166499999995,56.5950637,60.71547843000002,4320,7136,156440,8956,151124,0,0,0,0,0,0,0,0.0,0,0,,102-n256-ref-update-bounded-cold,79163392,0,0,,,32,0,0.0,32,0,
run-04,unique-crawl,128,anubis-d5-solve,requests,128,128,1.0,13.086508623,9.781065652227172,9.781065652227172,4.6459609375,0.594683,128,2,1.0,3.5949003999999998,21.6791653,3.0002174,0.027431083797308374,80662528,52768768,0,0,70.65922099999989,5774.546207049995,8762.35161331,1320407,122865,1320407,122865,0,2424832,1220590,0,0,16,22989631,0,0.0,0,0,,103-n128-unique-crawl-anubis-d5-solve,722722816,14628,84605.815984,128,,,,,,,
run-04,alias-flood,128,anubis-d5-solve,requests,128,128,1.0,8.546772578,14.97641347442438,14.97641347442438,7.4564765625,0.954429,128,2,32.0,4.2530388,15.0923866,3.2986097999999995,0.0632391036153288,100130816,47644672,0,0,71.95168150000006,5560.286542849994,6605.927926530001,1962431,123555,1962431,123555,0,2424320,1862368,0,0,16,14824433,0,0.0,0,0,,104-n128-alias-flood-anubis-d5-solve,639291392,11764,68486.887958,128,,,,,,,
run-04,unique-crawl,512,anubis-d5-nosolve,requests,512,0,0.0,0.771100966,663.9856809620441,0.0,0.0,0,0,0,0.0,0.1542185,1.397481,0.1542185,0.0,60456960,30232576,0,0,5.526615499999963,18.116198450000017,40.668839669999976,2253967,195696,2253967,195696,0,0,0,0,0,512,0,0,0.0,0,0,,105-n512-unique-crawl-anubis-d5-nosolve,282095616,0,0,,512,,,,,,
run-04,unique-crawl,128,nginx-warm,requests,128,128,1.0,0.519910858,246.19605078530594,246.19605078530594,0.0,0.0,0,0,0.0,0.007230000000000292,0.9770887,0.007230000000000292,0.0,30654464,31711232,1287859,1540096,1.2881989999999917,33.6465403,57.41342226000001,1237644,32984,1237644,32984,0,0,0,0,0,0,0,128,1.0,0,0,,106-n128-unique-crawl-nginx-warm,259637248,0,0,128,,,,,,,
run-04,repeat-burst,32,bounded-warm,requests,32,32,1.0,0.672221649,47.603346377795695,47.603346377795695,0.0,0.0,0,0,0.0,0.2612506000000001,0.9117797,0.2612506000000001,0.0,98598912,78999552,59108,81920,69.94555700000001,115.07921450000003,118.50160985000002,459272,8064,1067752,15344,604496,0,0,0,0,0,0,0,0.0,0,0,,107-n32-repeat-burst-bounded-warm,265842688,0,0,32,,32,32,1.0,,0,
run-04,alias-flood,32,bounded-cold,requests,32,0,0.0,0.720466861,44.415644538576494,0.0,0.0,0,0,0,0.0,0.32119240000000004,0.9686896,0.32119240000000004,0.0,95891456,75079680,0,0,58.36058550000001,131.90207559999996,137.23278052,4320,8368,612800,15648,604496,0,0,0,0,0,0,0,0.0,0,0,,108-n32-alias-flood-bounded-cold,261218304,0,0,,,32,0,0.0,32,0,
run-04,repeat-burst,128,anubis-d5-nosolve,requests,128,0,0.0,0.57027691,224.45236297573402,0.0,0.0,0,0,0,0.0,0.0439232,1.0284829,0.0439232,0.0,59285504,29413376,0,0,7.1072309999999845,41.93122954999994,77.91670552000008,563690,46704,563690,46704,0,0,0,0,0,128,0,0,0.0,0,0,,109-n128-repeat-burst-anubis-d5-nosolve,263118848,0,0,,128,,,,,,
run-04,repeat-burst,32,cgit,requests,32,32,1.0,0.921758395,34.71625555414659,34.71625555414659,6.92928125,0.221737,32,2,8.0,0.9542046000000001,0.8901501,0.7324676000000001,0.2491006853787917,60112896,35872768,0,0,228.34886050000003,288.33405465000004,293.70846634000003,464104,8064,464104,8064,0,604672,460384,0,0,0,0,0,0.0,0,0,,110-n32-repeat-burst-cgit,262737920,11740,0,32,,,,,,,
run-04,unique-crawl,32,nginx-warm,requests,32,32,1.0,0.519421776,61.60696658971033,61.60696658971033,0.0,0.0,0,0,0.0,0.002935000000000021,0.8586659,0.002935000000000021,0.0,30167040,24023040,305492,380928,5.887945000000016,45.311959200000025,49.22033752,292598,8239,292598,8239,0,0,0,0,0,0,0,32,1.0,0,0,,111-n32-unique-crawl-nginx-warm,253661184,0,0,32,,,,,,,
run-05,ref-update,256,anubis-d5-solve,after-publication,32,32,1.0,3.336364878,9.59127708453236,9.59127708453236,2.1519999999999997,0.068864,32,1,32.0,0.7489172,5.2579137,0.6800531999999999,0.013097210020773069,74104832,38109184,0,0,24.970255499999894,2006.8382577500001,2707.8420508200015,2234591,29348,2234591,29348,0,603968,2210464,0,0,4,5840409,0,0.0,0,0,,000-n256-ref-update-anubis-d5-solve,195477504,8424,7480.644718,32,,,,,,,
run-05,ref-update,256,anubis-d5-solve,requests,32,32,1.0,2.129021933,15.030375922388394,15.030375922388394,2.283,0.073056,32,1,32.0,0.749053,2.728927,0.675997,0.02677096162704242,72249344,33042432,0,0,24.636676499999993,495.8082184999997,1491.4604306700014,2234733,29341,2234733,29341,0,603968,2210624,0,0,4,2865925,0,0.0,0,0,,000-n256-ref-update-anubis-d5-solve,138878976,8424,2708.945501,32,,,,,,,
run-05,large-plain,256,anubis-d5-solve,requests,32,32,1.0,5.185932618,6.170539102056648,6.170539102056648,7.321062499999999,0.23427399999999998,32,2,32.0,1.1882167000000001,7.0322184,0.9539427000000001,0.03331438056588231,84770816,53608448,0,0,42.32528350000007,1751.0750313499998,3891.547280650004,131443050,37120,131443050,37120,0,604096,131396512,0,0,8,7277621,0,0.0,0,0,,001-n256-large-plain-anubis-d5-solve,296701952,10152,10625.446732,32,,,,,,,
run-05,alias-flood,128,bounded-warm,requests,128,128,1.0,0.870720463,147.0046994864298,147.0046994864298,0.0,0.0,0,0,0.0,0.6218990999999998,1.1422961,0.6218990999999998,0.0,110587904,92459008,59759,81920,25.358818499999984,104.67639009999998,109.61810978,1857920,33472,2466400,40752,604496,0,0,0,0,0,0,0,0.0,0,0,,002-n128-alias-flood-bounded-warm,272523264,0,0,128,,128,128,1.0,,0,
run-05,repeat-burst,32,anubis-d5-solve,requests,32,32,1.0,9.663969018,3.31126889380514,3.31126889380514,6.7553125,0.21617,32,1,8.0,0.9632806999999999,16.7812995,0.7471106999999999,0.012881600736581813,73637888,37191680,0,0,333.5205745000001,6451.77061425,8479.930061190003,548920,41037,548920,41037,0,606080,460384,0,0,16,18299283,0,0.0,0,0,,003-n32-repeat-burst-anubis-d5-solve,592244736,11656,65748.817102,32,,,,,,,
run-05,human-mix,256,nginx-warm,requests,40,40,1.0,5.150356632,7.766452472722669,7.766452472722669,0.0,0.0,0,0,0.0,0.01258669999999995,0.2283028,0.01258669999999995,0.0,34938880,31211520,4307134,4354048,1.1508930000002238,7.338970099999981,8.281424369999986,8585821,10540,8585821,10540,0,0,0,0,0,0,0,40,1.0,0,0,,004-n256-human-mix-nginx-warm,73715712,0,0,40,,,,,,,
run-05,unique-crawl,512,cgit,requests,512,512,1.0,7.58641806,67.4890305214738,67.4890305214738,4.752498046874999,2.4332789999999997,512,2,1.0,13.6467672,1.4603609,11.2134882,1.6662175767647571,82169856,52736000,0,0,220.01134249999996,249.95631910000003,259.9425791700002,5172820,131712,5172820,131712,0,9676800,5113281,0,0,0,0,0,0.0,0,0,,005-n512-unique-crawl-cgit,299270144,14576,0,512,,,,,,,
run-05,comparisons,256,bounded-warm,requests,64,28,0.4375,106.22066636,0.6025192854947178,0.26360218740393904,0.0,0,0,0,0.0,5.4617481,16.6067534,5.4617481,0.0,192950272,171782144,0,0,210.13232199999766,50503.02967775,53677.5577232,11978345,1821872,12130465,1823692,151124,0,0,0,0,0,0,0,0.0,7388,24800,,006-n256-comparisons-bounded-warm,434933760,0,0,28,,0,0,,,0,36
run-05,unique-crawl,512,anubis-d4-solve,requests,512,512,1.0,7.886219558,64.92337630653626,64.92337630653626,4.7240449218750005,2.418711,512,2,1.0,13.891715699999999,2.4388178,11.473004699999999,0.9917555136755194,109207552,69468160,0,0,220.1289545000002,249.9548644000003,537.6187977499993,5257788,448571,5257788,448571,0,9699328,5113281,0,0,16,821969,0,0.0,0,0,,007-n512-unique-crawl-anubis-d4-solve,429314048,14784,4821.054733,512,,,,,,,
run-05,human-mix,256,bounded-warm,requests,40,40,1.0,6.207903243,6.443399394973463,6.443399394973463,0.0,0.0,0,0,0.0,0.5819677999999999,0.3715761,0.5819677999999999,0.0,107687936,91328512,4283514,4370432,4.193011499999784,281.0920724499995,455.88474276,8816392,19812,8892452,20722,75562,0,0,0,0,0,0,0,0.0,38,22,,008-n256-human-mix-bounded-warm,87678976,0,0,40,,33,33,1.0,,0,
run-05,repeat-burst,32,bounded-warm,requests,32,32,1.0,0.721201731,44.37038712542969,44.37038712542969,0.0,0.0,0,0,0.0,0.26318949999999997,0.995924,0.26318949999999997,0.0,100270080,79998976,59108,81920,68.56219750000005,110.49484059999997,119.81407323000005,459272,8064,1067752,15344,604496,0,0,0,0,0,0,0,0.0,0,0,,009-n32-repeat-burst-bounded-warm,265605120,0,0,32,,32,32,1.0,,0,
run-05,session-churn,256,nginx-cold,requests,128,128,1.0,0.720711178,177.60235154837574,177.60235154837574,1.1451640625,0.146581,32,2,1.0,0.8731034,0.528716,0.7265224,0.27723957663471505,55283712,34672640,337941,401408,0.5399580000000128,121.84148684999998,130.14024917999998,1300920,32256,1300920,32256,0,605696,320958,0,0,0,0,96,0.75,0,0,,010-n256-session-churn-nginx-cold,139640832,11420,0,128,,,,,,,
run-05,alias-flood,128,bounded-cold,requests,128,0,0.0,0.87144122,146.88311392935947,0.0,0.0,0,0,0,0.0,0.6621967,1.0542742,0.6621967,0.0,100270080,84656128,0,0,26.493155,160.35726304999997,162.61719853000002,17280,33472,625760,40752,604496,0,0,0,0,0,0,0,0.0,0,0,,011-n128-alias-flood-bounded-cold,269520896,0,0,,,128,0,0.0,128,0,
run-05,alias-flood,32,anubis-d4-solve,requests,32,32,1.0,1.221285037,26.201909489209605,26.201909489209605,6.97115625,0.223077,32,2,8.0,0.9937065,1.9054205,0.7706295000000001,0.11707494487437288,92913664,45035520,0,0,152.92100649999998,693.13792345,715.2220746500001,554475,41673,554475,41673,0,605952,465592,0,0,16,761547,0,0.0,0,0,,012-n32-alias-flood-anubis-d4-solve,330125312,11744,5698.850352,32,,,,,,,
run-05,session-churn,256,nginx-warm,requests,128,128,1.0,0.318636825,401.71125857784955,401.71125857784955,0.0,0.0,0,0,0.0,0.005716600000000072,0.558306,0.005716600000000072,0.0,29978624,23318528,337941,401408,0.8805534999999907,16.770368849999972,30.97661308000002,1300888,32256,1300888,32256,0,0,0,0,0,0,0,128,1.0,0,0,,013-n256-session-churn-nginx-warm,142352384,0,0,128,,,,,,,
run-05,repeat-burst,128,anubis-d5-solve,requests,128,128,1.0,9.853599486,12.99017685687981,12.99017685687981,7.362421875,0.94239,128,2,32.0,4.2151197,18.1739834,3.2727296999999997,0.05185379447413823,108634112,49434624,0,0,70.3997019999997,6723.103858949999,8443.510429590002,1941216,121997,1941216,121997,0,2424832,1841536,0,0,16,18706858,0,0.0,0,0,,014-n128-repeat-burst-anubis-d5-solve,669167616,11748,79173.314435,128,,,,,,,
run-05,unique-crawl,128,anubis-d4-solve,requests,128,128,1.0,2.526711319,50.658735344035556,50.658735344035556,5.010234375,0.6413099999999999,128,2,1.0,3.5903039,2.1264956,2.9489939,0.30158068514225933,96600064,58699776,0,0,219.7833415,557.9784979999993,723.7320759800001,1375411,122867,1375411,122867,0,2424832,1275541,0,0,16,845596,0,0.0,0,0,,015-n128-unique-crawl-anubis-d4-solve,428777472,14532,5350.687569,128,,,,,,,
run-05,repeat-burst,128,cgit,requests,128,128,1.0,2.37415148,53.91399878157732,53.91399878157732,6.834484375,0.874814,128,2,32.0,3.7445563,0.9864813,2.8697423000000004,0.8868024158187287,65134592,38756352,0,0,249.79267100000015,284.18822570000003,387.13195046000044,1856416,32256,1856416,32256,0,2419200,1841536,0,0,0,0,0,0.0,0,0,,016-n128-repeat-burst-cgit,264552448,11656,0,128,,,,,,,
run-05,human-mix,256,cgit,requests,40,40,1.0,5.652656242,7.076319218351648,7.076319218351648,4.98065,0.199226,40,2,2.0,1.0060783,0.2093901,0.8068523,0.9514585455568338,54763520,39096320,0,0,25.95074199999982,39.00958334999996,40.093863829999876,8585141,10540,8585141,10540,0,754962,8580527,0,0,0,0,0,0.0,0,0,,017-n256-human-mix-cgit,73404416,11308,0,40,,,,,,,
run-05,repeat-burst,512,anubis-d5-nosolve,requests,512,0,0.0,0.719626012,711.4806739365058,0.0,0.0,0,0,0,0.0,0.1639572,1.3295439,0.1639572,0.0,58499072,28467200,0,0,6.088248499999992,18.48633995,48.784311249999895,2254904,193008,2254904,193008,0,0,0,0,0,512,0,0,0.0,0,0,,018-n512-repeat-burst-anubis-d5-nosolve,289402880,0,0,,512,,,,,,
run-05,alias-flood,32,nginx-warm,requests,32,32,1.0,0.569742849,56.16568958463575,56.16568958463575,2.46840625,0.078989,12,2,3.0,0.35191189999999994,0.8487836,0.27292289999999997,0.09306141164838719,59424768,31584256,241671,266240,6.158951500000029,140.1251576,156.10965728000005,469868,8368,469868,8368,0,226992,174597,0,0,0,0,20,0.625,0,0,,019-n32-alias-flood-nginx-warm,253648896,11492,0,32,,,,,,,
run-05,unique-crawl,512,nginx-warm,requests,512,512,1.0,0.669578395,764.66027551561,764.66027551561,0.0,0.0,0,0,0.0,0.023081400000000585,1.2240583,0.023081400000000585,0.0,29995008,37359616,5380771,6344704,3.500413999999978,20.40552670000001,50.29717365999997,5181524,131712,5181524,131712,0,0,0,0,0,0,0,512,1.0,0,0,,020-n512-unique-crawl-nginx-warm,295600128,0,0,512,,,,,,,
run-05,session-churn,256,cgit,requests,128,128,1.0,2.021878523,63.3074631061799,63.3074631061799,4.569101562499999,0.584845,128,2,4.0,3.33015,0.5971197,2.745305,0.9794434851169705,62377984,35438592,0,0,109.87559949999999,149.65801765,162.49094347000005,1298712,32256,1298712,32256,0,2419712,1283832,0,0,0,0,0,0.0,0,0,,021-n256-session-churn-cgit,144379904,11612,0,128,,,,,,,
run-05,ref-update,256,cgit,after-publication,32,32,1.0,0.519084474,61.64699890445962,61.64699890445962,1.9487499999999998,0.06235999999999999,32,2,32.0,0.6758751,0.2809268,0.6135151,0.22197953345853794,55250944,27422720,0,0,43.212188,66.44359564999996,90.67725938999999,2213632,7136,2213632,7136,0,602560,2210464,0,0,0,0,0,0.0,0,0,,022-n256-ref-update-cgit,87257088,8424,0,32,,,,,,,
run-05,ref-update,256,cgit,requests,32,32,1.0,0.569880533,56.15211986895506,56.15211986895506,1.949875,0.062396,32,2,32.0,0.678381,0.2822261,0.615985,0.22108515123158348,46534656,27258880,0,0,44.02318600000001,93.92855915,97.14923063,2213792,7136,2213792,7136,0,602560,2210624,0,0,0,0,0,0.0,0,0,,022-n256-ref-update-cgit,87257088,8428,0,32,,,,,,,
run-05,ref-update,256,nginx-warm,after-publication,32,0,0.0,0.169711198,188.55561905820733,0.0,0.0,0.0,0,0,0.0,0.0022735000000000116,0.2579565,0.0022735000000000116,0.0,30019584,19550208,70015,73728,0.7764715000000066,10.788526399999995,15.797844560000003,2214336,7136,2214336,7136,0,0,0,0,0,0,0,32,1.0,0,0,32,023-n256-ref-update-nginx-warm,78381056,0,0,,,,,,,,
run-05,ref-update,256,nginx-warm,requests,32,32,1.0,0.218349334,146.5541452029343,146.5541452029343,0.0,0.0,0,0,0.0,0.002588899999999991,0.276098,0.002588899999999991,0.0,30019584,19550208,70015,73728,0.7640809999999973,12.716391499999993,19.227676710000008,2214336,7136,2214336,7136,0,0,0,0,0,0,0,32,1.0,0,0,,023-n256-ref-update-nginx-warm,78086144,0,0,32,,,,,,,
run-05,unique-crawl,32,nginx-warm,requests,32,32,1.0,0.519476938,61.60042469488799,61.60042469488799,0.0,0.0,0,0,0.0,0.0029420999999999475,0.9583648,0.0029420999999999475,0.0,30760960,28958720,303725,368640,8.756291000000004,60.49220889999999,91.04573490000007,290803,8267,290803,8267,0,0,0,0,0,0,0,32,1.0,0,0,,024-n32-unique-crawl-nginx-warm,252764160,0,0,32,,,,,,,
run-05,unique-crawl,512,anubis-d5-solve,requests,512,512,1.0,12.887561033,39.72823086454981,39.72823086454981,5.181300781249999,2.6528259999999997,512,2,1.0,15.5776746,19.2934656,12.9248486,0.13749867727237142,101445632,58134528,0,0,98.6083994999999,149.83192924999992,4995.086327369992,5257817,448561,5257817,448561,0,9699328,5113281,0,0,16,18117067,0,0.0,0,0,,025-n512-unique-crawl-anubis-d5-solve,692490240,14720,69556.053321,512,,,,,,,
run-05,repeat-burst,512,bounded-warm,requests,512,512,1.0,1.324468733,386.5700920249659,386.5700920249659,0.0,0.0,0,0,0.0,1.5439368000000002,1.4082987,1.5439368000000002,0.0,161357824,142237696,59108,81920,19.104908999999964,39.4963388,108.66025074999996,7348352,129024,7956832,136304,604496,0,0,0,0,0,0,0,0.0,0,0,,026-n512-repeat-burst-bounded-warm,302223360,0,0,512,,512,512,1.0,,0,
run-05,session-churn,256,anubis-d5-nosolve,requests,128,0,0.0,0.318966034,401.2966471533455,0.0,0.0,0,0,0,0.0,0.042330599999999996,0.5378902,0.042330599999999996,0.0,57749504,28110848,0,0,1.5224620000000044,14.815652499999981,23.256801109999998,563693,44640,563693,44640,0,0,0,0,0,128,0,0,0.0,0,0,,027-n256-session-churn-anubis-d5-nosolve,139976704,0,0,,128,,,,,,
run-05,ref-update,256,bounded-warm,after-publication,32,0,0.0,0.268867902,119.01755383206732,0.0,0.0,0.0,0,0,0.0,0.15480530000000003,0.28580539999999993,0.15480530000000003,0.0,97951744,77369344,138685,147456,5.3345575000000025,11.117554950000013,11.479811510000012,4320,7136,156440,8956,151124,0,0,0,0,0,0,0,0.0,0,0,,028-n256-ref-update-bounded-warm,85168128,0,0,,,32,0,0.0,32,0,
run-05,ref-update,256,bounded-warm,after-update-preparation,32,32,1.0,0.319572152,100.13388150291644,100.13388150291644,0.0,0.0,0,0,0.0,0.1879869999999999,0.3262514000000001,0.1879869999999999,0.0,106201088,85135360,138685,147456,8.43174100000001,14.890045849999996,17.082616410000014,2206752,7136,2358872,8956,151124,0,0,0,0,0,0,0,0.0,0,0,,028-n256-ref-update-bounded-warm,87109632,0,0,32,,32,32,1.0,,0,
run-05,ref-update,256,bounded-warm,requests,32,32,1.0,0.369494784,86.60474081279588,86.60474081279588,0.0,0.0,0,0,0.0,0.31779500000000005,0.3043176,0.31779500000000005,0.0,96960512,76304384,138685,147456,12.064448499999997,40.978867949999994,43.61594946999998,2206912,7136,2359032,8956,151124,0,0,0,0,0,0,0,0.0,0,0,,028-n256-ref-update-bounded-warm,85168128,0,0,32,,32,32,1.0,,0,
run-05,unique-crawl,32,cgit,requests,32,32,1.0,0.871991491,36.69760580266947,36.69760580266947,4.43446875,0.141903,32,2,1.0,0.8382332,0.8403638,0.6963302,0.16885901082364566,53293056,39014400,0,0,206.95122050000003,277.32564105,282.69187836,290259,8267,290259,8267,0,604672,286542,0,0,0,0,0,0.0,0,0,,029-n32-unique-crawl-cgit,258289664,14524,0,32,,,,,,,
run-05,alias-flood,32,anubis-d5-nosolve,requests,32,0,0.0,0.519226203,61.630171619054444,0.0,0.0,0,0,0,0.0,0.020406999999999995,0.9170807,0.020406999999999995,0.0,55046144,25346048,0,0,24.431889000000012,74.08811615,82.01551979,140872,10432,140872,10432,0,0,0,0,0,32,0,0,0.0,0,0,,030-n32-alias-flood-anubis-d5-nosolve,253472768,0,0,,32,,,,,,
run-05,alias-flood,512,anubis-d5-solve,requests,512,512,1.0,10.475959219,48.8738061400046,48.8738061400046,7.3413847656249995,3.7587889999999997,512,2,128.0,16.4364915,14.2057098,12.677702499999999,0.2645970566004382,111947776,58404864,0,0,110.11186099999986,200.63678665000012,5680.54429380998,7594122,450925,7594122,450925,0,9697280,7449472,0,0,16,13176955,0,0.0,0,0,,031-n512-alias-flood-anubis-d5-solve,702210048,11804,59808.960324,512,,,,,,,
run-05,session-churn,256,bounded-cold,requests,128,0,0.0,0.621103709,206.08474582463006,0.0,0.0,0,0,0,0.0,0.619749,0.5793666,0.619749,0.0,99340288,78282752,0,0,9.835298499999965,46.38473899999996,101.20623704999998,17280,32256,321520,35896,302248,0,0,0,0,0,0,0,0.0,0,0,,032-n256-session-churn-bounded-cold,143634432,0,0,,,128,0,0.0,128,0,
run-05,large-plain,256,bounded-warm,requests,32,32,1.0,0.972305032,32.911482453378895,32.911482453378895,0.0,0.0,0,0,0.0,1.3203968000000001,1.1278685,1.3203968000000001,0.0,185860096,171581440,4106402,4112384,140.27940099999995,244.16853769999997,273.01198642,131455744,10048,131759984,13688,302248,0,0,0,0,0,0,0,0.0,0,0,,033-n256-large-plain-bounded-warm,352538624,0,0,32,,32,32,1.0,,0,
run-05,ref-update,256,nginx-cold,after-publication,32,0,0.0,0.219247068,145.95406128760638,0.0,0.0,0.0,0,0,0.0,0.002202599999999999,0.27999729999999995,0.002202599999999999,0.0,30236672,19578880,70015,73728,0.730102500000001,8.389228649999996,18.171109990000012,2214336,7136,2214336,7136,0,0,0,0,0,0,0,32,1.0,0,0,32,034-n256-ref-update-nginx-cold,79941632,0,0,,,,,,,,
run-05,ref-update,256,nginx-cold,requests,32,32,1.0,0.672738318,47.56678658521128,47.56678658521128,0.07321875,0.002343,1,1,1.0,0.026311299999999996,0.2659773,0.023968299999999994,0.008809022424094086,30236672,19578880,70015,73728,0.7871364999999741,507.3208829,508.8064051,2214337,7136,2214337,7136,0,18854,69082,0,0,0,0,31,0.96875,0,0,,034-n256-ref-update-nginx-cold,78061568,8324,0,32,,,,,,,
run-05,large-plain,256,nginx-warm,requests,32,32,1.0,0.41934499,76.30948446528478,76.30948446528478,0.0,0.0,0,0,0.0,0.052582400000000015,0.7319051,0.052582400000000015,0.0,34045952,27488256,4107165,4112384,23.009094000000005,52.4875771,64.31636998000003,131400224,10048,131400224,10048,0,0,0,0,0,0,0,32,1.0,0,0,,035-n256-large-plain-nginx-warm,333606912,0,0,32,,,,,,,
run-05,alias-flood,512,anubis-d4-solve,requests,512,512,1.0,8.791216529,58.23994873872592,58.23994873872592,6.94959375,3.558192,512,2,128.0,15.532882899999999,2.9608527,11.974690899999999,1.201745699811409,115322880,69283840,0,0,249.86547399999972,290.00873910000007,826.6421364899984,7594172,450905,7594172,450905,0,9697280,7449472,0,0,16,1127952,0,0.0,0,0,,036-n512-alias-flood-anubis-d4-solve,464236544,11792,6896.805464,512,,,,,,,
run-05,comparisons,256,anubis-d5-nosolve,requests,64,0,0.0,0.571029109,112.0783494068776,0.0,0.0,0,0,0,0.0,0.02510509999999999,0.8628758,0.02510509999999999,0.0,56799232,27262976,0,0,1.2018804999999873,11.098059399999984,18.34690171999998,281836,26940,281836,26940,0,0,0,0,0,64,0,0,0.0,0,0,,037-n256-comparisons-anubis-d5-nosolve,368304128,0,0,,64,,,,,,
run-05,repeat-burst,512,anubis-d4-solve,requests,512,512,1.0,8.793875089,58.22234166601317,58.22234166601317,6.918308593749999,3.5421739999999997,512,2,128.0,15.4599712,2.6118018,11.9177972,1.3562185308241996,118001664,69079040,0,0,250.05750950000038,289.8387636000001,605.5480098299998,7510489,445693,7510489,445693,0,9699328,7366144,0,0,16,834572,0,0.0,0,0,,038-n512-repeat-burst-anubis-d4-solve,456118272,11772,5585.965566,512,,,,,,,
run-05,repeat-burst,512,anubis-d5-solve,requests,512,512,1.0,13.887130913,36.86866662434264,36.86866662434264,7.179826171875,3.676071,512,2,128.0,16.2612061,22.7369496,12.585135099999999,0.16167828423211178,104452096,57978880,0,0,79.86656149999999,140.1900028,9136.850299239994,7510441,445669,7510441,445669,0,9699328,7366144,0,0,16,22966457,0,0.0,0,0,,039-n512-repeat-burst-anubis-d5-solve,714014720,11768,105515.682395,512,,,,,,,
run-05,comparisons,256,bounded-cold,requests,64,28,0.4375,106.068298756,0.6033848072478837,0.2639808531709491,0.0,0,0,0,0.0,5.339613,16.0792227,5.339613,0.0,193298432,171696128,0,0,187.32027399999788,50319.66970109999,53696.951365299996,11978345,1821872,12130465,1823692,151124,0,0,0,0,0,0,0,0.0,7388,24800,,040-n256-comparisons-bounded-cold,412160000,0,0,28,,0,0,,,0,36
run-05,unique-crawl,512,bounded-warm,requests,512,512,1.0,1.173234867,436.4002591477705,436.4002591477705,0.0,0.0,0,0,0.0,1.2247877000000003,1.3990052,1.2247877000000003,0.0,180338688,176463872,5317361,8028160,15.505434999999977,35.72434455000001,61.57703143999998,5099908,131712,5708388,138992,604496,0,0,0,0,0,0,0,0.0,0,0,,041-n512-unique-crawl-bounded-warm,304734208,0,0,512,,512,512,1.0,,0,
run-05,unique-crawl,128,cgit,requests,128,128,1.0,2.274167069,56.284343285422885,56.284343285422885,4.80396875,0.614908,128,2,1.0,3.4059471,1.0183083,2.7910391,0.603852487503048,64995328,46034944,0,0,229.43677550000007,261.18908530000004,342.02662067000045,1290425,32963,1290425,32963,0,2419200,1275541,0,0,0,0,0,0.0,0,0,,042-n128-unique-crawl-cgit,265646080,14516,0,128,,,,,,,
run-05,unique-crawl,512,nginx-cold,requests,512,512,1.0,8.138508852,62.91078738265161,62.91078738265161,4.6760234375,2.3941239999999997,512,2,1.0,13.9680616,1.4359501,11.5739376,1.6672752068473689,74555392,53547008,5380771,6344704,240.12537749999956,271.69513770000015,292.4209695899997,5182036,131712,5182036,131712,0,9689088,5113281,0,0,0,0,0,0.0,0,0,,043-n512-unique-crawl-nginx-cold,299057152,14660,0,512,,,,,,,
run-05,unique-crawl,32,anubis-d5-nosolve,requests,32,0,0.0,0.519717733,61.57188405961126,0.0,0.0,0,0,0,0.0,0.017987800000000005,0.935186,0.017987800000000005,0.0,53297152,24887296,0,0,17.419259499999995,57.53164225,106.48107880000008,140933,10331,140933,10331,0,0,0,0,0,32,0,0,0.0,0,0,,044-n32-unique-crawl-anubis-d5-nosolve,259710976,0,0,,32,,,,,,
run-05,repeat-burst,32,bounded-cold,requests,32,0,0.0,0.673619738,47.504546251879574,0.0,0.0,0,0,0,0.0,0.3130236999999999,0.9309602,0.3130236999999999,0.0,97628160,76791808,0,0,74.66781699999999,114.91605074999997,116.87142975999997,4320,8064,612800,15344,604496,0,0,0,0,0,0,0,0.0,0,0,,045-n32-repeat-burst-bounded-cold,265367552,0,0,,,32,0,0.0,32,0,
run-05,repeat-burst,128,nginx-warm,requests,128,128,1.0,0.571965635,223.7896687621801,223.7896687621801,0.0,0.0,0,0,0.0,0.006427199999999994,1.0433646,0.006427199999999994,0.0,30986240,22564864,60076,69632,0.72952650000002,48.31838599999998,85.73587927000011,1858592,32256,1858592,32256,0,0,0,0,0,0,0,128,1.0,0,0,,046-n128-repeat-burst-nginx-warm,255025152,0,0,128,,,,,,,
run-05,large-plain,256,cgit,requests,32,32,1.0,0.820531562,38.99910921403411,38.99910921403411,6.8594375,0.219502,32,2,32.0,1.0469757000000002,0.7220556,0.8274737000000002,0.30399598036494696,106225664,82731008,0,0,141.7807615,151.12423969999998,154.84073033,131399680,10048,131399680,10048,0,602688,131396512,0,0,0,0,0,0.0,0,0,,047-n256-large-plain-cgit,422699008,10132,0,32,,,,,,,
run-05,repeat-burst,128,anubis-d5-nosolve,requests,128,0,0.0,0.61945226,206.63416418885936,0.0,0.0,0,0,0,0.0,0.052598400000000003,1.0812088,0.052598400000000003,0.0,57303040,27373568,0,0,7.256118499999985,52.19647759999996,75.02731940000005,563714,46704,563714,46704,0,0,0,0,0,128,0,0,0.0,0,0,,048-n128-repeat-burst-anubis-d5-nosolve,260427776,0,0,,128,,,,,,
run-05,repeat-burst,32,nginx-cold,requests,32,32,1.0,0.973450795,32.87274525262471,32.87274525262471,0.9288124999999999,0.029722,4,2,1.0,0.1362609,0.9286778,0.10653889999999999,0.032004641437536244,70864896,28143616,60076,69632,23.149428000000015,536.4955086,543.2926091899999,464652,8064,464652,8064,0,75680,57548,0,0,0,0,28,0.875,0,0,,049-n32-repeat-burst-nginx-cold,255578112,11412,0,32,,,,,,,
run-05,repeat-burst,32,nginx-warm,requests,32,32,1.0,0.519868192,61.554064073225696,61.554064073225696,0.0,0.0,0,0,0.0,0.0026750000000000107,0.9129175,0.0026750000000000107,0.0,29765632,22233088,60076,69632,5.8387724999999975,50.1164336,55.83310046000001,464648,8064,464648,8064,0,0,0,0,0,0,0,32,1.0,0,0,,050-n32-repeat-burst-nginx-warm,250650624,0,0,32,,,,,,,
run-05,comparisons,256,nginx-warm,requests,64,64,1.0,1.275255237,50.186031896295596,50.186031896295596,0.0,0.0,0,0,0.0,0.16982449999999716,2.0534858,0.16982449999999716,0.0,61009920,305991680,136509511,136548352,8.082755500000005,76.7953336,197.63924594999958,546008608,19200,546008608,19200,0,0,0,0,0,0,0,64,1.0,0,0,,051-n256-comparisons-nginx-warm,551186432,0,0,64,,,,,,,
run-05,unique-crawl,32,nginx-cold,requests,32,32,1.0,0.821591404,38.94880088107641,38.94880088107641,4.3765937500000005,0.140051,32,2,1.0,0.8668059,0.8306631,0.7267549,0.16860144624216486,55230464,36274176,303725,368640,214.00380750000002,239.05936750000004,240.89785271000002,290835,8267,290835,8267,0,605440,286542,0,0,0,0,0,0.0,0,0,,052-n32-unique-crawl-nginx-cold,260988928,14724,0,32,,,,,,,
run-05,unique-crawl,128,nginx-cold,requests,128,128,1.0,2.323728936,55.08387747683493,55.08387747683493,4.7761640624999995,0.6113489999999999,128,2,1.0,3.4882144,0.943178,2.8768654,0.6481798769691405,73064448,44576768,1342795,1589248,238.0035595,259.48278250000004,267.6677603100001,1292729,32963,1292729,32963,0,2422272,1275541,0,0,0,0,0,0.0,0,0,,053-n128-unique-crawl-nginx-cold,265768960,14480,0,128,,,,,,,
run-05,alias-flood,128,cgit,requests,128,128,1.0,2.42560862,52.77026101597544,52.77026101597544,6.882140625,0.880914,128,2,32.0,3.7975708,0.9935951,2.9166568,0.8865925365372676,66621440,39460864,0,0,249.8869585,291.74507375,305.66198618000004,1877248,33472,1877248,33472,0,2418688,1862368,0,0,0,0,0,0.0,0,0,,054-n128-alias-flood-cgit,265928704,11680,0,128,,,,,,,
run-05,alias-flood,32,nginx-cold,requests,32,32,1.0,0.619703598,51.6375894916137,51.6375894916137,3.35525,0.10736799999999999,16,2,4.0,0.47732919999999995,0.8303492,0.3699612,0.12930463472476397,66109440,35594240,241671,266240,18.996550000000013,208.07887075,229.1488553,469872,8368,469872,8368,0,302656,232796,0,0,0,0,16,0.5,0,0,,055-n32-alias-flood-nginx-cold,256385024,11484,0,32,,,,,,,
run-05,alias-flood,32,bounded-warm,requests,32,32,1.0,0.67168409,47.641444060406435,47.641444060406435,0.0,0.0,0,0,0.0,0.26873420000000015,0.913509,0.26873420000000015,0.0,99520512,80310272,59759,81920,68.35853099999997,127.24335870000003,136.46512665,464480,8368,1072960,15648,604496,0,0,0,0,0,0,0,0.0,0,0,,056-n32-alias-flood-bounded-warm,269262848,0,0,32,,32,32,1.0,,0,
run-05,human-mix,256,nginx-cold,requests,40,40,1.0,5.455723295,7.331750134149719,7.331750134149719,2.50265,0.100106,20,2,1.0,0.5353485,0.2154945,0.4352425,0.4645408583513732,53911552,30236672,4307134,4354048,15.656441500000085,37.56194455,41.80012362999995,8585841,10540,8585841,10540,0,377992,4296158,0,0,0,0,20,0.5,0,0,,057-n256-human-mix-nginx-cold,73404416,11336,0,40,,,,,,,
run-05,unique-crawl,128,anubis-d5-solve,requests,128,128,1.0,10.927484452,11.713583356009519,11.713583356009519,4.85496875,0.621436,128,2,1.0,3.6361409,19.6031113,3.0147049,0.03170088617514507,85200896,46391296,0,0,70.29670400000032,7116.786516449996,8801.191311050003,1375421,122878,1375421,122878,0,2424832,1275541,0,0,16,19985130,0,0.0,0,0,,058-n128-unique-crawl-anubis-d5-solve,682778624,14404,91509.039496,128,,,,,,,
run-05,session-churn,256,anubis-d5-solve,requests,128,128,1.0,18.22122206,7.024775812429785,7.024775812429785,4.7019062499999995,0.6018439999999999,128,2,4.0,3.5770887,32.1882321,2.9752447,0.0186976407443017,85532672,45330432,0,0,72.49709850000022,4972.1997547499905,7566.662723750004,1468331,136109,1468331,136109,0,2425344,1283832,0,0,32,35982834,0,0.0,0,0,,059-n256-session-churn-anubis-d5-solve,385118208,11464,92174.655054,128,,,,,,,
run-05,ref-update,256,anubis-d4-solve,after-publication,32,32,1.0,0.671861657,47.62885285474774,47.62885285474774,2.0152187500000003,0.064487,32,2,32.0,0.7214938,0.6799375,0.6570068,0.09484254067469437,81092608,41857024,0,0,45.489341999999965,171.63476044999996,247.25648172,2234599,29340,2234599,29340,0,603968,2210464,0,0,4,339790,0,0.0,0,0,,060-n256-ref-update-anubis-d4-solve,123752448,8360,541.97739,32,,,,,,,
run-05,ref-update,256,anubis-d4-solve,requests,32,32,1.0,0.570133459,56.12720933117521,56.12720933117521,1.9848750000000002,0.063516,32,2,32.0,0.720177,0.4156938,0.6566609999999999,0.1527951583593501,75198464,40448000,0,0,44.70903149999998,97.43210949999997,113.49007868000001,2234766,29342,2234766,29342,0,603968,2210624,0,0,4,87976,0,0.0,0,0,,060-n256-ref-update-anubis-d4-solve,103051264,8420,189.626055,32,,,,,,,
run-05,alias-flood,512,nginx-cold,requests,512,512,1.0,0.720385509,710.7305652368418,710.7305652368418,0.222794921875,0.11407099999999999,16,2,4.0,0.5347684,1.2563361,0.42069740000000005,0.09079656311714675,62730240,35700736,241671,266240,0.4153749999999832,1.3122821499999802,221.84852107999984,7517712,133888,7517712,133888,0,302720,232796,0,0,0,0,496,0.96875,0,0,,061-n512-alias-flood-nginx-cold,263979008,11652,0,512,,,,,,,
run-05,comparisons,256,nginx-cold,requests,64,64,1.0,17.419632017,3.6740156128178674,3.6740156128178674,320.80368749999997,20.531436,16,2,1.0,32.0036836,2.1965713,11.472247600000003,9.347038268231948,988418048,487964672,136509511,136548352,9.009589999999662,5962.016663299988,12525.20930126999,546008624,19200,546008624,19200,0,301728,136499997,0,0,0,0,48,0.75,0,0,,062-n256-comparisons-nginx-cold,440139776,391004,0,64,,,,,,,
run-05,alias-flood,128,nginx-warm,requests,128,128,1.0,0.619886709,206.48934416820995,206.48934416820995,0.684234375,0.087582,12,2,3.0,0.3925702,1.0076446,0.3049882,0.08691755009653206,69804032,33153024,241671,266240,0.7580979999999897,82.32419009999997,151.41339480000005,1879436,33472,1879436,33472,0,227040,174597,0,0,0,0,116,0.90625,0,0,,063-n128-alias-flood-nginx-warm,255930368,11348,0,128,,,,,,,
run-05,alias-flood,128,anubis-d5-nosolve,requests,128,0,0.0,0.570280786,224.4508374511499,0.0,0.0,0,0,0,0.0,0.046343100000000005,1.0188374,0.046343100000000005,0.0,58490880,27734016,0,0,9.420794,35.901037200000005,78.57729316000004,563620,47920,563620,47920,0,0,0,0,0,128,0,0,0.0,0,0,,064-n128-alias-flood-anubis-d5-nosolve,260276224,0,0,,128,,,,,,
run-05,session-churn,256,anubis-d4-solve,requests,128,128,1.0,2.474911575,51.71901949668646,51.71901949668646,4.882546875,0.624966,128,2,4.0,3.6707403,2.3039205,3.0457742999999997,0.27126196411725145,98107392,49647616,0,0,119.70310549999994,221.54872634999998,392.19484577000003,1468277,136089,1468277,136089,0,2425344,1283832,0,0,32,1575020,0,0.0,0,0,,065-n256-session-churn-anubis-d4-solve,322695168,11440,2610.370479,128,,,,,,,
run-05,alias-flood,32,bounded-cold,requests,32,0,0.0,0.672308182,47.59721933593841,0.0,0.0,0,0,0,0.0,0.29891690000000004,0.9223257,0.29891690000000004,0.0,96231424,75948032,0,0,75.44103249999995,144.67052564999997,164.44433207000003,4320,8368,612800,15648,604496,0,0,0,0,0,0,0,0.0,0,0,,066-n32-alias-flood-bounded-cold,265445376,0,0,,,32,0,0.0,32,0,
run-05,ref-update,256,anubis-d5-nosolve,after-publication,32,0,0.0,0.169086459,189.25229252095227,0.0,0.0,0,0,0,0.0,0.013374299999999992,0.2670381,0.013374299999999992,0.0,55185408,27303936,0,0,1.5100035000000034,8.957041349999988,15.933081820000009,140881,10748,140881,10748,0,0,0,0,0,32,0,0,0.0,0,0,,067-n256-ref-update-anubis-d5-nosolve,83795968,0,0,,32,,,,,,
run-05,ref-update,256,anubis-d5-nosolve,requests,32,0,0.0,0.218494036,146.45708681952308,0.0,0.0,0,0,0,0.0,0.013598600000000002,0.2774648,0.013598600000000002,0.0,55185408,25038848,0,0,1.3042239999999978,11.864257699999998,12.280140020000006,140891,10748,140891,10748,0,0,0,0,0,32,0,0,0.0,0,0,,067-n256-ref-update-anubis-d5-nosolve,83795968,0,0,,32,,,,,,
run-05,repeat-burst,512,cgit,requests,512,512,1.0,8.392792483,61.004725308898124,61.004725308898124,6.90842578125,3.537114,512,2,128.0,15.2426618,1.4778241,11.705547800000002,2.3934607643764907,79151104,46424064,0,0,249.95144349999998,280.02071495000007,289.84776854999984,7425664,129024,7425664,129024,0,9676800,7366144,0,0,0,0,0,0.0,0,0,,068-n512-repeat-burst-cgit,289579008,11824,0,512,,,,,,,
run-05,comparisons,256,cgit,requests,64,64,1.0,64.979276943,0.984929396123336,0.984929396123336,1238.7531875,79.280204,64,2,4.0,118.2021481,2.2204489,38.921944100000005,35.70458387941285,994971648,517980160,0,0,1890.875715000001,10648.00510164999,14951.670940169999,546007520,19200,546007520,19200,0,1205376,545999988,0,0,0,0,0,0.0,0,0,,069-n256-comparisons-cgit,531800064,391092,0,64,,,,,,,
run-05,alias-flood,32,anubis-d5-solve,requests,32,32,1.0,6.899495006,4.6380206047213415,4.6380206047213415,6.841281249999999,0.21892099999999998,32,2,8.0,0.9872682,13.4076244,0.7683472,0.016328097615861015,76320768,38281216,0,0,551.2889060000002,6303.498202549999,6416.39059399,554496,41700,554496,41700,0,605952,465592,0,0,16,13766015,0,0.0,0,0,,070-n32-alias-flood-anubis-d5-solve,684593152,11656,67127.431208,32,,,,,,,
run-05,large-plain,256,nginx-cold,requests,32,32,1.0,0.922649676,34.68271959811537,34.68271959811537,0.22021875,0.0070469999999999994,1,1,1.0,0.08614709999999998,0.71506,0.07910009999999998,0.009855117053114423,34091008,27504640,4107165,4112384,29.982505499999945,545.9434358000001,552.45377108,131400225,10048,131400225,10048,0,18858,4106141,0,0,0,0,31,0.96875,0,0,,071-n256-large-plain-nginx-cold,355078144,9740,0,32,,,,,,,
run-05,repeat-burst,512,nginx-cold,requests,512,512,1.0,1.071389658,477.884023032076,477.884023032076,0.05052734375,0.02587,4,2,1.0,0.138086,1.2212569,0.11221599999999998,0.02118309423676542,68141056,31531008,60076,69632,1.0725414999999998,18.171020200000026,522.9479051199999,7434372,129024,7434372,129024,0,75696,57548,0,0,0,0,508,0.9921875,0,0,,072-n512-repeat-burst-nginx-cold,265588736,11408,0,512,,,,,,,
run-05,comparisons,256,anubis-d5-solve,requests,64,64,1.0,66.580279457,0.961245589864692,0.961245589864692,1243.8495,79.606368,64,2,4.0,118.6090237,4.3948413,39.00265569999999,18.113593316782563,1100193792,534671360,0,0,2290.2023354999997,8794.264908199997,15627.973752589987,546029091,60963,546029091,60963,0,1208192,545999988,0,0,4,1904515,0,0.0,0,0,,073-n256-comparisons-anubis-d5-solve,578523136,391556,2866.144643,64,,,,,,,
run-05,alias-flood,512,cgit,requests,512,512,1.0,8.390468546,61.021621997985626,61.021621997985626,6.929304687499999,3.5478039999999997,512,2,128.0,15.169515599999999,1.5280318,11.6217116,2.3218129360920368,78577664,49049600,0,0,249.90042549999998,279.94362729999983,304.1080404099999,7508992,133888,7508992,133888,0,9674752,7449472,0,0,0,0,0,0.0,0,0,,074-n512-alias-flood-cgit,292007936,11792,0,512,,,,,,,
run-05,repeat-burst,32,anubis-d4-solve,requests,32,32,1.0,1.42120493,22.51610540078833,22.51610540078833,7.1294375,0.22814199999999998,32,2,8.0,1.0299969,2.391141,0.8018549,0.09541135382647864,96382976,48263168,0,0,161.49215899999996,886.0059933,937.8398989400001,548911,41038,548911,41038,0,606080,460384,0,0,16,1297572,0,0.0,0,0,,075-n32-repeat-burst-anubis-d4-solve,395354112,11520,8387.529331,32,,,,,,,
run-05,alias-flood,32,cgit,requests,32,32,1.0,0.923486151,34.651304695093366,34.651304695093366,6.8774999999999995,0.22008,32,2,8.0,0.9528646,0.8262504,0.7327846,0.26635993156553994,63266816,35930112,0,0,234.30467299999998,292.8590073,305.46416807,469312,8368,469312,8368,0,604544,465592,0,0,0,0,0,0.0,0,0,,076-n32-alias-flood-cgit,257843200,11460,0,32,,,,,,,
run-05,human-mix,256,anubis-d5-solve,requests,40,40,1.0,6.105124715,6.551872708140083,6.551872708140083,5.074475,0.202979,40,1,2.0,1.0379879,0.9610952,0.8350089,0.21119551944489992,77111296,40378368,0,0,25.64030700000012,87.10219984999955,413.64758932999996,8595744,35932,8595744,35932,0,756722,8580527,0,0,2,798138,0,0.0,0,0,,077-n256-human-mix-anubis-d5-solve,119136256,11308,718.2781050000001,40,,,,,,,
run-05,alias-flood,512,bounded-warm,requests,512,512,1.0,1.424376687,359.4554759797188,359.4554759797188,0.0,0.0,0,0,0.0,1.718335,1.3926666,1.718335,0.0,171065344,152125440,59759,81920,22.48056749999995,46.56983835000002,109.64143458999993,7431680,133888,8040160,141168,604496,0,0,0,0,0,0,0,0.0,0,0,,078-n512-alias-flood-bounded-warm,302592000,0,0,512,,512,512,1.0,,0,
run-05,unique-crawl,128,anubis-d5-nosolve,requests,128,0,0.0,0.569584006,224.72541126795613,0.0,0.0,0,0,0,0.0,0.046648499999999996,1.0309833,0.046648499999999996,0.0,56066048,25710592,0,0,7.9019229999999965,39.435810749999995,70.24926625000002,563700,47411,563700,47411,0,0,0,0,0,128,0,0,0.0,0,0,,079-n128-unique-crawl-anubis-d5-nosolve,268996608,0,0,,128,,,,,,
run-05,unique-crawl,32,bounded-warm,requests,32,32,1.0,0.672179113,47.60635875336995,47.60635875336995,0.0,0.0,0,0,0.0,0.22968980000000006,0.8996167,0.22968980000000006,0.0,100306944,85696512,299330,471040,76.75707249999999,124.3531962,124.51687277,285735,8267,894215,15547,604496,0,0,0,0,0,0,0,0.0,0,0,,080-n32-unique-crawl-bounded-warm,265576448,0,0,32,,32,32,1.0,,0,
run-05,alias-flood,128,anubis-d4-solve,requests,128,128,1.0,2.776490294,46.101367714703784,46.101367714703784,7.1848671875,0.919663,128,2,32.0,4.078157099999999,2.6126411,3.1584940999999995,0.3520051031884939,112443392,58929152,0,0,200.063088,825.2440101999999,1051.3141371600004,1962455,123549,1962455,123549,0,2424320,1862368,0,0,16,1399868,0,0.0,0,0,,081-n128-alias-flood-anubis-d4-solve,440053760,11568,8421.215679,128,,,,,,,
run-05,unique-crawl,32,anubis-d4-solve,requests,32,32,1.0,1.321254596,24.219404872367235,24.219404872367235,4.686406249999999,0.149965,32,2,1.0,0.9202356,2.2310088,0.7702706,0.06721847085497824,81080320,52035584,0,0,212.5823795,841.2962095,861.65036699,375245,41424,375245,41424,0,606080,286542,0,0,16,1139413,0,0.0,0,0,,082-n32-unique-crawl-anubis-d4-solve,430387200,14596,7875.964241,32,,,,,,,
run-05,unique-crawl,128,bounded-warm,requests,128,128,1.0,0.820978313,155.91154842113352,155.91154842113352,0.0,0.0,0,0,0.0,0.4814360999999998,1.0287705,0.4814360999999998,0.0,162578432,145756160,1326533,1998848,23.923932499999978,101.57766139999995,105.36729728,1272169,32963,1880649,40243,604496,0,0,0,0,0,0,0,0.0,0,0,,083-n128-unique-crawl-bounded-warm,271675392,0,0,128,,128,128,1.0,,0,
run-05,alias-flood,512,bounded-cold,requests,512,0,0.0,1.324032037,386.6975916686221,0.0,0.0,0,0,0,0.0,1.611942,1.2996031,1.611942,0.0,141770752,121667584,0,0,19.46440100000001,46.95095290000004,138.44327357999995,69120,133888,677600,141168,604496,0,0,0,0,0,0,0,0.0,0,0,,084-n512-alias-flood-bounded-cold,284155904,0,0,,,512,0,0.0,512,0,
run-05,alias-flood,512,nginx-warm,requests,512,512,1.0,0.671358747,762.6325005638156,762.6325005638156,0.157625,0.080704,12,2,3.0,0.38462959999999996,1.1740607,0.30392559999999996,0.06873920573271892,54468608,32264192,241671,266240,1.5957085000000006,19.643031099999966,115.80903815999986,7517708,133888,7517708,133888,0,227040,174597,0,0,0,0,500,0.9765625,0,0,,085-n512-alias-flood-nginx-warm,272650240,11204,0,512,,,,,,,
run-05,repeat-burst,32,anubis-d5-nosolve,requests,32,0,0.0,0.519845489,61.55675229875852,0.0,0.0,0,0,0,0.0,0.022697600000000005,0.9458948,0.022697600000000005,0.0,56705024,27090944,0,0,11.719899999999981,72.52991639999999,81.52893845,140897,10128,140897,10128,0,0,0,0,0,32,0,0,0.0,0,0,,086-n32-repeat-burst-anubis-d5-nosolve,253280256,0,0,,32,,,,,,
run-05,alias-flood,128,anubis-d5-solve,requests,128,128,1.0,5.185366041,24.68485329442917,24.68485329442917,7.2387109375,0.9265549999999999,128,2,32.0,4.114148200000001,8.5286171,3.1875932000000007,0.10864070799942466,92516352,48287744,0,0,79.33330150000006,2178.858416549998,3333.3428216000007,1962458,123546,1962458,123546,0,2424320,1862368,0,0,16,7772902,0,0.0,0,0,,087-n128-alias-flood-anubis-d5-solve,562343936,11648,31528.007929,128,,,,,,,
run-05,ref-update,256,bounded-cold,after-publication,32,0,0.0,0.370271254,86.42312805627628,0.0,0.0,0,0,0,0.0,0.18339179999999988,0.4024411,0.18339179999999988,0.0,96464896,76054528,0,0,7.973495,9.58610655,10.414309670000012,4320,7136,156440,8956,151124,0,0,0,0,0,0,0,0.0,0,0,,088-n256-ref-update-bounded-cold,79187968,0,0,,,32,0,0.0,32,0,
run-05,ref-update,256,bounded-cold,requests,32,0,0.0,0.420304151,76.13534133285303,0.0,0.0,0,0,0,0.0,0.31846399999999986,0.33873,0.31846399999999986,0.0,95170560,74285056,0,0,7.558435000000003,65.77624045,66.86452669,4320,7136,156440,8956,151124,0,0,0,0,0,0,0,0.0,0,0,,088-n256-ref-update-bounded-cold,78675968,0,0,,,32,0,0.0,32,0,
run-05,large-plain,256,anubis-d4-solve,requests,32,32,1.0,1.020965755,31.342873003610194,31.342873003610194,7.020874999999999,0.22466799999999998,32,2,32.0,1.1489222000000001,1.4435825,0.9242542000000001,0.15563225517072976,137699328,113278976,0,0,120.7043055,472.9816093999999,525.5813326199999,131443077,37105,131443077,37105,0,604096,131396512,0,0,8,481187,0,0.0,0,0,,089-n256-large-plain-anubis-d4-solve,361164800,10128,1828.243984,32,,,,,,,
run-05,unique-crawl,128,bounded-cold,requests,128,0,0.0,0.82217258,155.68507526728754,0.0,0.0,0,0,0,0.0,0.5643620999999999,1.0231226,0.5643620999999999,0.0,100249600,79814656,0,0,24.871001500000034,113.36762094999997,116.38966598000002,17280,32963,625760,40243,604496,0,0,0,0,0,0,0,0.0,0,0,,090-n128-unique-crawl-bounded-cold,270168064,0,0,,,128,0,0.0,128,0,
run-05,human-mix,256,anubis-d4-solve,requests,40,40,1.0,5.800159908,6.896361589070864,6.896361589070864,5.073175,0.202927,40,1,2.0,1.0305212000000001,0.3008046,0.8275942000000002,0.6746140185356209,78254080,39849984,0,0,25.7070769999998,57.95678374999995,114.51963718000003,8595746,35927,8595746,35927,0,756722,8580527,0,0,2,59968,0,0.0,0,0,,091-n256-human-mix-anubis-d4-solve,89341952,11508,77.82578000000001,40,,,,,,,
run-05,unique-crawl,32,bounded-cold,requests,32,0,0.0,0.720171048,44.43388843368222,0.0,0.0,0,0,0,0.0,0.2969047,0.9223821,0.2969047,0.0,97239040,76849152,0,0,83.602979,149.7786891,150.20003562,4320,8267,612800,15547,604496,0,0,0,0,0,0,0,0.0,0,0,,092-n32-unique-crawl-bounded-cold,265334784,0,0,,,32,0,0.0,32,0,
run-05,comparisons,256,anubis-d4-solve,requests,64,64,1.0,65.520498411,0.9767935463271028,0.9767935463271028,1225.95578125,78.46117,64,2,4.0,116.2078959,2.527827,37.7467259,31.038979328886036,1079930880,526217216,0,0,1704.9594359999974,8412.310803399998,15504.167219859992,546029144,60970,546029144,60970,0,1208192,545999988,0,0,4,177682,0,0.0,0,0,,093-n256-comparisons-anubis-d4-solve,501407744,391336,288.4769029999999,64,,,,,,,
run-05,human-mix,256,anubis-d5-nosolve,requests,40,0,0.0,5.205444702,7.684261823899786,0.0,0.0,0,0,0,0.0,0.0348624,0.2192867,0.0348624,0.0,57516032,27111424,0,0,1.7572849999996834,2.926073600000078,9.507547920000002,176194,15442,176194,15442,0,0,0,0,0,40,0,0,0.0,0,0,,094-n256-human-mix-anubis-d5-nosolve,46911488,0,0,,40,,,,,,
run-05,alias-flood,512,anubis-d5-nosolve,requests,512,0,0.0,0.720736004,710.3849358967226,0.0,0.0,0,0,0,0.0,0.147453,1.2706659,0.147453,0.0,58798080,30568448,0,0,5.7127929999999765,15.898366849999984,43.01547089999994,2254881,197872,2254881,197872,0,0,0,0,0,512,0,0,0.0,0,0,,095-n512-alias-flood-anubis-d5-nosolve,299274240,0,0,,512,,,,,,
run-05,alias-flood,128,nginx-cold,requests,128,128,1.0,0.669800575,191.10165738511049,191.10165738511049,0.84653125,0.108356,16,2,4.0,0.49231969999999997,0.9652908,0.38396369999999996,0.1122521834870901,59351040,33648640,241671,266240,0.587892499999981,159.81341739999982,242.2308386,1879440,33472,1879440,33472,0,302720,232796,0,0,0,0,112,0.875,0,0,,096-n128-alias-flood-nginx-cold,254341120,11516,0,128,,,,,,,
run-05,repeat-burst,128,bounded-cold,requests,128,0,0.0,0.820546076,155.99367755674942,0.0,0.0,0,0,0,0.0,0.5807832,1.0563069,0.5807832,0.0,97632256,77725696,0,0,26.02368150000001,94.17313530000003,95.95542895,17280,32256,625760,39536,604496,0,0,0,0,0,0,0,0.0,0,0,,097-n128-repeat-burst-bounded-cold,264450048,0,0,,,128,0,0.0,128,0,
run-05,repeat-burst,128,bounded-warm,requests,128,128,1.0,0.820746502,155.95558395690853,155.95558395690853,0.0,0.0,0,0,0.0,0.6083315,1.0538551,0.6083315,0.0,113803264,93433856,59108,81920,26.605027000000007,103.78657985,106.19012326000001,1837088,32256,2445568,39536,604496,0,0,0,0,0,0,0,0.0,0,0,,098-n128-repeat-burst-bounded-warm,273145856,0,0,128,,128,128,1.0,,0,
run-05,repeat-burst,512,bounded-cold,requests,512,0,0.0,1.272380857,402.39523974542163,0.0,0.0,0,0,0,0.0,1.4741663999999999,1.3439221,1.4741663999999999,0.0,137469952,117399552,0,0,17.01151950000002,43.94025779999993,127.57736431000002,69120,129024,677600,136304,604496,0,0,0,0,0,0,0,0.0,0,0,,099-n512-repeat-burst-bounded-cold,286015488,0,0,,,512,0,0.0,512,0,
run-05,repeat-burst,512,nginx-warm,requests,512,512,1.0,0.670161009,763.995507234889,763.995507234889,0.0,0.0,0,0,0.0,0.020041000000000003,1.1827982,0.020041000000000003,0.0,30048256,22597632,60076,69632,1.162264499999992,27.559988700000012,44.074543789999986,7434368,129024,7434368,129024,0,0,0,0,0,0,0,512,1.0,0,0,,100-n512-repeat-burst-nginx-warm,286355456,0,0,512,,,,,,,
run-05,large-plain,256,bounded-cold,requests,32,0,0.0,0.420457827,76.10751410747314,0.0,0.0,0,0,0,0.0,0.2703818,0.5056588,0.2703818,0.0,94617600,73637888,0,0,16.156470999999982,58.93983364999998,60.72710176000001,4320,10048,308560,13688,302248,0,0,0,0,0,0,0,0.0,0,0,,101-n256-large-plain-bounded-cold,140627968,0,0,,,32,0,0.0,32,0,
run-05,human-mix,256,bounded-cold,requests,40,7,0.175,6.16639463,6.486772644325555,1.1351852127569722,0.0,0,0,0,0.0,0.4544820999999999,0.3265747,0.4544820999999999,0.0,98639872,77430784,0,0,4.008787000000098,275.5078048499994,466.88928165,284481,19812,360541,20722,75562,0,0,0,0,0,0,0,0.0,38,22,,102-n256-human-mix-bounded-cold,65888256,0,0,7,,33,0,0.0,33,0,
run-05,unique-crawl,512,anubis-d5-nosolve,requests,512,0,0.0,0.671105075,762.920769150792,0.0,0.0,0,0,0,0.0,0.1441526,1.241082,0.1441526,0.0,61018112,31019008,0,0,5.4176960000000065,16.94140215,42.211005769999936,2254450,195696,2254450,195696,0,0,0,0,0,512,0,0,0.0,0,0,,103-n512-unique-crawl-anubis-d5-nosolve,292532224,0,0,,512,,,,,,
run-05,unique-crawl,512,bounded-cold,requests,512,0,0.0,1.274654209,401.6775658722985,0.0,0.0,0,0,0,0.0,1.4082618999999998,1.3318129,1.4082618999999998,0.0,136536064,118497280,0,0,17.447366500000044,39.64758514999999,149.68492668999997,69120,131712,677600,138992,604496,0,0,0,0,0,0,0,0.0,0,0,,104-n512-unique-crawl-bounded-cold,282411008,0,0,,,512,0,0.0,512,0,
run-05,unique-crawl,128,nginx-warm,requests,128,128,1.0,0.569846781,224.62178302626933,224.62178302626933,0.0,0.0,0,0,0.0,0.007143399999999911,1.0105065,0.007143399999999911,0.0,30040064,29310976,1342795,1589248,1.2753550000000047,39.89553434999998,73.01759262,1292601,32963,1292601,32963,0,0,0,0,0,0,0,128,1.0,0,0,,105-n128-unique-crawl-nginx-warm,259256320,0,0,128,,,,,,,
run-05,repeat-burst,32,cgit,requests,32,32,1.0,0.972847109,32.89314395238646,32.89314395238646,6.9820312499999995,0.22342499999999998,32,2,8.0,0.9605776,0.9294684,0.7371526,0.24037933941595002,57106432,36012032,0,0,222.623562,290.3750644,352.3785379800001,464104,8064,464104,8064,0,604672,460384,0,0,0,0,0,0.0,0,0,,106-n32-repeat-burst-cgit,257413120,11456,0,32,,,,,,,
run-05,session-churn,256,bounded-warm,requests,128,128,1.0,0.569550538,224.73861661070015,224.73861661070015,0.0,0.0,0,0,0.0,0.5646626000000001,0.6208872,0.5646626000000001,0.0,116805632,99618816,333698,499712,12.974842499999994,39.738837599999975,46.573515559999976,1280424,32256,1584664,35896,302248,0,0,0,0,0,0,0,0.0,0,0,,107-n256-session-churn-bounded-warm,148152320,0,0,128,,128,128,1.0,,0,
run-05,repeat-burst,128,anubis-d4-solve,requests,128,128,1.0,2.677033491,47.814119782336334,47.814119782336334,7.204546874999999,0.922182,128,2,32.0,4.007447999999999,2.639145,3.0852659999999994,0.34942452953513353,105603072,54001664,0,0,209.85941349999996,645.5178686999993,864.02691802,1941235,121959,1941235,121959,0,2424832,1841536,0,0,16,1458664,0,0.0,0,0,,108-n128-repeat-burst-anubis-d4-solve,441155584,11796,6291.880159,128,,,,,,,
run-05,repeat-burst,128,nginx-cold,requests,128,128,1.0,0.973516266,131.48213796768755,131.48213796768755,0.21200781249999998,0.027136999999999998,4,2,1.0,0.12748469999999998,0.9156874,0.10034769999999998,0.02963565950563478,60923904,28803072,60076,69632,0.6396335000000306,507.10974219999997,538.77196767,1858596,32256,1858596,32256,0,75696,57548,0,0,0,0,124,0.96875,0,0,,109-n128-repeat-burst-nginx-cold,250372096,11712,0,128,,,,,,,
run-05,large-plain,256,anubis-d5-nosolve,requests,32,0,0.0,0.320332858,99.896089960275,0.0,0.0,0,0,0,0.0,0.016172900000000004,0.4815856,0.016172900000000004,0.0,54943744,25251840,0,0,3.0230674999999962,18.794572950000003,32.09302163000003,140921,13144,140921,13144,0,0,0,0,0,32,0,0,0.0,0,0,,110-n256-large-plain-anubis-d5-nosolve,137318400,0,0,,32,,,,,,
run-05,unique-crawl,32,anubis-d5-solve,requests,32,32,1.0,5.749309947,5.565885348849153,5.565885348849153,4.4161875,0.141318,32,2,1.0,0.8831896,10.3210818,0.7418716000000001,0.013692169361548902,76300288,47169536,0,0,155.1616875000002,4469.4562487,5028.622026790001,375267,41460,375267,41460,0,606080,286542,0,0,16,10350466,0,0.0,0,0,,111-n32-unique-crawl-anubis-d5-solve,625725440,14612,47126.830065,32,,,,,,,
run-06,comparisons,256,anubis-d4-solve,requests,64,64,1.0,65.327428462,0.9796803809173027,0.9796803809173027,1237.000703125,79.16804499999999,64,2,4.0,119.1486354,2.7880505,39.98059040000001,28.395484586810742,1024618496,524619776,0,0,1743.4378060000017,10870.30581595,14626.30007055,546029142,60956,546029142,60956,0,1208192,545999988,0,0,4,242899,0,0.0,0,0,,000-n256-comparisons-anubis-d4-solve,598556672,391680,515.783775,64,,,,,,,
run-06,repeat-burst,128,nginx-warm,requests,128,128,1.0,0.570201491,224.4820506791695,224.4820506791695,0.0,0.0,0,0,0.0,0.006398700000000007,1.0162417,0.006398700000000007,0.0,30638080,22401024,60076,69632,0.6391079999999931,22.090098049999963,53.79576204000003,1858592,32256,1858592,32256,0,0,0,0,0,0,0,128,1.0,0,0,,001-n128-repeat-burst-nginx-warm,262070272,0,0,128,,,,,,,
run-06,alias-flood,32,cgit,requests,32,32,1.0,0.970010731,32.98932576447961,32.98932576447961,6.708625,0.21467599999999998,32,2,8.0,0.9343391,0.9049452,0.7196631,0.23722541431238045,64999424,34832384,0,0,230.2746855,292.83902535,295.57964874,469312,8368,469312,8368,0,604544,465592,0,0,0,0,0,0.0,0,0,,002-n32-alias-flood-cgit,260333568,11740,0,32,,,,,,,
run-06,human-mix,256,cgit,requests,40,40,1.0,5.700770306,7.016595627068227,7.016595627068227,5.880625,0.235225,40,2,2.3529411764705883,1.0743622,0.199906,0.8391371999999999,1.1766780386781788,53784576,26976256,0,0,26.773311499999977,38.216829099999984,47.51289536,459762,10608,459762,10608,0,754838,455114,0,0,0,0,0,0.0,0,0,,003-n256-human-mix-cgit,48746496,11408,0,40,,,,,,,
run-06,repeat-burst,32,cgit,requests,32,32,1.0,0.920930042,34.747481937395634,34.747481937395634,6.875406249999999,0.220013,32,2,8.0,0.9523829,0.8826944,0.7323699,0.24925160961709963,51617792,35942400,0,0,215.64728049999997,310.2631906,419.33370978000016,464104,8064,464104,8064,0,604672,460384,0,0,0,0,0,0.0,0,0,,004-n32-repeat-burst-cgit,259137536,11576,0,32,,,,,,,
run-06,large-plain,256,bounded-warm,requests,32,32,1.0,1.022121621,31.307428922883535,31.307428922883535,0.0,0.0,0,0,0.0,1.3199003999999999,1.1361596,1.3199003999999999,0.0,178315264,164171776,4106402,4112384,125.1687665,334.3093227,338.71880937000003,131455744,10048,131759984,13688,302248,0,0,0,0,0,0,0,0.0,0,0,,005-n256-large-plain-bounded-warm,330432512,0,0,32,,32,32,1.0,,0,
run-06,comparisons,256,nginx-cold,requests,64,64,1.0,17.009344282,3.7626376971937403,3.7626376971937403,315.254046875,20.176258999999998,16,2,1.0,31.1642165,2.1071238,10.9879575,9.575260362015747,985243648,483323904,136509511,136548352,8.264612499999203,5727.6287340499875,12004.44765937999,546008624,19200,546008624,19200,0,301728,136499997,0,0,0,0,48,0.75,0,0,,006-n256-comparisons-nginx-cold,474357760,391284,0,64,,,,,,,
run-06,repeat-burst,512,nginx-cold,requests,512,512,1.0,1.122111058,456.28282187376857,456.28282187376857,0.053958984375,0.027627,4,2,1.0,0.1462728,1.247388,0.11864580000000001,0.022147880210487834,61616128,30355456,60076,69632,0.7215114999999628,20.631072300000035,523.73170503,7434372,129024,7434372,129024,0,75696,57548,0,0,0,0,508,0.9921875,0,0,,007-n512-repeat-burst-nginx-cold,262606848,11416,0,512,,,,,,,
run-06,session-churn,256,anubis-d5-nosolve,requests,128,0,0.0,0.369239318,346.65864050805123,0.0,0.0,0,0,0,0.0,0.0426259,0.5660077,0.0426259,0.0,56336384,25653248,0,0,1.793517499999993,13.004365099999974,27.40329561999999,563644,44640,563644,44640,0,0,0,0,0,128,0,0,0.0,0,0,,008-n256-session-churn-anubis-d5-nosolve,135606272,0,0,,128,,,,,,
run-06,repeat-burst,128,bounded-warm,requests,128,128,1.0,0.922549039,138.74601196132187,138.74601196132187,0.0,0.0,0,0,0.0,0.6274046,1.0790614,0.6274046,0.0,113668096,93765632,59108,81920,29.496041000000048,136.4017677,168.04805140000002,1837088,32256,2445568,39536,604496,0,0,0,0,0,0,0,0.0,0,0,,009-n128-repeat-burst-bounded-warm,272191488,0,0,128,,128,128,1.0,,0,
run-06,large-plain,256,bounded-cold,requests,32,0,0.0,0.420211392,76.15214772663755,0.0,0.0,0,0,0,0.0,0.2544381,0.4939405,0.2544381,0.0,98418688,77570048,0,0,14.864562500000005,63.858014149999995,64.77662018999999,4320,10048,308560,13688,302248,0,0,0,0,0,0,0,0.0,0,0,,010-n256-large-plain-bounded-cold,147128320,0,0,,,32,0,0.0,32,0,
run-06,alias-flood,32,bounded-cold,requests,32,0,0.0,0.720334287,44.42381902057093,0.0,0.0,0,0,0,0.0,0.29732420000000004,0.9490937,0.29732420000000004,0.0,96296960,75198464,0,0,72.92481800000002,138.19601170000004,140.50816276,4320,8368,612800,15648,604496,0,0,0,0,0,0,0,0.0,0,0,,011-n32-alias-flood-bounded-cold,265158656,0,0,,,32,0,0.0,32,0,
run-06,human-mix,256,anubis-d5-solve,requests,40,40,1.0,6.703016858,5.9674622408655145,5.9674622408655145,5.806299999999999,0.232252,40,2,2.3529411764705883,1.0693271,2.2068295,0.8370751,0.10524238505965232,81997824,43016192,0,0,25.83104400000002,96.55110824999768,1053.47905814,470470,36114,470470,36114,0,756598,455114,0,0,2,2249246,0,0.0,0,0,,012-n256-human-mix-anubis-d5-solve,105791488,11628,1998.550025,40,,,,,,,
run-06,alias-flood,512,cgit,requests,512,512,1.0,8.389487937,61.02875453720317,61.02875453720317,6.936955078124999,3.5517209999999997,512,2,128.0,15.221860699999999,1.5073024,11.6701397,2.356342695400737,78077952,47071232,0,0,249.90448749999973,279.94596654999964,291.3546769,7508992,133888,7508992,133888,0,9674752,7449472,0,0,0,0,0,0.0,0,0,,013-n512-alias-flood-cgit,292069376,11796,0,512,,,,,,,
run-06,unique-crawl,32,nginx-warm,requests,32,32,1.0,0.519629028,61.58239489268871,61.58239489268871,0.0,0.0,0,0,0.0,0.0026120000000000587,0.8637154,0.0026120000000000587,0.0,29949952,27566080,347873,413696,5.892408000000003,53.75050179999998,81.68894185000005,334986,8232,334986,8232,0,0,0,0,0,0,0,32,1.0,0,0,,014-n32-unique-crawl-nginx-warm,253177856,0,0,32,,,,,,,
run-06,comparisons,256,nginx-warm,requests,64,64,1.0,1.27411928,50.23077588151715,50.23077588151715,0.0,0.0,0,0,0.0,0.16690080000000052,2.1088728,0.16690080000000052,0.0,54501376,307372032,136509511,136548352,6.588667999999984,94.00921424999999,195.02858524999957,546008608,19200,546008608,19200,0,0,0,0,0,0,0,64,1.0,0,0,,015-n256-comparisons-nginx-warm,656945152,0,0,64,,,,,,,
run-06,session-churn,256,anubis-d4-solve,requests,128,128,1.0,2.375119013,53.89203627245773,53.89203627245773,4.7752421875,0.611231,128,2,4.0,3.6056713,2.795164,2.9944403,0.2186744677593157,97054720,52568064,0,0,107.2148264999999,268.55796764999974,383.2634709200001,1468303,136120,1468303,136120,0,2425344,1283832,0,0,32,2014606,0,0.0,0,0,,016-n256-session-churn-anubis-d4-solve,337584128,11500,3096.408981,128,,,,,,,
run-06,comparisons,256,bounded-warm,requests,64,28,0.4375,106.313360348,0.60199395250518,0.26337235422101624,0.0,0,0,0,0.0,5.3461,15.8747808,5.3461,0.0,191901696,171114496,0,0,186.1794005000047,50418.95618325,53690.64019019,11978345,1821872,12130465,1823692,151124,0,0,0,0,0,0,0,0.0,7388,24800,,017-n256-comparisons-bounded-warm,438525952,0,0,28,,0,0,,,0,36
run-06,large-plain,256,nginx-cold,requests,32,32,1.0,0.87339458,36.638651913777615,36.638651913777615,0.22671874999999997,0.007254999999999999,1,1,1.0,0.08459749999999999,0.7381767,0.0773425,0.00982827011472998,38952960,27635712,4107165,4112384,27.922556000000043,538.4678190999999,543.5552802,131400225,10048,131400225,10048,0,18858,4106141,0,0,0,0,31,0.96875,0,0,,018-n256-large-plain-nginx-cold,362258432,9952,0,32,,,,,,,
run-06,alias-flood,32,nginx-cold,requests,32,32,1.0,0.619375198,51.664968347667035,51.664968347667035,3.5177812499999996,0.11256899999999999,16,2,4.0,0.5028793,0.8299887,0.39031030000000005,0.13562714769490233,52097024,35020800,241671,266240,18.643992499999996,232.79517005,245.62734671999996,469872,8368,469872,8368,0,302656,232796,0,0,0,0,16,0.5,0,0,,019-n32-alias-flood-nginx-cold,253161472,11444,0,32,,,,,,,
run-06,alias-flood,128,cgit,requests,128,128,1.0,2.37402746,53.916815267166285,53.916815267166285,6.7776875,0.867544,128,2,32.0,3.7308441,1.0098755,2.8633001,0.8590603495183318,72757248,39800832,0,0,249.83741849999996,279.98431220000003,303.06525486000004,1877248,33472,1877248,33472,0,2418688,1862368,0,0,0,0,0,0.0,0,0,,020-n128-alias-flood-cgit,266469376,11676,0,128,,,,,,,
run-06,repeat-burst,128,cgit,requests,128,128,1.0,2.373515147,53.9284529790279,53.9284529790279,6.7798828124999995,0.867825,128,2,32.0,3.7345945,0.9719073,2.8667695,0.8929092311581567,74493952,39735296,0,0,239.98885,288.8201696,289.9973421000001,1856416,32256,1856416,32256,0,2419200,1841536,0,0,0,0,0,0.0,0,0,,021-n128-repeat-burst-cgit,266481664,11776,0,128,,,,,,,
run-06,unique-crawl,512,bounded-warm,requests,512,512,1.0,1.171715421,436.9661701328756,436.9661701328756,0.0,0.0,0,0,0.0,1.2654378000000008,1.394891,1.2654378000000008,0.0,181850112,178352128,5317361,8028160,14.471643500000027,46.22014779999995,85.21254424999997,5099908,131712,5708388,138992,604496,0,0,0,0,0,0,0,0.0,0,0,,022-n512-unique-crawl-bounded-warm,299241472,0,0,512,,512,512,1.0,,0,
run-06,repeat-burst,32,bounded-cold,requests,32,0,0.0,0.669616523,47.78854598245928,0.0,0.0,0,0,0,0.0,0.3093718000000001,0.9078013,0.3093718000000001,0.0,96378880,75612160,0,0,69.05309599999998,113.11164219999999,117.68604518,4320,8064,612800,15344,604496,0,0,0,0,0,0,0,0.0,0,0,,023-n32-repeat-burst-bounded-cold,269443072,0,0,,,32,0,0.0,32,0,
run-06,human-mix,256,anubis-d5-nosolve,requests,40,0,0.0,5.158619802,7.754012029437017,0.0,0.0,0,0,0,0.0,0.0365808,0.2185675,0.0365808,0.0,53465088,25387008,0,0,1.8862480000000232,3.118596900000006,8.976293180000003,176184,15510,176184,15510,0,0,0,0,0,40,0,0,0.0,0,0,,024-n256-human-mix-anubis-d5-nosolve,49061888,0,0,,40,,,,,,
run-06,large-plain,256,anubis-d5-solve,requests,32,32,1.0,3.180815285,10.06031382925777,10.06031382925777,7.2501875,0.232006,32,2,32.0,1.1869011999999999,5.4784798,0.9548951999999999,0.042348609188994364,85020672,58617856,0,0,42.87570649999998,2182.5223763,2659.7911457200007,131443064,37128,131443064,37128,0,604096,131396512,0,0,8,5247993,0,0.0,0,0,,025-n256-large-plain-anubis-d5-solve,296329216,10132,10181.858863,32,,,,,,,
run-06,human-mix,256,bounded-cold,requests,40,8,0.2,7.379469757,5.420443652073632,1.0840887304147264,0.0,0,0,0,0.0,0.5387970999999999,0.3816431,0.5387970999999999,0.0,100171776,79077376,0,0,4.49031100000002,356.7306666999992,1068.6146584799994,266209,25248,342269,26158,75562,0,0,0,0,0,0,0,0.0,60,90,,026-n256-human-mix-bounded-cold,65253376,0,0,8,,29,0,0.0,29,0,3
run-06,alias-flood,32,nginx-warm,requests,32,32,1.0,0.620060766,51.60784515755025,51.60784515755025,2.53840625,0.081229,12,2,3.0,0.36668300000000004,0.8565465,0.28545400000000004,0.09483314682857265,68304896,31531008,241671,266240,3.8708354999999983,146.59815559999998,149.64851185,469868,8368,469868,8368,0,226992,174597,0,0,0,0,20,0.625,0,0,,027-n32-alias-flood-nginx-warm,249856000,11484,0,32,,,,,,,
run-06,ref-update,256,cgit,after-publication,32,32,1.0,0.569332712,56.20615033270739,56.20615033270739,2.0556875000000003,0.06578200000000001,32,2,32.0,0.7338022000000001,0.29734190000000005,0.6680202000000001,0.22123353620865407,43528192,29458432,0,0,46.83425349999999,96.43548100000001,98.4638336,2213632,7136,2213632,7136,0,602560,2210464,0,0,0,0,0,0.0,0,0,,028-n256-ref-update-cgit,83525632,8360,0,32,,,,,,,
run-06,ref-update,256,cgit,requests,32,32,1.0,0.519679418,61.57642364046829,61.57642364046829,1.9487187499999998,0.062359,32,2,32.0,0.6821754999999999,0.2840066,0.6198165,0.21956884100580762,46276608,29089792,0,0,44.1572405,86.63895785,92.95573917000002,2213792,7136,2213792,7136,0,602560,2210624,0,0,0,0,0,0.0,0,0,,028-n256-ref-update-cgit,83525632,8424,0,32,,,,,,,
run-06,comparisons,256,bounded-cold,requests,64,28,0.4375,106.215547882,0.602548320619696,0.26361489027111695,0.0,0,0,0,0.0,5.3950463,16.066845,5.3950463,0.0,192000000,170713088,0,0,189.47764849999658,50286.70315754999,53811.205343010006,11978345,1821872,12130465,1823692,151124,0,0,0,0,0,0,0,0.0,7388,24800,,029-n256-comparisons-bounded-cold,433500160,0,0,28,,0,0,,,0,36
run-06,unique-crawl,512,bounded-cold,requests,512,0,0.0,1.321389,387.47106264695714,0.0,0.0,0,0,0,0.0,1.5904213,1.4101242,1.5904213,0.0,162787328,143380480,0,0,17.221112500000004,43.4165684,155.97304602,69120,131712,677600,138992,604496,0,0,0,0,0,0,0,0.0,0,0,,030-n512-unique-crawl-bounded-cold,285270016,0,0,,,512,0,0.0,512,0,
run-06,alias-flood,128,anubis-d5-solve,requests,128,128,1.0,6.691393515,19.129049832903156,19.129049832903156,6.901070312499999,0.8833369999999999,128,2,32.0,3.8807722,11.8916572,2.9974352,0.07428207735419753,96780288,51728384,0,0,70.06829500000003,4030.131781199995,5413.218281070001,1962452,123553,1962452,123553,0,2424320,1862368,0,0,16,11912327,0,0.0,0,0,,031-n128-alias-flood-anubis-d5-solve,580026368,11792,46945.059111,128,,,,,,,
run-06,comparisons,256,cgit,requests,64,64,1.0,64.820902718,0.9873358332948355,0.9873358332948355,1232.96346875,78.909662,64,2,4.0,117.708918,2.2909101,38.799256,34.444678558097934,966017024,506171392,0,0,2305.4254545000003,10478.490611649988,14317.258546279998,546007520,19200,546007520,19200,0,1205376,545999988,0,0,0,0,0,0.0,0,0,,032-n256-comparisons-cgit,502665216,391460,0,64,,,,,,,
run-06,alias-flood,32,anubis-d5-solve,requests,32,32,1.0,6.300583649,5.078894556868377,5.078894556868377,6.787375,0.217196,32,2,8.0,0.9780407,12.2233113,0.7608447,0.01776899848734115,77725696,40460288,0,0,469.118047,5696.1725981,5794.82665745,554507,41709,554507,41709,0,605952,465592,0,0,16,12320935,0,0.0,0,0,,033-n32-alias-flood-anubis-d5-solve,592195584,11588,58174.556886,32,,,,,,,
run-06,repeat-burst,512,bounded-cold,requests,512,0,0.0,1.273580435,402.01622601088405,0.0,0.0,0,0,0,0.0,1.4589812999999998,1.2951289,1.4589812999999998,0.0,139567104,122171392,0,0,17.10508199999998,40.62966245,131.07974281999995,69120,129024,677600,136304,604496,0,0,0,0,0,0,0,0.0,0,0,,034-n512-repeat-burst-bounded-cold,280027136,0,0,,,512,0,0.0,512,0,
run-06,ref-update,256,anubis-d5-solve,after-publication,32,32,1.0,4.637777479,6.899856697501549,6.899856697501549,2.3513124999999997,0.07524199999999999,32,1,32.0,0.7582342999999999,8.1047596,0.6829922999999999,0.009283680665864536,72237056,35561472,0,0,25.260728500000198,2092.3521816999983,4108.705422100001,2234582,29332,2234582,29332,0,603968,2210464,0,0,4,9001039,0,0.0,0,0,,035-n256-ref-update-anubis-d5-solve,196251648,8424,8989.455521,32,,,,,,,
run-06,ref-update,256,anubis-d5-solve,requests,32,32,1.0,2.630692759,12.164096278641104,12.164096278641104,2.3297187499999996,0.07455099999999999,32,1,32.0,0.752337,4.4262274,0.677786,0.016843011725967805,68399104,32645120,0,0,24.796881499999955,1786.1093187499998,2192.481618810001,2234749,29332,2234749,29332,0,603968,2210624,0,0,4,4718633,0,0.0,0,0,,035-n256-ref-update-anubis-d5-solve,159387648,8424,5839.304556,32,,,,,,,
run-06,session-churn,256,nginx-warm,requests,128,128,1.0,0.318925528,401.3476149203083,401.3476149203083,0.0,0.0,0,0,0.0,0.005289500000000058,0.5233324,0.005289500000000058,0.0,30011392,23404544,337941,401408,0.7157160000000005,17.447345849999977,28.368476330000018,1300888,32256,1300888,32256,0,0,0,0,0,0,0,128,1.0,0,0,,036-n256-session-churn-nginx-warm,140185600,0,0,128,,,,,,,
run-06,unique-crawl,32,nginx-cold,requests,32,32,1.0,0.870477498,36.76143274642121,36.76143274642121,4.817125,0.154148,32,2,1.0,0.8756205,0.8479635,0.7214725,0.18178612640756356,72736768,42065920,347873,413696,224.30163950000008,237.8741729,240.98842594,335018,8232,335018,8232,0,605440,330722,0,0,0,0,0,0.0,0,0,,037-n32-unique-crawl-nginx-cold,260935680,13356,0,32,,,,,,,
run-06,ref-update,256,nginx-cold,after-publication,32,0,0.0,0.219335134,145.8954587731485,0.0,0.0,0.0,0,0,0.0,0.002360100000000004,0.26259520000000003,0.002360100000000004,0.0,31002624,19632128,70015,73728,0.8275245000000027,10.585597899999996,14.702902679999998,2214336,7136,2214336,7136,0,0,0,0,0,0,0,32,1.0,0,0,32,038-n256-ref-update-nginx-cold,80084992,0,0,,,,,,,,
run-06,ref-update,256,nginx-cold,requests,32,32,1.0,0.673233662,47.53178845058998,47.53178845058998,0.0676875,0.002166,1,1,1.0,0.025882499999999996,0.2533455,0.023716499999999995,0.008549589394719859,31002624,19632128,70015,73728,0.8898060000000214,507.22568400000006,508.57693403,2214337,7136,2214337,7136,0,18854,69082,0,0,0,0,31,0.96875,0,0,,038-n256-ref-update-nginx-cold,78143488,8224,0,32,,,,,,,
run-06,alias-flood,128,nginx-warm,requests,128,128,1.0,0.569442251,224.7813536407224,224.7813536407224,0.655125,0.083856,12,2,3.0,0.38195700000000005,0.9556438,0.29810100000000006,0.08774817562778098,42196992,34500608,241671,266240,0.7869689999999991,87.02889914999994,151.40505617000005,1879436,33472,1879436,33472,0,227040,174597,0,0,0,0,116,0.90625,0,0,,039-n128-alias-flood-nginx-warm,260136960,11488,0,128,,,,,,,
run-06,alias-flood,128,bounded-cold,requests,128,0,0.0,0.821041539,155.89954213023077,0.0,0.0,0,0,0,0.0,0.5756456000000001,1.0237134,0.5756456000000001,0.0,96661504,76414976,0,0,22.381651000000005,111.22328544999998,121.34693767000003,17280,33472,625760,40752,604496,0,0,0,0,0,0,0,0.0,0,0,,040-n128-alias-flood-bounded-cold,267620352,0,0,,,128,0,0.0,128,0,
run-06,unique-crawl,512,cgit,requests,512,512,1.0,7.536934282,67.93213007346745,67.93213007346745,4.735525390625,2.424589,512,2,1.0,13.5864025,1.3984822,11.161813500000001,1.733728895512578,72146944,50388992,0,0,219.95029099999977,249.84523714999963,272.5013434899999,5172820,131712,5172820,131712,0,9676800,5113281,0,0,0,0,0,0.0,0,0,,041-n512-unique-crawl-cgit,301056000,14556,0,512,,,,,,,
run-06,repeat-burst,128,anubis-d5-nosolve,requests,128,0,0.0,0.570544281,224.34717911053778,0.0,0.0,0,0,0,0.0,0.0464568,0.9803681,0.0464568,0.0,58667008,29364224,0,0,5.3419355000000195,50.85999914999997,98.51882320000006,563571,46704,563571,46704,0,0,0,0,0,128,0,0,0.0,0,0,,042-n128-repeat-burst-anubis-d5-nosolve,254652416,0,0,,128,,,,,,
run-06,repeat-burst,32,bounded-warm,requests,32,32,1.0,0.721712134,44.33900788482517,44.33900788482517,0.0,0.0,0,0,0.0,0.26599300000000015,0.953442,0.26599300000000015,0.0,97669120,77811712,59108,81920,77.50099549999999,157.0469551,157.96385113999995,459272,8064,1067752,15344,604496,0,0,0,0,0,0,0,0.0,0,0,,043-n32-repeat-burst-bounded-warm,265547776,0,0,32,,32,32,1.0,,0,
run-06,session-churn,256,cgit,requests,128,128,1.0,2.023513575,63.25630901685451,63.25630901685451,4.54284375,0.581484,128,2,4.0,3.3148491,0.5851899,2.7333651,0.9936671839346509,62803968,35536896,0,0,109.83696950000001,152.22902635,158.36979679,1298712,32256,1298712,32256,0,2419712,1283832,0,0,0,0,0,0.0,0,0,,044-n256-session-churn-cgit,144658432,11608,0,128,,,,,,,
run-06,repeat-burst,32,anubis-d5-nosolve,requests,32,0,0.0,0.519511393,61.596339235624804,0.0,0.0,0,0,0,0.0,0.020580300000000003,0.8914682,0.020580300000000003,0.0,54980608,25268224,0,0,13.127042500000002,52.00551109999998,65.08021612,140941,10128,140941,10128,0,0,0,0,0,32,0,0,0.0,0,0,,045-n32-repeat-burst-anubis-d5-nosolve,252887040,0,0,,32,,,,,,
run-06,alias-flood,32,anubis-d4-solve,requests,32,32,1.0,1.221775966,26.191381145567565,26.191381145567565,7.11340625,0.227629,32,2,8.0,1.0351911,2.0106073,0.8075621000000001,0.11321405229156384,78581760,43941888,0,0,138.33155399999995,733.9237327,742.0135414399999,554478,41707,554478,41707,0,605952,465592,0,0,16,868451,0,0.0,0,0,,046-n32-alias-flood-anubis-d4-solve,347344896,11524,5609.346903,32,,,,,,,
run-06,alias-flood,128,anubis-d4-solve,requests,128,128,1.0,2.725320866,46.96694675363778,46.96694675363778,6.9361015625,0.887821,128,2,32.0,3.8848214000000003,2.0710045,2.9970004,0.4286910047757018,102539264,55836672,0,0,239.5495585,588.9698037999992,802.8806931200003,1962412,123574,1962412,123574,0,2424320,1862368,0,0,16,821643,0,0.0,0,0,,047-n128-alias-flood-anubis-d4-solve,418140160,11772,5571.673375,128,,,,,,,
run-06,alias-flood,512,nginx-warm,requests,512,512,1.0,0.6701707,763.9844594817409,763.9844594817409,0.16335546874999998,0.08363799999999999,12,2,3.0,0.3920545,1.1816348,0.3084165,0.07078159851080891,78848000,32616448,241671,266240,1.2061910000000466,18.1364961,135.30518314999978,7517708,133888,7517708,133888,0,227040,174597,0,0,0,0,500,0.9765625,0,0,,048-n512-alias-flood-nginx-warm,268709888,11236,0,512,,,,,,,
run-06,unique-crawl,512,anubis-d5-nosolve,requests,512,0,0.0,0.670298598,763.8386855166897,0.0,0.0,0,0,0,0.0,0.1487829,1.286006,0.1487829,0.0,60612608,32686080,0,0,5.4302955,18.958659899999983,43.93699935999995,2254697,195696,2254697,195696,0,0,0,0,0,512,0,0,0.0,0,0,,049-n512-unique-crawl-anubis-d5-nosolve,291753984,0,0,,512,,,,,,
run-06,alias-flood,32,anubis-d5-nosolve,requests,32,0,0.0,0.519269379,61.62504721850737,0.0,0.0,0,0,0,0.0,0.018462199999999998,0.8645081,0.018462199999999998,0.0,52129792,23834624,0,0,12.546520999999984,70.97432575,74.27641750000001,140943,10432,140943,10432,0,0,0,0,0,32,0,0,0.0,0,0,,050-n32-alias-flood-anubis-d5-nosolve,252178432,0,0,,32,,,,,,
run-06,unique-crawl,128,nginx-cold,requests,128,128,1.0,2.373973524,53.9180402418001,53.9180402418001,5.1233203125,0.655785,128,2,1.0,3.5924187,0.9537774,2.9366337000000002,0.6875660924656004,68468736,44769280,1383613,1622016,244.62146999999993,270.12822509999995,281.43582483999995,1333561,32949,1333561,32949,0,2422272,1316372,0,0,0,0,0,0.0,0,0,,051-n128-unique-crawl-nginx-cold,264642560,14524,0,128,,,,,,,
run-06,unique-crawl,32,anubis-d5-nosolve,requests,32,0,0.0,0.520213514,61.51320398031797,0.0,0.0,0,0,0,0.0,0.019466299999999992,0.9631625,0.019466299999999992,0.0,57307136,28966912,0,0,30.477910500000007,76.76968980000001,123.1913620200001,140910,10296,140910,10296,0,0,0,0,0,32,0,0,0.0,0,0,,052-n32-unique-crawl-anubis-d5-nosolve,256262144,0,0,,32,,,,,,
run-06,ref-update,256,bounded-warm,after-publication,32,0,0.0,0.269423913,118.77193692157533,0.0,0.0,0.0,0,0,0.0,0.1258948999999998,0.27729680000000007,0.1258948999999998,0.0,100655104,80207872,138685,147456,4.592252500000001,7.726749799999998,7.864694980000003,4320,7136,156440,8956,151124,0,0,0,0,0,0,0,0.0,0,0,,053-n256-ref-update-bounded-warm,85999616,0,0,,,32,0,0.0,32,0,
run-06,ref-update,256,bounded-warm,after-update-preparation,32,32,1.0,0.319767079,100.07284083174804,100.07284083174804,0.0,0.0,0,0,0.0,0.18729010000000001,0.2999451999999999,0.18729010000000001,0.0,108666880,87818240,138685,147456,8.158804000000003,14.461650800000001,16.303103850000007,2206752,7136,2358872,8956,151124,0,0,0,0,0,0,0,0.0,0,0,,053-n256-ref-update-bounded-warm,86622208,0,0,32,,32,32,1.0,,0,
run-06,ref-update,256,bounded-warm,requests,32,32,1.0,0.369729281,86.54981264521486,86.54981264521486,0.0,0.0,0,0,0.0,0.29038720000000007,0.305745,0.29038720000000007,0.0,99876864,79544320,138685,147456,14.587738500000015,33.37678945,39.51884638999999,2206912,7136,2359032,8956,151124,0,0,0,0,0,0,0,0.0,0,0,,053-n256-ref-update-bounded-warm,85999616,0,0,32,,32,32,1.0,,0,
run-06,repeat-burst,512,anubis-d5-nosolve,requests,512,0,0.0,0.720878036,710.2449713143986,0.0,0.0,0,0,0,0.0,0.1441483,1.3109075,0.1441483,0.0,61984768,32022528,0,0,5.472472500000009,16.454927249999997,42.905012429999864,2254634,193008,2254634,193008,0,0,0,0,0,512,0,0,0.0,0,0,,054-n512-repeat-burst-anubis-d5-nosolve,279371776,0,0,,512,,,,,,
run-06,large-plain,256,cgit,requests,32,32,1.0,0.819758856,39.03586983633636,39.03586983633636,6.6845,0.21390399999999998,32,2,32.0,1.0514858,0.7285173,0.8375818,0.293615539397623,89370624,85872640,0,0,135.81880149999998,151.3699345,216.0459976400001,131399680,10048,131399680,10048,0,602688,131396512,0,0,0,0,0,0.0,0,0,,055-n256-large-plain-cgit,384159744,10072,0,32,,,,,,,
run-06,alias-flood,512,bounded-cold,requests,512,0,0.0,1.223211691,418.57023094786626,0.0,0.0,0,0,0,0.0,1.5318575,1.3007886,1.5318575,0.0,142790656,122925056,0,0,18.393834500000025,43.36656649999996,86.08361977999999,69120,133888,677600,141168,604496,0,0,0,0,0,0,0,0.0,0,0,,056-n512-alias-flood-bounded-cold,283013120,0,0,,,512,0,0.0,512,0,
run-06,alias-flood,512,anubis-d5-nosolve,requests,512,0,0.0,0.722435792,708.713501836022,0.0,0.0,0,0,0,0.0,0.14692080000000002,1.2898639,0.14692080000000002,0.0,61530112,30806016,0,0,5.505111499999998,19.571651349999993,42.00677817999989,2254753,197872,2254753,197872,0,0,0,0,0,512,0,0,0.0,0,0,,057-n512-alias-flood-anubis-d5-nosolve,290271232,0,0,,512,,,,,,
run-06,alias-flood,128,bounded-warm,requests,128,128,1.0,0.87042427,147.05472309497986,147.05472309497986,0.0,0.0,0,0,0.0,0.6536130999999998,1.0738483,0.6536130999999998,0.0,115113984,95416320,59759,81920,32.450706,101.29600454999999,107.58765296000001,1857920,33472,2466400,40752,604496,0,0,0,0,0,0,0,0.0,0,0,,058-n128-alias-flood-bounded-warm,275537920,0,0,128,,128,128,1.0,,0,
run-06,repeat-burst,128,anubis-d5-solve,requests,128,128,1.0,11.431366783,11.197261222547198,11.197261222547198,6.8795078125,0.8805769999999999,128,2,32.0,3.8801083,21.1261435,2.9995313,0.041681862096600825,82579456,45080576,0,0,69.94590549999975,7338.8197875999995,9929.7503534,1941204,121943,1941204,121943,0,2424832,1841536,0,0,16,22121729,0,0.0,0,0,,059-n128-repeat-burst-anubis-d5-solve,688222208,11828,103568.901945,128,,,,,,,
run-06,human-mix,256,anubis-d4-solve,requests,40,40,1.0,5.803117036,6.89284737010429,6.89284737010429,5.7636,0.230544,40,1,2.3529411764705883,1.0449677,0.33895,0.8144237,0.6801711166838768,70103040,36806656,0,0,25.639721500000064,37.99311669999991,143.28149772999996,470455,36107,470455,36107,0,756598,455114,0,0,2,111369,0,0.0,0,0,,060-n256-human-mix-anubis-d4-solve,68247552,11764,127.007737,40,,,,,,,
run-06,session-churn,256,anubis-d5-solve,requests,128,128,1.0,17.453761416,7.333662753213837,7.333662753213837,4.6816484375,0.599251,128,2,4.0,3.5631934,33.5693048,2.9639423999999996,0.0178511590743458,87326720,45051904,0,0,70.73418049999964,5929.060394649997,8976.807653180005,1468278,136114,1468278,136114,0,2425344,1283832,0,0,32,38532186,0,0.0,0,0,,061-n256-session-churn-anubis-d5-solve,390955008,11656,106119.405796,128,,,,,,,
run-06,unique-crawl,128,anubis-d4-solve,requests,128,128,1.0,2.526190408,50.669181386583745,50.669181386583745,5.2758046875,0.675303,128,2,1.0,3.6314593,1.8560682,2.9561563,0.36383522976149263,101777408,59584512,0,0,231.07026999999988,484.8069854499999,662.27628424,1416240,122837,1416240,122837,0,2424832,1316372,0,0,16,634558,0,0.0,0,0,,062-n128-unique-crawl-anubis-d4-solve,408702976,14560,4112.457647,128,,,,,,,
run-06,unique-crawl,128,cgit,requests,128,128,1.0,2.224888744,57.530966591109696,57.530966591109696,5.0762578125,0.6497609999999999,128,2,1.0,3.4388474,0.9927956,2.7890864000000004,0.6544761076700983,70356992,43651072,0,0,220.02452699999998,269.2186677,275.46452723,1331257,32949,1331257,32949,0,2419200,1316372,0,0,0,0,0,0.0,0,0,,063-n128-unique-crawl-cgit,266510336,14480,0,128,,,,,,,
run-06,unique-crawl,128,anubis-d5-solve,requests,128,128,1.0,11.435449437,11.19326360587536,11.19326360587536,5.1448828125,0.6585449999999999,128,2,1.0,3.6110116,20.4165762,2.9524666,0.03225540823049459,89227264,44687360,0,0,70.72283749999997,4513.143429,9031.554186800004,1416216,122857,1416216,122857,0,2424832,1316372,0,0,16,21775754,0,0.0,0,0,,064-n128-unique-crawl-anubis-d5-solve,734777344,14424,77530.364541,128,,,,,,,
run-06,session-churn,256,bounded-warm,requests,128,128,1.0,0.670312813,190.9556217896733,190.9556217896733,0.0,0.0,0,0,0.0,0.5885824999999998,0.5992374,0.5885824999999998,0.0,119054336,102006784,333698,499712,14.883643000000035,118.42740369999997,125.70927599,1280424,32256,1584664,35896,302248,0,0,0,0,0,0,0,0.0,0,0,,065-n256-session-churn-bounded-warm,145440768,0,0,128,,128,128,1.0,,0,
run-06,repeat-burst,512,bounded-warm,requests,512,512,1.0,1.373902411,372.66111180876294,372.66111180876294,0.0,0.0,0,0,0.0,1.6539909999999998,1.3615045,1.6539909999999998,0.0,165105664,147566592,59108,81920,22.02237299999996,48.741846799999976,131.31841688999995,7348352,129024,7956832,136304,604496,0,0,0,0,0,0,0,0.0,0,0,,066-n512-repeat-burst-bounded-warm,301895680,0,0,512,,512,512,1.0,,0,
run-06,comparisons,256,anubis-d5-nosolve,requests,64,0,0.0,0.519645897,123.16079154955784,0.0,0.0,0,0,0,0.0,0.025433300000000006,0.8009938,0.025433300000000006,0.0,56856576,27205632,0,0,1.3103380000000016,7.916826999999991,12.330867679999997,281803,26940,281803,26940,0,0,0,0,0,64,0,0,0.0,0,0,,067-n256-comparisons-anubis-d5-nosolve,366284800,0,0,,64,,,,,,
run-06,human-mix,256,nginx-cold,requests,40,40,1.0,5.450687061,7.3385244011167785,7.3385244011167785,2.12725,0.08509,17,2,1.0,0.4434671,0.2151609,0.3583771,0.39547148203972005,58601472,28995584,169822,208896,1.4108485000001565,28.564806699999842,46.584570819999996,460459,10608,460459,10608,0,321256,160393,0,0,0,0,23,0.575,0,0,,068-n256-human-mix-nginx-cold,48701440,11660,0,40,,,,,,,
run-06,alias-flood,128,anubis-d5-nosolve,requests,128,0,0.0,0.619252353,206.70086981486205,0.0,0.0,0,0,0,0.0,0.048105499999999995,1.060673,0.048105499999999995,0.0,56082432,25784320,0,0,7.250759499999987,40.556345299999975,57.30705239000003,563691,47920,563691,47920,0,0,0,0,0,128,0,0,0.0,0,0,,069-n128-alias-flood-anubis-d5-nosolve,265658368,0,0,,128,,,,,,
run-06,alias-flood,32,bounded-warm,requests,32,32,1.0,0.670988953,47.69080006001231,47.69080006001231,0.0,0.0,0,0,0.0,0.23000259999999995,0.9470025,0.23000259999999995,0.0,99954688,80289792,59759,81920,68.345459,120.64066465000002,122.91436468,464480,8368,1072960,15648,604496,0,0,0,0,0,0,0,0.0,0,0,,070-n32-alias-flood-bounded-warm,263364608,0,0,32,,32,32,1.0,,0,
run-06,repeat-burst,32,nginx-warm,requests,32,32,1.0,0.52197346,61.30579895767114,61.30579895767114,0.0,0.0,0,0,0.0,0.0029619000000000173,0.8842371,0.0029619000000000173,0.0,30322688,22618112,60076,69632,5.9642570000000035,56.12304845000001,59.596696200000004,464648,8064,464648,8064,0,0,0,0,0,0,0,32,1.0,0,0,,071-n32-repeat-burst-nginx-warm,252649472,0,0,32,,,,,,,
run-06,unique-crawl,512,nginx-cold,requests,512,512,1.0,8.04048594,63.67774333798537,63.67774333798537,4.6443515625,2.3779079999999997,512,2,1.0,13.743488999999999,1.3521338,11.365580999999999,1.7586336500130384,78036992,49860608,5380771,6344704,238.34796499999993,259.91290505000006,437.85723272999934,5182036,131712,5182036,131712,0,9689088,5113281,0,0,0,0,0,0.0,0,0,,072-n512-unique-crawl-nginx-cold,299233280,14688,0,512,,,,,,,
run-06,alias-flood,512,anubis-d5-solve,requests,512,512,1.0,10.577388892,48.405140931070534,48.405140931070534,7.268189453124999,3.721313,512,2,128.0,16.5275683,14.0605786,12.806255299999998,0.2646628638738949,105836544,59883520,0,0,125.36571800000002,189.98235989999998,5076.291787009991,7594116,450904,7594116,450904,0,9697280,7449472,0,0,16,12474008,0,0.0,0,0,,073-n512-alias-flood-anubis-d5-solve,721182720,11748,59468.240605,512,,,,,,,
run-06,repeat-burst,512,cgit,requests,512,512,1.0,8.289980273,61.76130498977847,61.76130498977847,6.88213671875,3.523654,512,2,128.0,15.0634251,1.4261795,11.5397711,2.4706946075160947,81391616,47329280,0,0,249.8390505000002,279.69604844999986,294.54561343,7425664,129024,7425664,129024,0,9676800,7366144,0,0,0,0,0,0.0,0,0,,074-n512-repeat-burst-cgit,289689600,11796,0,512,,,,,,,
run-06,unique-crawl,32,bounded-warm,requests,32,32,1.0,0.621796577,51.46377639193726,51.46377639193726,0.0,0.0,0,0,0.0,0.24206059999999985,0.9393167,0.24206059999999985,0.0,103862272,86380544,343482,520192,48.50625400000001,103.08443145,110.17933076999995,329890,8232,938370,15512,604496,0,0,0,0,0,0,0,0.0,0,0,,075-n32-unique-crawl-bounded-warm,265228288,0,0,32,,32,32,1.0,,0,
run-06,alias-flood,512,nginx-cold,requests,512,512,1.0,0.67008582,764.081233654519,764.081233654519,0.22368749999999998,0.11452799999999999,16,2,4.0,0.5297926000000001,1.1271286,0.4152646000000001,0.10161041073751477,68509696,36544512,241671,266240,0.40989449999997873,1.6421269000000032,195.4035759699997,7517712,133888,7517712,133888,0,302720,232796,0,0,0,0,496,0.96875,0,0,,076-n512-alias-flood-nginx-cold,262258688,11664,0,512,,,,,,,
run-06,repeat-burst,512,anubis-d4-solve,requests,512,512,1.0,8.588944135,59.61151824397097,59.61151824397097,6.871724609375,3.5183229999999996,512,2,128.0,15.2825081,2.4770652,11.764185099999999,1.4203594640948487,120741888,66953216,0,0,249.82072349999999,280.0313232500004,656.2388294599998,7510438,445673,7510438,445673,0,9699328,7366144,0,0,16,860736,0,0.0,0,0,,077-n512-repeat-burst-anubis-d4-solve,454565888,11768,5237.898515,512,,,,,,,
run-06,unique-crawl,32,bounded-cold,requests,32,0,0.0,0.670656325,47.71445344976057,0.0,0.0,0,0,0,0.0,0.3383885,0.9173721,0.3383885,0.0,94490624,75059200,0,0,79.41078449999998,131.7912114,144.82731520000002,4320,8232,612800,15512,604496,0,0,0,0,0,0,0,0.0,0,0,,078-n32-unique-crawl-bounded-cold,271609856,0,0,,,32,0,0.0,32,0,
run-06,alias-flood,512,anubis-d4-solve,requests,512,512,1.0,8.893088349,57.57280034866322,57.57280034866322,6.989529296875,3.578639,512,2,128.0,15.646272699999999,3.093715,12.067633699999998,1.1567448843865709,117141504,66306048,0,0,249.92641200000025,289.9862017500004,903.6828581199997,7594155,450936,7594155,450936,0,9697280,7449472,0,0,16,1485634,0,0.0,0,0,,079-n512-alias-flood-anubis-d4-solve,493723648,11672,7908.043309,512,,,,,,,
run-06,session-churn,256,bounded-cold,requests,128,0,0.0,0.620825847,206.1769828342859,0.0,0.0,0,0,0,0.0,0.6640066,0.5890467,0.6640066,0.0,97177600,76005376,0,0,10.146114000000011,48.51299675000001,71.56626885000004,17280,32256,321520,35896,302248,0,0,0,0,0,0,0,0.0,0,0,,080-n256-session-churn-bounded-cold,143380480,0,0,,,128,0,0.0,128,0,
run-06,session-churn,256,nginx-cold,requests,128,128,1.0,0.719495761,177.90236848942325,177.90236848942325,1.140328125,0.14596199999999998,32,2,1.0,0.8640497,0.5238974,0.7180877000000001,0.2786079869837109,53415936,31514624,337941,401408,0.5680955000000267,120.15194254999997,127.52476490000001,1300920,32256,1300920,32256,0,605696,320958,0,0,0,0,96,0.75,0,0,,081-n256-session-churn-nginx-cold,137277440,11532,0,128,,,,,,,
run-06,ref-update,256,nginx-warm,after-publication,32,0,0.0,0.16874448,189.63583282842794,0.0,0.0,0.0,0,0,0.0,0.0022969000000000045,0.25662910000000005,0.0022969000000000045,0.0,30146560,19566592,70015,73728,1.0947685000000078,8.374197649999994,8.981605230000001,2214336,7136,2214336,7136,0,0,0,0,0,0,0,32,1.0,0,0,32,082-n256-ref-update-nginx-warm,80224256,0,0,,,,,,,,
run-06,ref-update,256,nginx-warm,requests,32,32,1.0,0.21829753,146.58892384169442,146.58892384169442,0.0,0.0,0,0,0.0,0.002278199999999994,0.267038,0.002278199999999994,0.0,30146560,19566592,70015,73728,1.2457160000000016,9.423280200000002,13.072717840000003,2214336,7136,2214336,7136,0,0,0,0,0,0,0,32,1.0,0,0,,082-n256-ref-update-nginx-warm,78467072,0,0,32,,,,,,,
run-06,repeat-burst,32,nginx-cold,requests,32,32,1.0,0.923666371,34.64454374944435,34.64454374944435,0.81875,0.026199999999999998,4,2,1.0,0.12088949999999998,0.8469659,0.09468949999999998,0.030933949052730454,31182848,28446720,60076,69632,7.453368500000039,517.0716975,529.55995774,464652,8064,464652,8064,0,75680,57548,0,0,0,0,28,0.875,0,0,,083-n32-repeat-burst-nginx-cold,253419520,11396,0,32,,,,,,,
run-06,ref-update,256,bounded-cold,after-publication,32,0,0.0,0.269394456,118.78492406688576,0.0,0.0,0,0,0,0.0,0.15098339999999988,0.2773955,0.15098339999999988,0.0,96731136,76390400,0,0,4.103757999999999,8.684930299999989,9.52629664999999,4320,7136,156440,8956,151124,0,0,0,0,0,0,0,0.0,0,0,,084-n256-ref-update-bounded-cold,78901248,0,0,,,32,0,0.0,32,0,
run-06,ref-update,256,bounded-cold,requests,32,0,0.0,0.370668756,86.33044863376615,0.0,0.0,0,0,0,0.0,0.290516,0.2817695,0.290516,0.0,96104448,74739712,0,0,6.885601500000007,57.9313211,58.113231400000004,4320,7136,156440,8956,151124,0,0,0,0,0,0,0,0.0,0,0,,084-n256-ref-update-bounded-cold,78778368,0,0,,,32,0,0.0,32,0,
run-06,human-mix,256,bounded-warm,requests,40,37,0.925,7.366325284,5.4301158933181854,5.022857201319322,0.0,0.0,0,0,0.0,0.4743283999999999,0.3747337,0.4743283999999999,0.0,97759232,76656640,136296,200704,4.469647499999951,361.8454850499997,1059.6322511199996,634062,25248,710122,26158,75562,0,0,0,0,0,0,0,0.0,60,90,,085-n256-human-mix-bounded-warm,65560576,0,0,37,,29,29,1.0,,0,3
run-06,repeat-burst,128,anubis-d4-solve,requests,128,128,1.0,2.725548306,46.96302748266169,46.96302748266169,7.0352890625,0.900517,128,2,32.0,3.9597286,2.7516217,3.0592116000000003,0.32726773451452285,97726464,56606720,0,0,191.55447500000002,751.0501059999998,1091.4609563000004,1941207,121956,1941207,121956,0,2424832,1841536,0,0,16,1531210,0,0.0,0,0,,086-n128-repeat-burst-anubis-d4-solve,482738176,11768,7611.106286,128,,,,,,,
run-06,large-plain,256,anubis-d5-nosolve,requests,32,0,0.0,0.318894735,100.3465924264946,0.0,0.0,0,0,0,0.0,0.019017400000000004,0.4654045,0.019017400000000004,0.0,53710848,24125440,0,0,3.9906834999999887,18.969260699999992,23.577346430000013,140887,13144,140887,13144,0,0,0,0,0,32,0,0,0.0,0,0,,087-n256-large-plain-anubis-d5-nosolve,136454144,0,0,,32,,,,,,
run-06,unique-crawl,128,bounded-cold,requests,128,0,0.0,0.821413966,155.8288576749132,0.0,0.0,0,0,0,0.0,0.6243786000000001,1.0323356,0.6243786000000001,0.0,99504128,79843328,0,0,25.806959500000005,80.28787845000001,87.04923831,17280,32949,625760,40229,604496,0,0,0,0,0,0,0,0.0,0,0,,088-n128-unique-crawl-bounded-cold,272809984,0,0,,,128,0,0.0,128,0,
run-06,unique-crawl,32,anubis-d5-solve,requests,32,32,1.0,8.065656722,3.9674388711233326,3.9674388711233326,4.82340625,0.154349,32,1,1.0,0.9034871,14.9915781,0.7491381,0.010295713964896064,70193152,39706624,0,0,199.93020350000018,5768.039697149999,7347.779006710001,419439,41397,419439,41397,0,606080,330722,0,0,16,15982235,0,0.0,0,0,,089-n32-unique-crawl-anubis-d5-solve,505602048,13116,48271.038623,32,,,,,,,
run-06,unique-crawl,128,bounded-warm,requests,128,128,1.0,0.820995764,155.90823438158446,155.90823438158446,0.0,0.0,0,0,0.0,0.5072317000000002,1.0349292,0.5072317000000002,0.0,161447936,145612800,1367364,2052096,22.833439999999968,108.80149005000003,110.99369308000001,1313001,32949,1921481,40229,604496,0,0,0,0,0,0,0,0.0,0,0,,090-n128-unique-crawl-bounded-warm,270401536,0,0,128,,128,128,1.0,,0,
run-06,unique-crawl,512,anubis-d5-solve,requests,512,512,1.0,10.825268059,47.296750270708465,47.296750270708465,4.982666015625,2.551125,512,2,1.0,14.7292199,16.3653493,12.178094900000001,0.15588576529802514,104960000,58011648,0,0,80.58999499999982,119.71726059999969,6241.352823529993,5257802,448535,5257802,448535,0,9699328,5113281,0,0,16,15775303,0,0.0,0,0,,091-n512-unique-crawl-anubis-d5-solve,685862912,14608,71905.571266,512,,,,,,,
run-06,ref-update,256,anubis-d4-solve,after-publication,32,32,1.0,0.671252814,47.67205340907517,47.67205340907517,1.9927499999999998,0.06376799999999999,32,2,32.0,0.7203600000000001,0.5627229,0.6565920000000001,0.11332042822497536,87846912,47046656,0,0,47.11725000000001,156.48148505,182.28585119000005,2234585,29340,2234585,29340,0,603968,2210464,0,0,4,214680,0,0.0,0,0,,092-n256-ref-update-anubis-d4-solve,143413248,8420,471.045134,32,,,,,,,
run-06,ref-update,256,anubis-d4-solve,requests,32,32,1.0,0.720232444,44.43010068010766,44.43010068010766,2.1809062499999996,0.06978899999999999,32,2,32.0,0.7771143,0.806853,0.7073253,0.0864953095545285,72732672,41836544,0,0,31.584931499999982,257.3539393,304.7601543100001,2234758,29342,2234758,29342,0,603968,2210624,0,0,4,425005,0,0.0,0,0,,092-n256-ref-update-anubis-d4-solve,143413248,8360,689.682614,32,,,,,,,
run-06,repeat-burst,512,anubis-d5-solve,requests,512,512,1.0,9.847670239,51.99199278346185,51.99199278346185,7.31075390625,3.743106,512,2,128.0,16.340112,11.1457097,12.597006,0.33583379620949577,112168960,60444672,0,0,150.3028015,249.99019855,3906.087243919999,7510455,445699,7510455,445699,0,9699328,7366144,0,0,16,9659951,0,0.0,0,0,,093-n512-repeat-burst-anubis-d5-solve,648962048,11772,42368.093124,512,,,,,,,
run-06,repeat-burst,128,bounded-cold,requests,128,0,0.0,0.871408395,146.88864685541617,0.0,0.0,0,0,0,0.0,0.6273061000000001,1.0349413,0.6273061000000001,0.0,97624064,77254656,0,0,23.777179000000018,135.25801179999996,139.12097191,17280,32256,625760,39536,604496,0,0,0,0,0,0,0,0.0,0,0,,094-n128-repeat-burst-bounded-cold,268034048,0,0,,,128,0,0.0,128,0,
run-06,alias-flood,512,bounded-warm,requests,512,512,1.0,1.374310928,372.5503374590062,372.5503374590062,0.0,0.0,0,0,0.0,1.6555376000000002,1.3892252,1.6555376000000002,0.0,172998656,153985024,59759,81920,19.62934200000001,50.84329459999997,106.50125028,7431680,133888,8040160,141168,604496,0,0,0,0,0,0,0,0.0,0,0,,095-n512-alias-flood-bounded-warm,303218688,0,0,512,,512,512,1.0,,0,
run-06,repeat-burst,512,nginx-warm,requests,512,512,1.0,0.671829468,762.0981579212302,762.0981579212302,0.0,0.0,0,0,0.0,0.01878859999999999,1.1895599,0.01878859999999999,0.0,30015488,22413312,60076,69632,1.1408189999999934,26.779072049999975,46.360060399999945,7434368,129024,7434368,129024,0,0,0,0,0,0,0,512,1.0,0,0,,096-n512-repeat-burst-nginx-warm,285270016,0,0,512,,,,,,,
run-06,unique-crawl,128,nginx-warm,requests,128,128,1.0,0.571195177,224.0915279997191,224.0915279997191,0.0,0.0,0,0,0.0,0.006656999999999691,0.9676452,0.006656999999999691,0.0,31358976,31637504,1383613,1622016,1.1303749999999866,44.329177699999974,66.64637807000001,1333433,32949,1333433,32949,0,0,0,0,0,0,0,128,1.0,0,0,,097-n128-unique-crawl-nginx-warm,261926912,0,0,128,,,,,,,
run-06,comparisons,256,anubis-d5-solve,requests,64,64,1.0,66.985787995,0.9554265451766745,0.9554265451766745,1230.8341249999999,78.773384,64,2,4.0,117.66190599999999,6.7638802,38.888521999999995,11.646182615712204,1038282752,518189056,0,0,2057.8465884999996,8797.9966209,15486.135376319993,546029128,60960,546029128,60960,0,1208192,545999988,0,0,4,4975599,0,0.0,0,0,,098-n256-comparisons-anubis-d5-solve,642355200,391296,5511.7686889999995,64,,,,,,,
run-06,unique-crawl,128,anubis-d5-nosolve,requests,128,0,0.0,0.570997695,224.16903101509018,0.0,0.0,0,0,0,0.0,0.0472229,1.0651193,0.0472229,0.0,58732544,27959296,0,0,7.909286999999978,46.87441039999989,64.82757228,563621,47397,563621,47397,0,0,0,0,0,128,0,0,0.0,0,0,,099-n128-unique-crawl-anubis-d5-nosolve,259010560,0,0,,128,,,,,,
run-06,repeat-burst,128,nginx-cold,requests,128,128,1.0,0.97179263,131.71534342671438,131.71534342671438,0.220203125,0.028186,4,2,1.0,0.1317328,0.9753004,0.10354680000000001,0.028899813841971152,41050112,31674368,60076,69632,0.6100985000000492,507.8636166,537.82178993,1858596,32256,1858596,32256,0,75696,57548,0,0,0,0,124,0.96875,0,0,,100-n128-repeat-burst-nginx-cold,254636032,11200,0,128,,,,,,,
run-06,repeat-burst,32,anubis-d5-solve,requests,32,32,1.0,8.866804378,3.608966504256851,3.608966504256851,6.7079375,0.21465399999999998,32,1,8.0,0.9652369,16.7418003,0.7505828999999999,0.01282144071447322,68136960,34938880,0,0,167.31018500000036,7655.5740159,8193.00288941,548914,41049,548914,41049,0,606080,460384,0,0,16,17619930,0,0.0,0,0,,101-n32-repeat-burst-anubis-d5-solve,680747008,11744,88304.709623,32,,,,,,,
run-06,alias-flood,128,nginx-cold,requests,128,128,1.0,0.670683163,190.85017644911417,190.85017644911417,0.8073984375,0.103347,16,2,4.0,0.4786912,0.9411564,0.3753442,0.10980852916688448,60948480,34332672,241671,266240,0.569412500000027,147.10161979999998,220.89694379000002,1879440,33472,1879440,33472,0,302720,232796,0,0,0,0,112,0.875,0,0,,102-n128-alias-flood-nginx-cold,257654784,11452,0,128,,,,,,,
run-06,unique-crawl,512,nginx-warm,requests,512,512,1.0,0.670285014,763.854165475942,763.854165475942,0.0,0.0,0,0,0.0,0.021355000000001567,1.1932444,0.021355000000001567,0.0,30183424,36958208,5380771,6344704,3.0020629999999926,20.7412968,38.264135820000014,5181524,131712,5181524,131712,0,0,0,0,0,0,0,512,1.0,0,0,,103-n512-unique-crawl-nginx-warm,294268928,0,0,512,,,,,,,
run-06,unique-crawl,32,anubis-d4-solve,requests,32,32,1.0,1.271326493,25.17056017961863,25.17056017961863,5.124312499999999,0.16397799999999998,32,2,1.0,0.9417266000000001,2.130754,0.7777486000000001,0.0769577342105189,80506880,48672768,0,0,179.3174555,774.0696938,843.1800157600001,419379,41405,419379,41405,0,606080,330722,0,0,16,1042575,0,0.0,0,0,,104-n32-unique-crawl-anubis-d4-solve,350527488,13204,6362.283322,32,,,,,,,
run-06,unique-crawl,32,cgit,requests,32,32,1.0,0.870520073,36.75963483497985,36.75963483497985,4.98578125,0.159545,32,2,1.0,0.8703413,0.8555513,0.7107962999999999,0.18648209639795998,46940160,36368384,0,0,226.802612,279.61267555000006,288.58864457,334442,8232,334442,8232,0,604672,330722,0,0,0,0,0,0.0,0,0,,105-n32-unique-crawl-cgit,264482816,13284,0,32,,,,,,,
run-06,human-mix,256,nginx-warm,requests,40,40,1.0,5.16012055,7.751756884827041,7.751756884827041,0.0,0.0,0,0,0.0,0.009454000000000018,0.2043313,0.009454000000000018,0.0,30650368,22937600,169822,208896,1.2032504999998537,1.9820756999998568,7.22452589,460442,10608,460442,10608,0,0,0,0,0,0,0,40,1.0,0,0,,106-n256-human-mix-nginx-warm,48881664,0,0,40,,,,,,,
run-06,ref-update,256,anubis-d5-nosolve,after-publication,32,0,0.0,0.219301158,145.91806213809414,0.0,0.0,0,0,0,0.0,0.012170900000000012,0.2853265,0.012170900000000012,0.0,55947264,26865664,0,0,1.417384999999996,10.077489849999994,15.411092340000009,140874,10748,140874,10748,0,0,0,0,0,32,0,0,0.0,0,0,,107-n256-ref-update-anubis-d5-nosolve,77717504,0,0,,32,,,,,,
run-06,ref-update,256,anubis-d5-nosolve,requests,32,0,0.0,0.218879211,146.19935741636058,0.0,0.0,0,0,0,0.0,0.0152698,0.2845254,0.0152698,0.0,55762944,26865664,0,0,1.119368999999999,12.737101350000003,15.122028499999999,140922,10748,140922,10748,0,0,0,0,0,32,0,0,0.0,0,0,,107-n256-ref-update-anubis-d5-nosolve,77135872,0,0,,32,,,,,,
run-06,large-plain,256,nginx-warm,requests,32,32,1.0,0.471316469,67.8949328206055,67.8949328206055,0.0,0.0,0,0,0.0,0.0487204,0.7714489,0.0487204,0.0,34226176,27561984,4107165,4112384,33.8335295,67.9628153,80.72183208999999,131400224,10048,131400224,10048,0,0,0,0,0,0,0,32,1.0,0,0,,108-n256-large-plain-nginx-warm,362323968,0,0,32,,,,,,,
run-06,repeat-burst,32,anubis-d4-solve,requests,32,32,1.0,1.475189891,21.692122617724742,21.692122617724742,7.0655,0.226096,32,2,8.0,1.0135662,2.532296,0.7874702000000001,0.08928498090270647,95793152,44761088,0,0,204.52828949999994,931.06876255,993.48251918,548918,41049,548918,41049,0,606080,460384,0,0,16,1408520,0,0.0,0,0,,109-n32-repeat-burst-anubis-d4-solve,366596096,11632,8357.286759,32,,,,,,,
run-06,unique-crawl,512,anubis-d4-solve,requests,512,512,1.0,7.988920982,64.08875505886184,64.08875505886184,4.794470703125,2.4547689999999998,512,2,1.0,14.081143599999999,2.4764726,11.626374599999998,0.9912360831288825,109608960,70209536,0,0,228.17382250000014,260.03371885,631.5301364699992,5257799,448549,5257799,448549,0,9699328,5113281,0,0,16,878075,0,0.0,0,0,,110-n512-unique-crawl-anubis-d4-solve,448851968,14472,5433.950927,512,,,,,,,
run-06,large-plain,256,anubis-d4-solve,requests,32,32,1.0,0.970466783,32.973823072108175,32.973823072108175,6.80396875,0.217727,32,2,32.0,1.1058677,1.3893963,0.8881406999999999,0.15670618958752086,122462208,85860352,0,0,98.82917549999996,410.8068591,466.31292142000007,131443058,37103,131443058,37103,0,604096,131396512,0,0,8,498557,0,0.0,0,0,,111-n256-large-plain-anubis-d4-solve,329650176,10124,1719.636982,32,,,,,,,
run-07,unique-crawl,128,anubis-d5-nosolve,requests,128,0,0.0,0.570417702,224.39696305217402,0.0,0.0,0,0,0,0.0,0.0483728,1.0164959,0.0483728,0.0,56471552,26021888,0,0,6.580336499999987,40.2415776499999,65.00710506000001,563617,47376,563617,47376,0,0,0,0,0,128,0,0,0.0,0,0,,000-n128-unique-crawl-anubis-d5-nosolve,262762496,0,0,,128,,,,,,
run-07,session-churn,256,nginx-warm,requests,128,128,1.0,0.319861745,400.172893448074,400.172893448074,0.0,0.0,0,0,0.0,0.005867900000000037,0.5478477,0.005867900000000037,0.0,30748672,23617536,337941,401408,0.6835260000000147,11.968433850000007,38.11159742000002,1300888,32256,1300888,32256,0,0,0,0,0,0,0,128,1.0,0,0,,001-n256-session-churn-nginx-warm,139321344,0,0,128,,,,,,,
run-07,repeat-burst,512,anubis-d5-solve,requests,512,512,1.0,11.126330923,46.016966738029495,46.016966738029495,7.380173828125,3.7786489999999997,512,2,128.0,16.8211612,15.6297523,13.042512199999999,0.24176000537129433,106639360,55517184,0,0,99.95506600000022,160.0711098500003,6318.81800914999,7510478,445696,7510478,445696,0,9699328,7366144,0,0,16,14958570,0,0.0,0,0,,002-n512-repeat-burst-anubis-d5-solve,687149056,11792,65882.476299,512,,,,,,,
run-07,repeat-burst,128,anubis-d5-nosolve,requests,128,0,0.0,0.569530893,224.74636858724358,0.0,0.0,0,0,0,0.0,0.0496641,1.013297,0.0496641,0.0,56193024,28180480,0,0,7.442691500000009,45.11130414999994,65.73728156000001,563616,46704,563616,46704,0,0,0,0,0,128,0,0,0.0,0,0,,003-n128-repeat-burst-anubis-d5-nosolve,263311360,0,0,,128,,,,,,
run-07,unique-crawl,512,anubis-d5-solve,requests,512,512,1.0,10.877893775,47.06793526304682,47.06793526304682,5.0851152343749995,2.603579,512,2,1.0,15.101996,15.9617329,12.498417,0.16311380576979834,111800320,61718528,0,0,120.02837349999936,173.95521380000008,4073.1341557899955,5257755,448506,5257755,448506,0,9699328,5113281,0,0,16,15392806,0,0.0,0,0,,004-n512-unique-crawl-anubis-d5-solve,702083072,14520,56403.412655,512,,,,,,,
run-07,ref-update,256,anubis-d5-nosolve,after-publication,32,0,0.0,0.219487589,145.7941205049184,0.0,0.0,0,0,0,0.0,0.011141899999999996,0.25737810000000005,0.011141899999999996,0.0,54165504,25948160,0,0,1.218544499999993,11.617312100000003,12.861521420000003,140899,10748,140899,10748,0,0,0,0,0,32,0,0,0.0,0,0,,005-n256-ref-update-anubis-d5-nosolve,77828096,0,0,,32,,,,,,
run-07,ref-update,256,anubis-d5-nosolve,requests,32,0,0.0,0.169184348,189.14279233443037,0.0,0.0,0,0,0,0.0,0.015971800000000008,0.2508467,0.015971800000000008,0.0,52797440,25948160,0,0,1.5531890000000033,9.172882350000002,14.177771830000005,140899,10748,140899,10748,0,0,0,0,0,32,0,0,0.0,0,0,,005-n256-ref-update-anubis-d5-nosolve,77828096,0,0,,32,,,,,,
run-07,repeat-burst,32,nginx-warm,requests,32,32,1.0,0.520494678,61.479975401400736,61.479975401400736,0.0,0.0,0,0,0.0,0.002810800000000002,0.8822998,0.002810800000000002,0.0,30396416,24449024,60076,69632,6.022039499999984,44.06640139999999,68.83277683000003,464648,8064,464648,8064,0,0,0,0,0,0,0,32,1.0,0,0,,006-n32-repeat-burst-nginx-warm,254509056,0,0,32,,,,,,,
run-07,ref-update,256,nginx-cold,after-publication,32,0,0.0,0.169380604,188.9236385058587,0.0,0.0,0.0,0,0,0.0,0.0024507,0.25984240000000003,0.0024507,0.0,30760960,19693568,70015,73728,1.2766930000000087,11.016055099999996,17.971395370000003,2214336,7136,2214336,7136,0,0,0,0,0,0,0,32,1.0,0,0,32,007-n256-ref-update-nginx-cold,79794176,0,0,,,,,,,,
run-07,ref-update,256,nginx-cold,requests,32,32,1.0,0.673199007,47.53423529633935,47.53423529633935,0.06928124999999999,0.002217,1,1,1.0,0.0257567,0.2598106,0.0235397,0.008533139140589336,30760960,19693568,70015,73728,0.7346410000000674,507.47707845,514.32781156,2214337,7136,2214337,7136,0,18854,69082,0,0,0,0,31,0.96875,0,0,,007-n256-ref-update-nginx-cold,76931072,8328,0,32,,,,,,,
run-07,alias-flood,512,cgit,requests,512,512,1.0,8.341746025,61.378037459489775,61.378037459489775,6.920066406249999,3.543074,512,2,128.0,15.2006627,1.4794626,11.657588700000002,2.3948385041974025,81793024,46862336,0,0,249.95103050000012,279.9782589000002,292.41669148999995,7508992,133888,7508992,133888,0,9674752,7449472,0,0,0,0,0,0.0,0,0,,008-n512-alias-flood-cgit,292937728,11816,0,512,,,,,,,
run-07,alias-flood,128,bounded-cold,requests,128,0,0.0,0.821273915,155.855431010493,0.0,0.0,0,0,0,0.0,0.6673648,1.009619,0.6673648,0.0,98762752,78204928,0,0,29.521398499999975,113.11350874999997,116.20179640999999,17280,33472,625760,40752,604496,0,0,0,0,0,0,0,0.0,0,0,,009-n128-alias-flood-bounded-cold,269328384,0,0,,,128,0,0.0,128,0,
run-07,unique-crawl,32,anubis-d4-solve,requests,32,32,1.0,1.472582546,21.730530547793144,21.730530547793144,4.817125,0.154148,32,1,1.0,0.9350519,2.5257943,0.7809039,0.06102951455706429,82780160,40280064,0,0,169.28851050000003,911.8836328499999,971.0705139600001,404085,41338,404085,41338,0,606080,315411,0,0,16,1448940,0,0.0,0,0,,010-n32-unique-crawl-anubis-d4-solve,371257344,11444,7691.036503,32,,,,,,,
run-07,unique-crawl,512,anubis-d5-nosolve,requests,512,0,0.0,0.770455854,664.5416441991237,0.0,0.0,0,0,0,0.0,0.1467797,1.4137472,0.1467797,0.0,60575744,31051776,0,0,5.430465999999996,15.502948449999975,40.30640988999994,2254554,195696,2254554,195696,0,0,0,0,0,512,0,0,0.0,0,0,,011-n512-unique-crawl-anubis-d5-nosolve,286191616,0,0,,512,,,,,,
run-07,repeat-burst,512,nginx-cold,requests,512,512,1.0,1.0727483,477.2787801201829,477.2787801201829,0.054404296874999994,0.027854999999999998,4,2,1.0,0.1452825,1.1638819,0.11742750000000002,0.023932840608656254,44253184,27131904,60076,69632,0.6376479999999844,19.61189254999994,518.84317494,7434372,129024,7434372,129024,0,75696,57548,0,0,0,0,508,0.9921875,0,0,,012-n512-repeat-burst-nginx-cold,260636672,11356,0,512,,,,,,,
run-07,alias-flood,512,anubis-d4-solve,requests,512,512,1.0,8.789060069,58.25423833498208,58.25423833498208,6.959962890625,3.563501,512,2,128.0,15.5755375,2.6106282,12.012036499999999,1.3649975128591656,118390784,69087232,0,0,250.14708200000007,290.8840989500003,625.8731886999975,7594131,450906,7594131,450906,0,9697280,7449472,0,0,16,974593,0,0.0,0,0,,013-n512-alias-flood-anubis-d4-solve,449007616,11792,4573.160878,512,,,,,,,
run-07,alias-flood,128,anubis-d5-solve,requests,128,128,1.0,10.426792521,12.27606665637612,12.27606665637612,6.7975078125,0.870081,128,2,32.0,3.8046317,17.8745279,2.9345507,0.04867714576114763,83308544,44535808,0,0,70.04980499999988,5807.379363949993,7623.706429960001,1962420,123546,1962420,123546,0,2424320,1862368,0,0,16,18035125,0,0.0,0,0,,014-n128-alias-flood-anubis-d5-solve,620597248,11680,71916.771018,128,,,,,,,
run-07,large-plain,256,nginx-warm,requests,32,32,1.0,0.419158917,76.34335976681608,76.34335976681608,0.0,0.0,0,0,0.0,0.05009789999999999,0.7270661,0.05009789999999999,0.0,34643968,27590656,4107165,4112384,25.91854500000001,53.000765200000004,54.161512099999996,131400224,10048,131400224,10048,0,0,0,0,0,0,0,32,1.0,0,0,,015-n256-large-plain-nginx-warm,393891840,0,0,32,,,,,,,
run-07,alias-flood,32,nginx-warm,requests,32,32,1.0,0.570009292,56.139435705900745,56.139435705900745,2.6042812499999997,0.083337,12,2,3.0,0.37139980000000006,0.836096,0.28806280000000006,0.09967396088487446,61050880,30871552,241671,266240,5.044300999999962,146.90010959999998,176.54118751000004,469868,8368,469868,8368,0,226992,174597,0,0,0,0,20,0.625,0,0,,016-n32-alias-flood-nginx-warm,257515520,11548,0,32,,,,,,,
run-07,repeat-burst,128,bounded-cold,requests,128,0,0.0,0.82114465,155.87996585010936,0.0,0.0,0,0,0,0.0,0.6401600999999999,1.053853,0.6401600999999999,0.0,101478400,81100800,0,0,27.219696499999998,108.00762624999997,112.84833358,17280,32256,625760,39536,604496,0,0,0,0,0,0,0,0.0,0,0,,017-n128-repeat-burst-bounded-cold,269443072,0,0,,,128,0,0.0,128,0,
run-07,comparisons,256,bounded-warm,requests,64,28,0.4375,106.220541038,0.6025199963640201,0.26360249840925876,0.0,0,0,0,0.0,5.3358805,15.9129236,5.3358805,0.0,192069632,170766336,0,0,178.72821749999275,50313.06857879999,53737.118477669996,11978345,1821872,12130465,1823692,151124,0,0,0,0,0,0,0,0.0,7388,24800,,018-n256-comparisons-bounded-warm,431714304,0,0,28,,0,0,,,0,36
run-07,large-plain,256,anubis-d4-solve,requests,32,32,1.0,0.971011317,32.955331662730764,32.955331662730764,6.7524999999999995,0.21608,32,2,32.0,1.1321678,1.3087756,0.9160877999999999,0.16510087749190924,89894912,56999936,0,0,118.47944299999997,378.42108554999993,473.87550195000017,131443033,37122,131443033,37122,0,604096,131396512,0,0,8,434356,0,0.0,0,0,,019-n256-large-plain-anubis-d4-solve,364142592,10132,1311.454503,32,,,,,,,
run-07,unique-crawl,512,nginx-warm,requests,512,512,1.0,0.670577092,763.5214595132635,763.5214595132635,0.0,0.0,0,0,0.0,0.02348940000000077,1.2218603,0.02348940000000077,0.0,31346688,39198720,5380771,6344704,3.9258570000000077,22.62209555000002,43.98124417999998,5181524,131712,5181524,131712,0,0,0,0,0,0,0,512,1.0,0,0,,020-n512-unique-crawl-nginx-warm,291282944,0,0,512,,,,,,,
run-07,ref-update,256,nginx-warm,after-publication,32,0,0.0,0.218407395,146.51518553206498,0.0,0.0,0.0,0,0,0.0,0.002474999999999991,0.27208860000000007,0.002474999999999991,0.0,30130176,19656704,70015,73728,0.7450870000000016,7.023098550000006,11.220616960000012,2214336,7136,2214336,7136,0,0,0,0,0,0,0,32,1.0,0,0,32,021-n256-ref-update-nginx-warm,78807040,0,0,,,,,,,,
run-07,ref-update,256,nginx-warm,requests,32,32,1.0,0.168495621,189.9159147880763,189.9159147880763,0.0,0.0,0,0,0.0,0.0025060000000000082,0.2615975,0.0025060000000000082,0.0,30130176,19656704,70015,73728,0.7833085000000004,8.173142100000003,12.946280820000014,2214336,7136,2214336,7136,0,0,0,0,0,0,0,32,1.0,0,0,,021-n256-ref-update-nginx-warm,78807040,0,0,32,,,,,,,
run-07,unique-crawl,32,anubis-d5-solve,requests,32,32,1.0,7.346505339,4.355812529002505,4.355812529002505,4.6096562500000005,0.147509,32,2,1.0,0.8944402,13.9477333,0.7469312,0.010575840305177043,71151616,42184704,0,0,185.0842750000001,6187.9595432,6737.075653530001,404073,41352,404073,41352,0,606080,315411,0,0,16,14787360,0,0.0,0,0,,022-n32-unique-crawl-anubis-d5-solve,644194304,11484,58967.37051,32,,,,,,,
run-07,alias-flood,512,nginx-cold,requests,512,512,1.0,0.671228484,762.7805020264902,762.7805020264902,0.22395703125,0.11466599999999999,16,2,4.0,0.5283884000000001,1.1407728,0.4137224000000001,0.10051607121067403,68259840,36048896,241671,266240,0.4876355000000103,4.475001449999986,199.86014970999986,7517712,133888,7517712,133888,0,302720,232796,0,0,0,0,496,0.96875,0,0,,023-n512-alias-flood-nginx-cold,263118848,11436,0,512,,,,,,,
run-07,human-mix,256,bounded-warm,requests,40,38,0.95,7.518184948,5.320433093447757,5.054411438775369,0.0,0.0,0,0,0.0,0.5312515,0.4157072,0.5312515,0.0,100704256,79757312,124375,188416,4.349297999999862,513.6739734999975,1359.52716316,657680,33400,733740,34310,75562,0,0,0,0,0,0,0,0.0,94,10,,024-n256-human-mix-bounded-warm,67735552,0,0,38,,32,32,1.0,,0,2
run-07,alias-flood,32,anubis-d5-solve,requests,32,32,1.0,7.858428172,4.072061142458197,4.072061142458197,6.7040625,0.21453,32,2,8.0,0.9754128,14.8945607,0.7608828,0.014403244534764964,68730880,39948288,0,0,272.0199515000003,6621.0262623,7271.6530483100005,554472,41690,554472,41690,0,605952,465592,0,0,16,15493676,0,0.0,0,0,,025-n32-alias-flood-anubis-d5-solve,590352384,11524,57911.095897,32,,,,,,,
run-07,repeat-burst,128,cgit,requests,128,128,1.0,2.426019196,52.76133025288725,52.76133025288725,6.869210937499999,0.8792589999999999,128,2,32.0,3.7882615,0.9998261,2.9090025,0.8794119297345807,70598656,41312256,0,0,249.93170899999996,280.3529511999998,293.18323984000006,1856416,32256,1856416,32256,0,2419200,1841536,0,0,0,0,0,0.0,0,0,,026-n128-repeat-burst-cgit,267718656,11696,0,128,,,,,,,
run-07,unique-crawl,32,nginx-warm,requests,32,32,1.0,0.470976465,67.94394705051769,67.94394705051769,0.0,0.0,0,0,0.0,0.0027041999999999344,0.8797556,0.0027041999999999344,0.0,30306304,23420928,332560,409600,3.6855239999999867,42.32924799999998,88.83714338000007,319673,8232,319673,8232,0,0,0,0,0,0,0,32,1.0,0,0,,027-n32-unique-crawl-nginx-warm,250707968,0,0,32,,,,,,,
run-07,repeat-burst,32,anubis-d4-solve,requests,32,32,1.0,1.122212437,28.5151001227052,28.5151001227052,7.222875,0.231132,32,2,8.0,1.0414461,1.8545791,0.8103140999999999,0.1246277389840099,105369600,48054272,0,0,148.4176375,600.7973521499999,641.88269921,548916,41035,548916,41035,0,606080,460384,0,0,16,731759,0,0.0,0,0,,028-n32-repeat-burst-anubis-d4-solve,333418496,11500,3929.77449,32,,,,,,,
run-07,session-churn,256,anubis-d5-nosolve,requests,128,0,0.0,0.318428432,401.9741553731609,0.0,0.0,0,0,0,0.0,0.0410898,0.5328453,0.0410898,0.0,56725504,27299840,0,0,1.5450735000000009,11.653729699999955,26.86116178000001,563568,44640,563568,44640,0,0,0,0,0,128,0,0,0.0,0,0,,029-n256-session-churn-anubis-d5-nosolve,142094336,0,0,,128,,,,,,
run-07,repeat-burst,128,nginx-warm,requests,128,128,1.0,0.571587205,223.93783289813143,223.93783289813143,0.0,0.0,0,0,0.0,0.006572600000000012,0.9698564,0.006572600000000012,0.0,29925376,22466560,60076,69632,0.6622359999999787,37.56461949999999,65.21078981000002,1858592,32256,1858592,32256,0,0,0,0,0,0,0,128,1.0,0,0,,030-n128-repeat-burst-nginx-warm,259682304,0,0,128,,,,,,,
run-07,unique-crawl,32,nginx-cold,requests,32,32,1.0,0.870136499,36.7758392353106,36.7758392353106,4.73509375,0.151523,32,2,1.0,0.9023561,0.8678233,0.7508331,0.17460121202092638,60710912,35512320,332560,409600,220.17929250000003,243.30978925000002,247.90067244000002,319705,8232,319705,8232,0,605440,315411,0,0,0,0,0,0.0,0,0,,031-n32-unique-crawl-nginx-cold,261308416,11236,0,32,,,,,,,
run-07,unique-crawl,512,nginx-cold,requests,512,512,1.0,8.238859015,62.14452742398336,62.14452742398336,4.718583984375,2.415915,512,2,1.0,14.0647571,1.3832009,11.6488421,1.7466117900877594,75522048,53059584,5380771,6344704,245.41873150000015,266.9592806999998,447.34288611,5182036,131712,5182036,131712,0,9689088,5113281,0,0,0,0,0,0.0,0,0,,032-n512-unique-crawl-nginx-cold,294748160,14596,0,512,,,,,,,
run-07,alias-flood,512,bounded-warm,requests,512,512,1.0,1.373159482,372.86273496380375,372.86273496380375,0.0,0.0,0,0,0.0,1.6930839999999998,1.3907678,1.6930839999999998,0.0,159584256,140546048,59759,81920,22.49792450000001,44.21186149999999,116.02384593999986,7431680,133888,8040160,141168,604496,0,0,0,0,0,0,0,0.0,0,0,,033-n512-alias-flood-bounded-warm,303546368,0,0,512,,512,512,1.0,,0,
run-07,repeat-burst,32,cgit,requests,32,32,1.0,0.921160853,34.73877542210318,34.73877542210318,6.5586875,0.20987799999999998,32,2,8.0,0.9155323000000001,0.8336596,0.7056543000000001,0.25175503286953094,55095296,35020800,0,0,209.60477250000002,277.5021925,280.67240579,464104,8064,464104,8064,0,604672,460384,0,0,0,0,0,0.0,0,0,,034-n32-repeat-burst-cgit,255700992,11524,0,32,,,,,,,
run-07,repeat-burst,512,bounded-cold,requests,512,0,0.0,1.272501752,402.3570098786002,0.0,0.0,0,0,0,0.0,1.4514921000000003,1.3070085,1.4514921000000003,0.0,137801728,119218176,0,0,17.265701000000035,43.55990124999997,131.60256176000001,69120,129024,677600,136304,604496,0,0,0,0,0,0,0,0.0,0,0,,035-n512-repeat-burst-bounded-cold,282591232,0,0,,,512,0,0.0,512,0,
run-07,unique-crawl,512,bounded-cold,requests,512,0,0.0,1.274600395,401.6945248161484,0.0,0.0,0,0,0,0.0,1.4313526000000003,1.3192504,1.4313526000000003,0.0,139137024,122089472,0,0,17.476556000000016,38.474155450000055,147.50352321000005,69120,131712,677600,138992,604496,0,0,0,0,0,0,0,0.0,0,0,,036-n512-unique-crawl-bounded-cold,286654464,0,0,,,512,0,0.0,512,0,
run-07,alias-flood,512,bounded-cold,requests,512,0,0.0,1.272057668,402.49747545250443,0.0,0.0,0,0,0,0.0,1.5364545,1.3090717,1.5364545,0.0,158040064,143966208,0,0,19.33946900000001,44.18154540000003,120.51475818999998,69120,133888,677600,141168,604496,0,0,0,0,0,0,0,0.0,0,0,,037-n512-alias-flood-bounded-cold,283246592,0,0,,,512,0,0.0,512,0,
run-07,unique-crawl,128,cgit,requests,128,128,1.0,2.225319481,57.519830789635726,57.519830789635726,4.6526875,0.595544,128,2,1.0,3.4151644,0.991529,2.8196204000000002,0.6006319532762027,67747840,42713088,0,0,220.4416735000001,274.50178765000004,283.6836918400001,1270716,32928,1270716,32928,0,2419200,1255835,0,0,0,0,0,0.0,0,0,,038-n128-unique-crawl-cgit,266121216,14648,0,128,,,,,,,
run-07,alias-flood,32,bounded-warm,requests,32,32,1.0,0.671135087,47.68041579086745,47.68041579086745,0.0,0.0,0,0,0.0,0.2711804999999998,0.919343,0.2711804999999998,0.0,100134912,79949824,59759,81920,66.867525,102.49510929999997,129.35911443000003,464480,8368,1072960,15648,604496,0,0,0,0,0,0,0,0.0,0,0,,039-n32-alias-flood-bounded-warm,263483392,0,0,32,,32,32,1.0,,0,
run-07,repeat-burst,512,nginx-warm,requests,512,512,1.0,0.670742165,763.3335530650589,763.3335530650589,0.0,0.0,0,0,0.0,0.022764400000000018,1.1990289,0.022764400000000018,0.0,30203904,22224896,60076,69632,3.2900305000000003,24.073060799999993,45.22767700000001,7434368,129024,7434368,129024,0,0,0,0,0,0,0,512,1.0,0,0,,040-n512-repeat-burst-nginx-warm,287588352,0,0,512,,,,,,,
run-07,repeat-burst,512,bounded-warm,requests,512,512,1.0,1.322883372,387.03336275663764,387.03336275663764,0.0,0.0,0,0,0.0,1.621432,1.3901745,1.621432,0.0,169652224,151240704,59108,81920,19.6134955,47.09897889999998,97.39046506999996,7348352,129024,7956832,136304,604496,0,0,0,0,0,0,0,0.0,0,0,,041-n512-repeat-burst-bounded-warm,300429312,0,0,512,,512,512,1.0,,0,
run-07,unique-crawl,128,bounded-warm,requests,128,128,1.0,0.770323892,166.16387123560747,166.16387123560747,0.0,0.0,0,0,0.0,0.5250884000000005,1.0504963,0.5250884000000005,0.0,159141888,145031168,1306895,2002944,21.666481000000005,78.50145744999999,103.20954918,1252528,32928,1861008,40208,604496,0,0,0,0,0,0,0,0.0,0,0,,042-n128-unique-crawl-bounded-warm,276885504,0,0,128,,128,128,1.0,,0,
run-07,alias-flood,32,anubis-d5-nosolve,requests,32,0,0.0,0.519516317,61.59575542263478,0.0,0.0,0,0,0,0.0,0.0185921,0.9316519,0.0185921,0.0,56156160,25956352,0,0,11.242053499999997,60.989875149999975,73.30634804000002,140920,10432,140920,10432,0,0,0,0,0,32,0,0,0.0,0,0,,043-n32-alias-flood-anubis-d5-nosolve,250875904,0,0,,32,,,,,,
run-07,alias-flood,128,anubis-d5-nosolve,requests,128,0,0.0,0.570733693,224.2727239865266,0.0,0.0,0,0,0,0.0,0.044339100000000006,1.0353685,0.044339100000000006,0.0,59056128,28160000,0,0,6.049967000000009,38.695066899999986,57.25638809000003,563673,47920,563673,47920,0,0,0,0,0,128,0,0,0.0,0,0,,044-n128-alias-flood-anubis-d5-nosolve,263671808,0,0,,128,,,,,,
run-07,repeat-burst,32,anubis-d5-solve,requests,32,32,1.0,9.15835897,3.494075751433447,3.494075751433447,7.004875,0.224156,32,2,8.0,1.0125984000000001,16.7415106,0.7884424000000001,0.013389233824574945,91295744,42143744,0,0,414.3304499999999,7273.4359656,8296.98064402,548913,41045,548913,41045,0,606080,460384,0,0,16,17666286,0,0.0,0,0,,045-n32-repeat-burst-anubis-d5-solve,639987712,11520,74952.775653,32,,,,,,,
run-07,large-plain,256,anubis-d5-nosolve,requests,32,0,0.0,0.320090092,99.97185417410546,0.0,0.0,0,0,0,0.0,0.017176999999999998,0.4825763,0.017176999999999998,0.0,56815616,27099136,0,0,3.425438000000007,22.283718449999988,28.287858530000012,140929,13144,140929,13144,0,0,0,0,0,32,0,0,0.0,0,0,,046-n256-large-plain-anubis-d5-nosolve,134578176,0,0,,32,,,,,,
run-07,comparisons,256,nginx-warm,requests,64,64,1.0,1.324295812,48.327571091042614,48.327571091042614,0.0,0.0,0,0,0.0,0.1729005999999984,2.1383916,0.1729005999999984,0.0,68378624,311099392,136509511,136548352,8.3391455,96.02311759999994,196.07548307999963,546008608,19200,546008608,19200,0,0,0,0,0,0,0,64,1.0,0,0,,047-n256-comparisons-nginx-warm,537214976,0,0,64,,,,,,,
run-07,repeat-burst,32,bounded-cold,requests,32,0,0.0,0.670099392,47.75410988583616,0.0,0.0,0,0,0,0.0,0.3005029,0.9234841,0.3005029,0.0,98664448,77369344,0,0,55.62365249999999,124.12889115000002,125.9733318,4320,8064,612800,15344,604496,0,0,0,0,0,0,0,0.0,0,0,,048-n32-repeat-burst-bounded-cold,265121792,0,0,,,32,0,0.0,32,0,
run-07,repeat-burst,32,nginx-cold,requests,32,32,1.0,0.92240288,34.691999227062254,34.691999227062254,0.8278125,0.02649,4,2,1.0,0.11969819999999999,0.8436349,0.09320819999999999,0.03139983895877233,43331584,28274688,60076,69632,10.117199499999998,512.24539315,522.6051395400001,464652,8064,464652,8064,0,75680,57548,0,0,0,0,28,0.875,0,0,,049-n32-repeat-burst-nginx-cold,254652416,11352,0,32,,,,,,,
run-07,session-churn,256,bounded-cold,requests,128,0,0.0,0.620283059,206.3574010974238,0.0,0.0,0,0,0,0.0,0.6310221000000001,0.5813937,0.6310221000000001,0.0,98824192,78368768,0,0,11.29330250000001,69.69533159999996,77.23761583,17280,32256,321520,35896,302248,0,0,0,0,0,0,0,0.0,0,0,,050-n256-session-churn-bounded-cold,143745024,0,0,,,128,0,0.0,128,0,
run-07,comparisons,256,nginx-cold,requests,64,64,1.0,17.155594202,3.7305615443234768,3.7305615443234768,318.234359375,20.366999,16,2,1.0,31.718538900000002,2.1794567,11.351539900000002,9.344989051629243,969850880,455356416,136509511,136548352,8.61816699999963,8061.723546749974,12103.592210699991,546008624,19200,546008624,19200,0,301728,136499997,0,0,0,0,48,0.75,0,0,,051-n256-comparisons-nginx-cold,451620864,391040,0,64,,,,,,,
run-07,large-plain,256,cgit,requests,32,32,1.0,0.77098897,41.505133335435396,41.505133335435396,6.4496875,0.20639,32,2,32.0,0.9944188,0.6822047,0.7880288000000001,0.30253382892260927,100909056,95535104,0,0,127.15963450000004,138.94672995,146.49326812,131399680,10048,131399680,10048,0,602688,131396512,0,0,0,0,0,0.0,0,0,,052-n256-large-plain-cgit,418316288,10176,0,32,,,,,,,
run-07,comparisons,256,cgit,requests,64,64,1.0,65.620072925,0.9753113208689717,0.9753113208689717,1247.21228125,79.821586,64,2,4.0,119.4294053,2.3578156,39.6078193,33.854041003036876,963751936,503246848,0,0,2214.7742854999997,11303.744761799999,14314.013647959999,546007520,19200,546007520,19200,0,1205376,545999988,0,0,0,0,0,0.0,0,0,,053-n256-comparisons-cgit,497565696,391156,0,64,,,,,,,
run-07,repeat-burst,128,anubis-d4-solve,requests,128,128,1.0,2.775506417,46.1177099847433,46.1177099847433,6.9455546875,0.8890309999999999,128,2,32.0,3.9105003000000003,2.422026,3.0214693000000006,0.367060882087971,116916224,58322944,0,0,214.97224549999999,652.3971084999998,797.3676505800001,1941187,121981,1941187,121981,0,2424832,1841536,0,0,16,1083237,0,0.0,0,0,,054-n128-repeat-burst-anubis-d4-solve,432173056,11704,6193.747923,128,,,,,,,
run-07,repeat-burst,512,cgit,requests,512,512,1.0,8.388452677,61.0362863944902,61.0362863944902,6.914453125,3.5402,512,2,128.0,15.1991913,1.4287477,11.6589913,2.477834260030655,79560704,46780416,0,0,249.99143400000048,279.98575119999975,296.8489111699999,7425664,129024,7425664,129024,0,9676800,7366144,0,0,0,0,0,0.0,0,0,,055-n512-repeat-burst-cgit,291741696,11708,0,512,,,,,,,
run-07,human-mix,256,anubis-d5-solve,requests,40,40,1.0,6.909674878,5.788984388738413,5.788984388738413,4.518275,0.180731,40,1,2.3529411764705883,1.0011683,1.7246802,0.8204373,0.1047910215470671,73502720,36831232,0,0,25.037836499999912,82.0396768499995,905.0758216999993,353543,35866,353543,35866,0,756784,338296,0,0,2,1799399,0,0.0,0,0,,056-n256-human-mix-anubis-d5-solve,106168320,11328,1491.627028,40,,,,,,,
run-07,session-churn,256,nginx-cold,requests,128,128,1.0,0.721280316,177.4622115155573,177.4622115155573,1.1488749999999999,0.147056,32,2,1.0,0.8697339000000001,0.5278367,0.7226779000000001,0.27860131741502625,62357504,32161792,337941,401408,0.5698490000000334,120.76238785,127.40323932000001,1300920,32256,1300920,32256,0,605696,320958,0,0,0,0,96,0.75,0,0,,057-n256-session-churn-nginx-cold,138059776,11464,0,128,,,,,,,
run-07,human-mix,256,nginx-cold,requests,40,40,1.0,5.396376579,7.412381143980945,7.412381143980945,1.928475,0.077139,17,1,1.0,0.43346989999999996,0.1954591,0.35633089999999995,0.3946554547728911,50003968,26992640,157894,200704,1.470835500000021,30.965835700000014,35.33323864000012,343639,10464,343639,10464,0,321256,148464,0,0,0,0,23,0.575,0,0,,058-n256-human-mix-nginx-cold,48218112,11212,0,40,,,,,,,
run-07,session-churn,256,cgit,requests,128,128,1.0,2.12298777,60.29238689396689,60.29238689396689,4.7973203125,0.614057,128,2,4.0,3.5158367,0.5845965,2.9017797,1.0503945884041386,63283200,34287616,0,0,111.132718,152.77068035000002,165.51366107000004,1298712,32256,1298712,32256,0,2419712,1283832,0,0,0,0,0,0.0,0,0,,059-n256-session-churn-cgit,144703488,11700,0,128,,,,,,,
run-07,alias-flood,32,bounded-cold,requests,32,0,0.0,0.671172984,47.677723571781904,0.0,0.0,0,0,0,0.0,0.27576600000000007,0.9205637,0.27576600000000007,0.0,98451456,77680640,0,0,61.32386250000002,99.0294521,101.47899946999999,4320,8368,612800,15648,604496,0,0,0,0,0,0,0,0.0,0,0,,060-n32-alias-flood-bounded-cold,265764864,0,0,,,32,0,0.0,32,0,
run-07,unique-crawl,128,nginx-warm,requests,128,128,1.0,0.5199554,246.17496039083355,246.17496039083355,0.0,0.0,0,0,0.0,0.006829799999999775,0.9592178,0.006829799999999775,0.0,29810688,30531584,1323051,1560576,1.161678500000022,46.64319669999999,84.15836255000006,1272892,32928,1272892,32928,0,0,0,0,0,0,0,128,1.0,0,0,,061-n128-unique-crawl-nginx-warm,256724992,0,0,128,,,,,,,
run-07,alias-flood,512,nginx-warm,requests,512,512,1.0,0.670242123,763.9030470187264,763.9030470187264,0.1570078125,0.080388,12,2,3.0,0.3852217,1.1968382,0.3048337,0.06716697378141841,55459840,32727040,241671,266240,0.9007765000000063,17.894705249999994,130.8186725,7517708,133888,7517708,133888,0,227040,174597,0,0,0,0,500,0.9765625,0,0,,062-n512-alias-flood-nginx-warm,271040512,11308,0,512,,,,,,,
run-07,alias-flood,128,nginx-cold,requests,128,128,1.0,0.670706308,190.8435905153288,190.8435905153288,0.8431953125,0.107929,16,2,4.0,0.4992243,0.9093907,0.3912953,0.11868276198558002,76378112,35123200,241671,266240,0.6017030000000148,166.55899119999975,231.40477389,1879440,33472,1879440,33472,0,302720,232796,0,0,0,0,112,0.875,0,0,,063-n128-alias-flood-nginx-cold,253501440,11320,0,128,,,,,,,
run-07,large-plain,256,anubis-d5-solve,requests,32,32,1.0,3.079063964,10.392768833041366,10.392768833041366,7.208562499999999,0.230674,32,1,32.0,1.1921632,5.4050968,0.9614891999999999,0.04267712652250742,89325568,54251520,0,0,42.498787999999934,2231.92610195,2578.8047808800006,131443074,37108,131443074,37108,0,604096,131396512,0,0,8,5146092,0,0.0,0,0,,064-n256-large-plain-anubis-d5-solve,341598208,10128,10172.300728,32,,,,,,,
run-07,human-mix,256,anubis-d5-nosolve,requests,40,0,0.0,5.150727116,7.765893843559621,0.0,0.0,0,0,0,0.0,0.0337618,0.1948683,0.0337618,0.0,55472128,26804224,0,0,1.8095530000000508,2.659865049999938,8.497139379999997,176165,15366,176165,15366,0,0,0,0,0,40,0,0,0.0,0,0,,065-n256-human-mix-anubis-d5-nosolve,49078272,0,0,,40,,,,,,
run-07,comparisons,256,anubis-d4-solve,requests,64,64,1.0,65.377750022,0.9789263163456011,0.9789263163456011,1242.55234375,79.52335000000001,64,2,4.0,119.5475862,2.6017407,40.02423619999999,30.565440283883788,1067298816,515141632,0,0,3163.489224,10316.764413949992,14415.801379519999,546029138,60953,546029138,60953,0,1208192,545999988,0,0,4,161272,0,0.0,0,0,,066-n256-comparisons-anubis-d4-solve,564961280,391624,334.063135,64,,,,,,,
run-07,large-plain,256,nginx-cold,requests,32,32,1.0,0.922086583,34.70389938425121,34.70389938425121,0.229125,0.007332,1,1,1.0,0.0852617,0.803624,0.07792969999999999,0.009123669775915104,34136064,27586560,4107165,4112384,29.539506500000016,537.6771482999999,555.22908678,131400225,10048,131400225,10048,0,18858,4106141,0,0,0,0,31,0.96875,0,0,,067-n256-large-plain-nginx-cold,357187584,9852,0,32,,,,,,,
run-07,ref-update,256,anubis-d5-solve,after-publication,32,32,1.0,2.983215525,10.726680567271451,10.726680567271451,2.1958125,0.07026600000000001,32,1,32.0,0.7656999,4.9461201,0.6954338999999999,0.014206286660932477,80838656,40779776,0,0,25.804205500000023,2051.67981185,2458.446066000001,2234581,29348,2234581,29348,0,603968,2210464,0,0,4,5282495,0,0.0,0,0,,068-n256-ref-update-anubis-d5-solve,193843200,8416,7178.659826,32,,,,,,,
run-07,ref-update,256,anubis-d5-solve,requests,32,32,1.0,3.080565241,10.387704040188513,10.387704040188513,2.43909375,0.078051,32,1,32.0,0.8056008,4.8527203,0.7275498,0.016083968408399717,67547136,33157120,0,0,26.358770999999933,1654.6846303999996,2497.728456000001,2234758,29340,2234758,29340,0,603968,2210624,0,0,4,5060133,0,0.0,0,0,,068-n256-ref-update-anubis-d5-solve,192524288,8416,6324.074368,32,,,,,,,
run-07,repeat-burst,32,anubis-d5-nosolve,requests,32,0,0.0,0.519379805,61.6119450389489,0.0,0.0,0,0,0,0.0,0.018903600000000007,0.9615307,0.018903600000000007,0.0,58081280,27217920,0,0,19.09781550000001,51.81305615,56.98143313000003,140932,10128,140932,10128,0,0,0,0,0,32,0,0,0.0,0,0,,069-n32-repeat-burst-anubis-d5-nosolve,252952576,0,0,,32,,,,,,
run-07,alias-flood,32,cgit,requests,32,32,1.0,0.921487269,34.726469997492714,34.726469997492714,6.95815625,0.222661,32,2,8.0,0.9544275,0.8531595,0.7317665,0.26098402467533915,58425344,34664448,0,0,245.25496449999997,294.40547899999996,299.85978127000004,469312,8368,469312,8368,0,604544,465592,0,0,0,0,0,0.0,0,0,,070-n32-alias-flood-cgit,265617408,11588,0,32,,,,,,,
run-07,unique-crawl,32,bounded-warm,requests,32,32,1.0,0.671642259,47.644411248994984,47.644411248994984,0.0,0.0,0,0,0.0,0.25047240000000004,0.946029,0.25047240000000004,0.0,102912000,85864448,328155,495616,61.79263999999998,104.24023974999996,117.85323310999999,314561,8232,923041,15512,604496,0,0,0,0,0,0,0,0.0,0,0,,071-n32-unique-crawl-bounded-warm,265347072,0,0,32,,32,32,1.0,,0,
run-07,alias-flood,32,anubis-d4-solve,requests,32,32,1.0,1.321261806,24.219272709378536,24.219272709378536,7.0683437499999995,0.22618699999999997,32,2,8.0,1.0192244000000001,2.2801152,0.7930374000000002,0.09919981236035792,84647936,44199936,0,0,159.25163099999997,799.5085641000001,867.63566671,554488,41693,554488,41693,0,605952,465592,0,0,16,1184368,0,0.0,0,0,,072-n32-alias-flood-anubis-d4-solve,371986432,11504,7234.702451,32,,,,,,,
run-07,unique-crawl,128,nginx-cold,requests,128,128,1.0,2.326928911,55.00812654607135,55.00812654607135,4.7019765625,0.601853,128,2,1.0,3.5086708,0.9751837,2.9068178,0.6171688472643667,68419584,41975808,1323051,1560576,238.05406300000004,269.30761994999995,442.7051752100001,1273020,32928,1273020,32928,0,2422272,1255835,0,0,0,0,0,0.0,0,0,,073-n128-unique-crawl-nginx-cold,265826304,14400,0,128,,,,,,,
run-07,alias-flood,512,anubis-d5-nosolve,requests,512,0,0.0,0.720466166,710.6509981483294,0.0,0.0,0,0,0,0.0,0.14572420000000003,1.2967244,0.14572420000000003,0.0,58961920,31563776,0,0,5.058165499999973,14.957145999999998,38.52037085999994,2254410,197872,2254410,197872,0,0,0,0,0,512,0,0,0.0,0,0,,074-n512-alias-flood-anubis-d5-nosolve,276484096,0,0,,512,,,,,,
run-07,repeat-burst,512,anubis-d4-solve,requests,512,512,1.0,8.989828327,56.95325665588764,56.95325665588764,7.027015625,3.597832,512,2,128.0,15.800961399999998,3.3156851,12.203129399999998,1.0850946008111566,117571584,67055616,0,0,249.96235500000012,299.9898748499999,1015.8667575199981,7510451,445686,7510451,445686,0,9699328,7366144,0,0,16,1502365,0,0.0,0,0,,075-n512-repeat-burst-anubis-d4-solve,506245120,11804,9145.496014,512,,,,,,,
run-07,repeat-burst,128,nginx-cold,requests,128,128,1.0,0.972175356,131.6634897295216,131.6634897295216,0.2315078125,0.029633,4,2,1.0,0.1365234,0.9746669,0.1068904,0.03040320749581216,55578624,27795456,60076,69632,0.7902505000000133,507.3136565,509.59169308,1858596,32256,1858596,32256,0,75696,57548,0,0,0,0,124,0.96875,0,0,,076-n128-repeat-burst-nginx-cold,253796352,11484,0,128,,,,,,,
run-07,ref-update,256,anubis-d4-solve,after-publication,32,32,1.0,0.670945496,47.693888983196935,47.693888983196935,2.0254687499999995,0.06481499999999998,32,1,32.0,0.7292357999999999,0.5963369000000001,0.6644207999999999,0.10868856178445435,84086784,43716608,0,0,44.744894500000015,130.40240989999998,215.96228601000016,2234585,29338,2234585,29338,0,603968,2210464,0,0,4,255634,0,0.0,0,0,,077-n256-ref-update-anubis-d4-solve,135802880,8424,380.296601,32,,,,,,,
run-07,ref-update,256,anubis-d4-solve,requests,32,32,1.0,0.72179435,44.333957449237445,44.333957449237445,2.00003125,0.064001,32,2,32.0,0.7194073999999999,0.6336168,0.6554064,0.10100900102396275,81723392,43147264,0,0,45.97292300000001,204.54118829999996,239.06391074,2234764,29340,2234764,29340,0,603968,2210624,0,0,4,309775,0,0.0,0,0,,077-n256-ref-update-anubis-d4-solve,135802880,8416,593.5029,32,,,,,,,
run-07,unique-crawl,128,anubis-d5-solve,requests,128,128,1.0,6.944995662,18.430537070074845,18.430537070074845,4.8071640625,0.615317,128,2,1.0,3.6322202,12.5794743,3.0169032,0.048914365205229605,93429760,52289536,0,0,75.85590349999984,4437.911776799998,5850.83382067,1355656,122757,1355656,122757,0,2424832,1255835,0,0,16,12583140,0,0.0,0,0,,078-n128-unique-crawl-anubis-d5-solve,654295040,14416,57644.755977,128,,,,,,,
run-07,comparisons,256,anubis-d5-nosolve,requests,64,0,0.0,0.520891378,122.86630707103008,0.0,0.0,0,0,0,0.0,0.0233683,0.7838295,0.0233683,0.0,56934400,27287552,0,0,1.1261175000000065,12.633686399999982,15.771935049999993,281799,26940,281799,26940,0,0,0,0,0,64,0,0,0.0,0,0,,079-n256-comparisons-anubis-d5-nosolve,397172736,0,0,,64,,,,,,
run-07,alias-flood,32,nginx-cold,requests,32,32,1.0,0.619611356,51.64527681768312,51.64527681768312,3.49428125,0.111817,16,2,4.0,0.5004202,0.8582233,0.3886032,0.13028893529224853,76787712,35061760,241671,266240,16.863774000000014,215.25400109999998,239.48652074999998,469872,8368,469872,8368,0,302656,232796,0,0,0,0,16,0.5,0,0,,080-n32-alias-flood-nginx-cold,253542400,11612,0,32,,,,,,,
run-07,alias-flood,512,anubis-d5-solve,requests,512,512,1.0,11.328056466,45.19751481966174,45.19751481966174,7.563416015624999,3.8724689999999997,512,2,128.0,17.0401763,16.4417989,13.1677073,0.23552587059071742,104460288,54374400,0,0,84.09432599999991,135.43504069999963,5932.8566051599955,7594155,450919,7594155,450919,0,9697280,7449472,0,0,16,14915841,0,0.0,0,0,,081-n512-alias-flood-anubis-d5-solve,657121280,11672,63476.011881,512,,,,,,,
run-07,repeat-burst,512,anubis-d5-nosolve,requests,512,0,0.0,0.720095737,711.0165686205139,0.0,0.0,0,0,0,0.0,0.1503508,1.340901,0.1503508,0.0,63918080,34168832,0,0,5.970789999999994,14.358963899999981,50.72784967999996,2254452,193008,2254452,193008,0,0,0,0,0,512,0,0,0.0,0,0,,082-n512-repeat-burst-anubis-d5-nosolve,289996800,0,0,,512,,,,,,
run-07,session-churn,256,bounded-warm,requests,128,128,1.0,0.672528326,190.32655585126983,190.32655585126983,0.0,0.0,0,0,0.0,0.5318659000000001,0.5883245,0.5318659000000001,0.0,123269120,104116224,333698,499712,13.712346499999995,100.10430779999999,109.47809661,1280424,32256,1584664,35896,302248,0,0,0,0,0,0,0,0.0,0,0,,083-n256-session-churn-bounded-warm,148033536,0,0,128,,128,128,1.0,,0,
run-07,ref-update,256,bounded-cold,after-publication,32,0,0.0,0.269282356,118.83437324055498,0.0,0.0,0,0,0,0.0,0.17646190000000006,0.28787090000000004,0.17646190000000006,0.0,95596544,74989568,0,0,6.438012499999999,10.94019215000001,13.873424220000008,4320,7136,156440,8956,151124,0,0,0,0,0,0,0,0.0,0,0,,084-n256-ref-update-bounded-cold,79093760,0,0,,,32,0,0.0,32,0,
run-07,ref-update,256,bounded-cold,requests,32,0,0.0,0.322016076,99.37392069829458,0.0,0.0,0,0,0,0.0,0.24834460000000003,0.2994114,0.24834460000000003,0.0,94466048,73322496,0,0,5.668379000000002,42.37891710000001,52.637890210000016,4320,7136,156440,8956,151124,0,0,0,0,0,0,0,0.0,0,0,,084-n256-ref-update-bounded-cold,78798848,0,0,,,32,0,0.0,32,0,
run-07,ref-update,256,bounded-warm,after-publication,32,0,0.0,0.269985979,118.52467346091332,0.0,0.0,0.0,0,0,0.0,0.13146459999999993,0.28976430000000003,0.13146459999999993,0.0,96251904,76668928,138685,147456,5.027980499999998,8.525150850000005,8.604389239999998,4320,7136,156440,8956,151124,0,0,0,0,0,0,0,0.0,0,0,,085-n256-ref-update-bounded-warm,86908928,0,0,,,32,0,0.0,32,0,
run-07,ref-update,256,bounded-warm,after-update-preparation,32,32,1.0,0.319390604,100.1907996016063,100.1907996016063,0.0,0.0,0,0,0.0,0.18877529999999987,0.31763909999999995,0.18877529999999987,0.0,104226816,83734528,138685,147456,9.390477000000004,14.622729150000001,14.937414019999988,2206752,7136,2358872,8956,151124,0,0,0,0,0,0,0,0.0,0,0,,085-n256-ref-update-bounded-warm,87228416,0,0,32,,32,32,1.0,,0,
run-07,ref-update,256,bounded-warm,requests,32,32,1.0,0.371143213,86.22008669198,86.22008669198,0.0,0.0,0,0,0.0,0.31166720000000014,0.3222765,0.31166720000000014,0.0,95555584,76005376,138685,147456,13.300462500000009,30.901927599999997,31.52488364,2206912,7136,2359032,8956,151124,0,0,0,0,0,0,0,0.0,0,0,,085-n256-ref-update-bounded-warm,86908928,0,0,32,,32,32,1.0,,0,
run-07,unique-crawl,32,anubis-d5-nosolve,requests,32,0,0.0,0.519327742,61.618121683166315,0.0,0.0,0,0,0,0.0,0.019103700000000008,0.9175868,0.019103700000000008,0.0,57942016,27222016,0,0,15.363714500000015,59.41304180000003,70.76707119000002,140900,10296,140900,10296,0,0,0,0,0,32,0,0,0.0,0,0,,086-n32-unique-crawl-anubis-d5-nosolve,251695104,0,0,,32,,,,,,
run-07,comparisons,256,bounded-cold,requests,64,28,0.4375,105.871811004,0.6045046305818079,0.26447077587954093,0.0,0,0,0,0.0,5.3084508999999995,15.8438387,5.3084508999999995,0.0,191897600,170864640,0,0,189.85346350000327,50358.06679695,53560.396055189995,11978345,1821872,12130465,1823692,151124,0,0,0,0,0,0,0,0.0,7388,24800,,087-n256-comparisons-bounded-cold,405868544,0,0,28,,0,0,,,0,36
run-07,alias-flood,128,bounded-warm,requests,128,128,1.0,0.871389282,146.89186870214454,146.89186870214454,0.0,0.0,0,0,0.0,0.6056948,1.0757784,0.6056948,0.0,113573888,93716480,59759,81920,27.73706900000002,103.82860524999998,117.90321387999998,1857920,33472,2466400,40752,604496,0,0,0,0,0,0,0,0.0,0,0,,088-n128-alias-flood-bounded-warm,273600512,0,0,128,,128,128,1.0,,0,
run-07,comparisons,256,anubis-d5-solve,requests,64,64,1.0,67.09074588,0.9539318599091419,0.9539318599091419,1214.68746875,77.739998,64,2,4.0,115.15804039999999,10.1826959,37.41804239999999,7.634520245272178,1078984704,530472960,0,0,2697.6249995000016,7576.787726549999,14861.681887279998,546029131,60959,546029131,60959,0,1208192,545999988,0,0,4,8736785,0,0.0,0,0,,089-n256-comparisons-anubis-d5-solve,626274304,391620,12052.133359,64,,,,,,,
run-07,unique-crawl,128,bounded-cold,requests,128,0,0.0,0.873127869,146.59937512543195,0.0,0.0,0,0,0,0.0,0.5776255,1.1352723,0.5776255,0.0,101617664,80850944,0,0,23.392832999999996,123.32486009999998,127.82891371000004,17280,32928,625760,40208,604496,0,0,0,0,0,0,0,0.0,0,0,,090-n128-unique-crawl-bounded-cold,270057472,0,0,,,128,0,0.0,128,0,
run-07,unique-crawl,512,anubis-d4-solve,requests,512,512,1.0,8.138349654,62.9120180094931,62.9120180094931,4.81743359375,2.466526,512,2,1.0,14.2963027,2.69935,11.8297767,0.9137481245485024,109481984,72585216,0,0,229.85149399999978,259.9074080000001,675.1852775899996,5257739,448498,5257739,448498,0,9699328,5113281,0,0,16,923689,0,0.0,0,0,,091-n512-unique-crawl-anubis-d4-solve,451141632,14632,6168.103766,512,,,,,,,
run-07,repeat-burst,128,anubis-d5-solve,requests,128,128,1.0,7.453624157,17.172854077944084,17.172854077944084,6.8504453125,0.876857,128,2,32.0,3.8914502,13.7660414,3.0145932,0.06369710612667487,93347840,46624768,0,0,70.20401650000031,4178.038288549999,5956.723967150003,1941204,121958,1941204,121958,0,2424832,1841536,0,0,16,13568595,0,0.0,0,0,,092-n128-repeat-burst-anubis-d5-solve,687181824,11556,65578.920683,128,,,,,,,
run-07,large-plain,256,bounded-warm,requests,32,32,1.0,0.970961407,32.95702565447073,32.95702565447073,0.0,0.0,0,0,0.0,1.3098971000000001,1.1003278,1.3098971000000001,0.0,170950656,158617600,4106402,4112384,136.09711850000002,294.80176984999997,297.61286593,131455744,10048,131759984,13688,302248,0,0,0,0,0,0,0,0.0,0,0,,093-n256-large-plain-bounded-warm,357912576,0,0,32,,32,32,1.0,,0,
run-07,alias-flood,128,anubis-d4-solve,requests,128,128,1.0,2.876383762,44.5003207468392,44.5003207468392,7.1272734374999995,0.912291,128,2,32.0,4.0034149,2.3365934,3.0911239000000004,0.3904363506290825,105766912,58093568,0,0,238.43841299999997,596.50199585,844.23192533,1962382,123577,1962382,123577,0,2424320,1862368,0,0,16,1140429,0,0.0,0,0,,094-n128-alias-flood-anubis-d4-solve,437796864,11712,6042.287843,128,,,,,,,
run-07,ref-update,256,cgit,after-publication,32,32,1.0,0.570980734,56.04392249073678,56.04392249073678,1.9247187499999998,0.06159099999999999,32,2,32.0,0.686641,0.27716179999999996,0.62505,0.2222203781329173,46059520,28016640,0,0,44.63878649999998,97.5527881,99.49443190999999,2213632,7136,2213632,7136,0,602560,2210464,0,0,0,0,0,0.0,0,0,,095-n256-ref-update-cgit,83791872,8360,0,32,,,,,,,
run-07,ref-update,256,cgit,requests,32,32,1.0,0.520496734,61.47973255102116,61.47973255102116,1.9772812499999999,0.063273,32,2,32.0,0.6905366000000001,0.2686304,0.6272636,0.23553923904368232,45371392,27746304,0,0,44.328941,68.02014314999997,94.35464970999999,2213792,7136,2213792,7136,0,602560,2210624,0,0,0,0,0,0.0,0,0,,095-n256-ref-update-cgit,82092032,8428,0,32,,,,,,,
run-07,unique-crawl,128,anubis-d4-solve,requests,128,128,1.0,2.473974882,51.73860128140137,51.73860128140137,4.8299765625,0.6182369999999999,128,2,1.0,3.5790338,2.1902116,2.9607968,0.2822727265256014,98185216,60944384,0,0,199.84054700000007,628.3364765999993,798.46449001,1355643,122767,1355643,122767,0,2424832,1255835,0,0,16,916465,0,0.0,0,0,,096-n128-unique-crawl-anubis-d4-solve,440025088,14564,5681.633013,128,,,,,,,
run-07,human-mix,256,nginx-warm,requests,40,40,1.0,5.206961586,7.68202325662404,7.68202325662404,0.0,0.0,0,0,0.0,0.009356299999999984,0.2123098,0.009356299999999984,0.0,30355456,23236608,157894,200704,1.2565905000000157,2.240129949999964,6.9033691600000004,343622,10464,343622,10464,0,0,0,0,0,0,0,40,1.0,0,0,,097-n256-human-mix-nginx-warm,48316416,0,0,40,,,,,,,
run-07,human-mix,256,bounded-cold,requests,40,6,0.15,7.569578425,5.2843101364657565,0.7926465204698635,0.0,0,0,0,0.0,0.5995829000000001,0.3863182,0.5995829000000001,0.0,97050624,76173312,0,0,3.9606579999999667,506.4121485999974,1377.9804892199998,383106,33400,459166,34310,75562,0,0,0,0,0,0,0,0.0,94,10,,098-n256-human-mix-bounded-cold,67637248,0,0,6,,32,0,0.0,32,0,2
run-07,alias-flood,128,nginx-warm,requests,128,128,1.0,0.569483298,224.76515193602748,224.76515193602748,0.6381171875,0.081679,12,2,3.0,0.3718448,0.9614087,0.2901658,0.08495762520143618,53649408,33488896,241671,266240,0.78219500000003,97.32669619999999,151.34313522000008,1879436,33472,1879436,33472,0,227040,174597,0,0,0,0,116,0.90625,0,0,,099-n128-alias-flood-nginx-warm,258400256,11516,0,128,,,,,,,
run-07,session-churn,256,anubis-d4-solve,requests,128,128,1.0,2.373707592,53.924080805653,53.924080805653,4.9234609375,0.630203,128,2,4.0,3.6662252,2.4953421,3.0360222,0.25255174430792476,92770304,49913856,0,0,113.23182600000007,233.4710297999999,344.8951249400001,1468312,136128,1468312,136128,0,2425344,1283832,0,0,32,1760562,0,0.0,0,0,,100-n256-session-churn-anubis-d4-solve,339365888,11432,2774.704663,128,,,,,,,
run-07,unique-crawl,32,bounded-cold,requests,32,0,0.0,0.670770596,47.706324920658865,0.0,0.0,0,0,0,0.0,0.268143,0.9134561,0.268143,0.0,98099200,78409728,0,0,59.42224599999997,99.73016265000001,100.20768829000002,4320,8232,612800,15512,604496,0,0,0,0,0,0,0,0.0,0,0,,101-n32-unique-crawl-bounded-cold,269475840,0,0,,,32,0,0.0,32,0,
run-07,repeat-burst,32,bounded-warm,requests,32,32,1.0,0.67129468,47.669080291236625,47.669080291236625,0.0,0.0,0,0,0.0,0.23887920000000018,0.9139478,0.23887920000000018,0.0,98594816,78123008,59108,81920,62.887710999999996,95.00382920000001,112.72081207000008,459272,8064,1067752,15344,604496,0,0,0,0,0,0,0,0.0,0,0,,102-n32-repeat-burst-bounded-warm,265383936,0,0,32,,32,32,1.0,,0,
run-07,session-churn,256,anubis-d5-solve,requests,128,128,1.0,16.606248397,7.707942031213011,7.707942031213011,4.6444765624999995,0.5944929999999999,128,2,4.0,3.5417763,30.615214,2.9472833,0.019418221280439192,81559552,41779200,0,0,73.2564460000001,3722.883959249999,7493.026311120006,1468313,136098,1468313,136098,0,2425344,1283832,0,0,32,35323642,0,0.0,0,0,,103-n256-session-churn-anubis-d5-solve,393977856,11428,88657.472671,128,,,,,,,
run-07,alias-flood,128,cgit,requests,128,128,1.0,2.475308183,51.71073278029881,51.71073278029881,7.160609375,0.916558,128,2,32.0,3.9557575,0.9784695,3.0391994999999996,0.9367261830849096,69906432,39370752,0,0,259.8549715000001,292.58550799999995,309.80538500999995,1877248,33472,1877248,33472,0,2418688,1862368,0,0,0,0,0,0.0,0,0,,104-n128-alias-flood-cgit,266821632,11796,0,128,,,,,,,
run-07,large-plain,256,bounded-cold,requests,32,0,0.0,0.419364836,76.30587319915396,0.0,0.0,0,0,0,0.0,0.27151170000000013,0.5020254,0.27151170000000013,0.0,96727040,76320768,0,0,13.929430999999994,63.92801294999999,64.84942513999998,4320,10048,308560,13688,302248,0,0,0,0,0,0,0,0.0,0,0,,105-n256-large-plain-bounded-cold,140627968,0,0,,,32,0,0.0,32,0,
run-07,unique-crawl,512,bounded-warm,requests,512,512,1.0,1.171530933,437.034981815542,437.034981815542,0.0,0.0,0,0,0.0,1.1994718000000013,1.3716994,1.1994718000000013,0.0,183132160,184868864,5317361,8028160,13.351322000000039,38.15030284999998,118.17274412999997,5099908,131712,5708388,138992,604496,0,0,0,0,0,0,0,0.0,0,0,,106-n512-unique-crawl-bounded-warm,300158976,0,0,512,,512,512,1.0,,0,
run-07,human-mix,256,anubis-d4-solve,requests,40,40,1.0,5.699134005,7.018610189707234,7.018610189707234,4.4113,0.176452,40,2,2.3529411764705883,1.0252834,0.2412709,0.8488313999999999,0.7313438960106668,88080384,41672704,0,0,26.37430199999983,35.12039010000004,57.28554208999999,353543,35860,353543,35860,0,756784,338296,0,0,2,19877,0,0.0,0,0,,107-n256-human-mix-anubis-d4-solve,59428864,11368,42.79331199999999,40,,,,,,,
run-07,repeat-burst,128,bounded-warm,requests,128,128,1.0,0.821944212,155.7283306230034,155.7283306230034,0.0,0.0,0,0,0.0,0.6025856,1.0335769,0.6025856,0.0,113291264,94040064,59108,81920,27.15023149999999,122.09789969999984,136.72769002,1837088,32256,2445568,39536,604496,0,0,0,0,0,0,0,0.0,0,0,,108-n128-repeat-burst-bounded-warm,272445440,0,0,128,,128,128,1.0,,0,
run-07,unique-crawl,512,cgit,requests,512,512,1.0,7.736835424,66.1769278963533,66.1769278963533,4.817294921875,2.466455,512,2,1.0,13.941729599999999,1.4566145,11.475274599999999,1.6932791757874166,72286208,51347456,0,0,229.87887299999988,253.21422365,275.63813351000005,5172820,131712,5172820,131712,0,9676800,5113281,0,0,0,0,0,0.0,0,0,,109-n512-unique-crawl-cgit,299380736,14612,0,512,,,,,,,
run-07,unique-crawl,32,cgit,requests,32,32,1.0,0.92102404,34.74393567403517,34.74393567403517,4.593812499999999,0.147002,32,2,1.0,0.8541363,0.87042,0.7071343,0.16888628478205922,46419968,33853440,0,0,209.314856,274.79334394999995,283.77654139,319129,8232,319129,8232,0,604672,315411,0,0,0,0,0,0.0,0,0,,110-n32-unique-crawl-cgit,258129920,11440,0,32,,,,,,,
run-07,human-mix,256,cgit,requests,40,40,1.0,5.659166353,7.068178863269404,7.068178863269404,4.4453000000000005,0.177812,40,2,2.3529411764705883,0.9926135999999999,0.196478,0.8148015999999999,0.9049969971192703,48730112,26173440,0,0,25.43300350000004,34.887706550000004,36.523699650000175,342942,10464,342942,10464,0,755024,338296,0,0,0,0,0,0.0,0,0,,111-n256-human-mix-cgit,48222208,11572,0,40,,,,,,,
run-08,unique-crawl,32,bounded-cold,requests,32,0,0.0,0.673897497,47.48496639689997,0.0,0.0,0,0,0,0.0,0.2948164,0.9809789,0.2948164,0.0,98062336,77189120,0,0,59.369943000000006,104.52410665000001,109.26858069999999,4320,8239,612800,15519,604496,0,0,0,0,0,0,0,0.0,0,0,,000-n32-unique-crawl-bounded-cold,265527296,0,0,,,32,0,0.0,32,0,
run-08,unique-crawl,512,anubis-d5-solve,requests,512,512,1.0,11.780770221,43.460655831087024,43.460655831087024,5.09384765625,2.60805,512,2,1.0,15.222602,17.7681232,12.614552,0.1467825256862244,103374848,58957824,0,0,89.89881800000012,120.04035180000074,5993.082806189998,5257800,448586,5257800,448586,0,9699328,5113281,0,0,16,16925075,0,0.0,0,0,,001-n512-unique-crawl-anubis-d5-solve,745213952,14520,75800.043745,512,,,,,,,
run-08,repeat-burst,128,anubis-d4-solve,requests,128,128,1.0,2.625553389,48.751627194582255,48.751627194582255,6.9877265625,0.8944289999999999,128,2,32.0,3.8932952,2.139082,2.9988662,0.4181368456188215,100753408,55783424,0,0,221.89112650000004,543.8019457499993,837.3334686300001,1941207,121959,1941207,121959,0,2424832,1841536,0,0,16,885489,0,0.0,0,0,,002-n128-repeat-burst-anubis-d4-solve,428441600,11588,5366.04134,128,,,,,,,
run-08,human-mix,256,anubis-d5-nosolve,requests,40,0,0.0,5.158926839,7.7535505441968136,0.0,0.0,0,0,0,0.0,0.03568960000000001,0.2148119,0.03568960000000001,0.0,53035008,23265280,0,0,1.890042499999936,2.8123684000000013,7.758620939999999,176159,15318,176159,15318,0,0,0,0,0,40,0,0,0.0,0,0,,003-n256-human-mix-anubis-d5-nosolve,49152000,0,0,,40,,,,,,
run-08,human-mix,256,anubis-d5-solve,requests,40,40,1.0,9.969534976,4.012223247753617,4.012223247753617,5.1095749999999995,0.20438299999999998,40,1,2.2222222222222223,1.0409133,6.4255066,0.8365303,0.03180807564651789,76263424,36032512,0,0,26.031850500000246,130.3355120999948,3392.9747217799986,408474,35818,408474,35818,0,756846,393220,0,0,2,7331378,0,0.0,0,0,,004-n256-human-mix-anubis-d5-solve,106340352,11412,6178.210419000001,40,,,,,,,
run-08,large-plain,256,bounded-warm,requests,32,32,1.0,1.021680907,31.32093374825101,31.32093374825101,0.0,0.0,0,0,0.0,1.3913046999999998,1.2245089,1.3913046999999998,0.0,188489728,174415872,4106402,4112384,155.6346075,252.36412269999997,261.11989031,131455744,10048,131759984,13688,302248,0,0,0,0,0,0,0,0.0,0,0,,005-n256-large-plain-bounded-warm,366522368,0,0,32,,32,32,1.0,,0,
run-08,unique-crawl,32,bounded-warm,requests,32,32,1.0,0.670280274,47.74122294996854,47.74122294996854,0.0,0.0,0,0,0.0,0.2602266000000002,0.9040991,0.2602266000000002,0.0,106123264,86925312,344008,507904,66.44178850000003,103.22061624999999,103.76136473000001,330417,8239,938897,15519,604496,0,0,0,0,0,0,0,0.0,0,0,,006-n32-unique-crawl-bounded-warm,265584640,0,0,32,,32,32,1.0,,0,
run-08,alias-flood,32,anubis-d5-solve,requests,32,32,1.0,5.448498984,5.873177198705704,5.873177198705704,6.871375,0.219884,32,2,8.0,0.9714963,10.4436359,0.7516123,0.021054353302378148,73502720,39469056,0,0,388.73622149999994,4644.90871515,4940.65143653,554485,41695,554485,41695,0,605952,465592,0,0,16,10408841,0,0.0,0,0,,007-n32-alias-flood-anubis-d5-solve,507682816,11608,39931.398414,32,,,,,,,
run-08,ref-update,256,nginx-warm,after-publication,32,0,0.0,0.21869621,146.32169437229845,0.0,0.0,0.0,0,0,0.0,0.00216100000000001,0.27196610000000004,0.00216100000000001,0.0,29933568,19558400,70015,73728,0.8043664999999933,11.683584199999995,17.586434840000003,2214336,7136,2214336,7136,0,0,0,0,0,0,0,32,1.0,0,0,32,008-n256-ref-update-nginx-warm,79147008,0,0,,,,,,,,
run-08,ref-update,256,nginx-warm,requests,32,32,1.0,0.218444709,146.4901582944726,146.4901582944726,0.0,0.0,0,0,0.0,0.0026853999999999906,0.2603792,0.0026853999999999906,0.0,29933568,19558400,70015,73728,0.7681485000000023,7.084074050000004,14.925754930000013,2214336,7136,2214336,7136,0,0,0,0,0,0,0,32,1.0,0,0,,008-n256-ref-update-nginx-warm,77668352,0,0,32,,,,,,,
run-08,ref-update,256,anubis-d4-solve,after-publication,32,32,1.0,0.670317684,47.73855854293708,47.73855854293708,1.9629062499999999,0.062813,32,1,32.0,0.7153243000000001,0.6480522000000001,0.6525113000000001,0.09692583406089816,83337216,42377216,0,0,44.84330650000001,171.49283435,248.77087012000013,2234592,29341,2234592,29341,0,603968,2210464,0,0,4,319077,0,0.0,0,0,,009-n256-ref-update-anubis-d4-solve,133812224,8420,593.3026550000001,32,,,,,,,
run-08,ref-update,256,anubis-d4-solve,requests,32,32,1.0,0.619462183,51.65771354278135,51.65771354278135,2.0410625,0.065314,32,2,32.0,0.7215881,0.5651954,0.6562741,0.11556003463580913,84484096,41750528,0,0,36.701053000000016,166.8188048,211.22190948000005,2234744,29321,2234744,29321,0,603968,2210624,0,0,4,249578,0,0.0,0,0,,009-n256-ref-update-anubis-d4-solve,122585088,8420,391.927929,32,,,,,,,
run-08,alias-flood,128,nginx-cold,requests,128,128,1.0,0.670996049,190.76118285757596,190.76118285757596,0.8786015625,0.11246099999999999,16,2,4.0,0.5073742,0.9243418,0.3949132,0.12166603306266144,64794624,36429824,241671,266240,0.6353759999999795,162.93442629999996,242.85281541000003,1879440,33472,1879440,33472,0,302720,232796,0,0,0,0,112,0.875,0,0,,010-n128-alias-flood-nginx-cold,256679936,11540,0,128,,,,,,,
run-08,alias-flood,128,bounded-warm,requests,128,128,1.0,0.822127888,155.69353852158827,155.69353852158827,0.0,0.0,0,0,0.0,0.5971335,1.0761471,0.5971335,0.0,116191232,96755712,59759,81920,30.41933700000004,97.88219390000002,107.04026043000002,1857920,33472,2466400,40752,604496,0,0,0,0,0,0,0,0.0,0,0,,011-n128-alias-flood-bounded-warm,272990208,0,0,128,,128,128,1.0,,0,
run-08,comparisons,256,anubis-d4-solve,requests,64,64,1.0,65.623130734,0.9752658747632862,0.9752658747632862,1246.9949843749998,79.807679,64,2,4.0,120.2586037,2.7143003,40.4509247,29.402671104593693,1027964928,509997056,0,0,2709.6659975000002,9743.864643399995,14552.112794549996,546029140,60955,546029140,60955,0,1208192,545999988,0,0,4,289553,0,0.0,0,0,,012-n256-comparisons-anubis-d4-solve,535662592,391456,463.63616299999995,64,,,,,,,
run-08,comparisons,256,anubis-d5-nosolve,requests,64,0,0.0,0.570454646,112.19121528550055,0.0,0.0,0,0,0,0.0,0.025958299999999997,0.8045233,0.025958299999999997,0.0,57737216,27095040,0,0,1.2758065000000158,8.654069849999985,17.430075729999956,281871,26940,281871,26940,0,0,0,0,0,64,0,0,0.0,0,0,,013-n256-comparisons-anubis-d5-nosolve,402509824,0,0,,64,,,,,,
run-08,alias-flood,128,anubis-d4-solve,requests,128,128,1.0,2.724343733,46.983792261429734,46.983792261429734,7.1960859375,0.921099,128,2,32.0,4.0474035,2.5232749,3.1263045,0.3650410821270405,103989248,55341056,0,0,221.61802350000005,732.6408055499998,976.7526569900003,1962380,123535,1962380,123535,0,2424320,1862368,0,0,16,1211673,0,0.0,0,0,,014-n128-alias-flood-anubis-d4-solve,473649152,11704,6806.783895,128,,,,,,,
run-08,repeat-burst,128,nginx-warm,requests,128,128,1.0,0.569518819,224.75113328959196,224.75113328959196,0.0,0.0,0,0,0.0,0.006563700000000006,0.9728779,0.006563700000000006,0.0,30248960,22511616,60076,69632,0.735984000000002,29.733867250000014,55.39312870000001,1858592,32256,1858592,32256,0,0,0,0,0,0,0,128,1.0,0,0,,015-n128-repeat-burst-nginx-warm,253353984,0,0,128,,,,,,,
run-08,unique-crawl,32,anubis-d5-nosolve,requests,32,0,0.0,0.520581306,61.469744747230706,0.0,0.0,0,0,0,0.0,0.019827499999999998,0.8825079,0.019827499999999998,0.0,56684544,27148288,0,0,12.348927999999972,60.83340595000002,65.30103100000001,140917,10303,140917,10303,0,0,0,0,0,32,0,0,0.0,0,0,,016-n32-unique-crawl-anubis-d5-nosolve,249946112,0,0,,32,,,,,,
run-08,repeat-burst,512,anubis-d4-solve,requests,512,512,1.0,8.891429055,57.58354442608776,57.58354442608776,7.0296171875,3.599164,512,2,128.0,15.879287,2.2572822,12.280123,1.5944678959502714,115994624,68546560,0,0,259.995018,299.354569,466.6303922200001,7510460,445640,7510460,445640,0,9699328,7366144,0,0,16,574618,0,0.0,0,0,,017-n512-repeat-burst-anubis-d4-solve,403161088,11728,3503.043149,512,,,,,,,
run-08,alias-flood,512,anubis-d4-solve,requests,512,512,1.0,8.890956444,57.586605358472944,57.586605358472944,7.004423828125,3.586265,512,2,128.0,15.7030748,2.588608,12.116809799999999,1.3854028883477145,128847872,67141632,0,0,252.65913500000033,290.0325562500001,676.4679481899997,7594171,450877,7594171,450877,0,9697280,7449472,0,0,16,932301,0,0.0,0,0,,018-n512-alias-flood-anubis-d4-solve,453918720,11768,5745.167967,512,,,,,,,
run-08,repeat-burst,128,bounded-warm,requests,128,128,1.0,0.870839754,146.98456221372732,146.98456221372732,0.0,0.0,0,0,0.0,0.6161225000000001,1.0218055,0.6161225000000001,0.0,112652288,92991488,59108,81920,28.4167085,92.53489839999992,101.82637726000002,1837088,32256,2445568,39536,604496,0,0,0,0,0,0,0,0.0,0,0,,019-n128-repeat-burst-bounded-warm,270741504,0,0,128,,128,128,1.0,,0,
run-08,unique-crawl,512,bounded-warm,requests,512,512,1.0,1.122958616,455.93844038861715,455.93844038861715,0.0,0.0,0,0,0.0,1.1771060999999996,1.3845038,1.1771060999999996,0.0,184492032,180396032,5317361,8028160,15.085915500000056,29.85726445,82.06608139999986,5099908,131712,5708388,138992,604496,0,0,0,0,0,0,0,0.0,0,0,,020-n512-unique-crawl-bounded-warm,301867008,0,0,512,,512,512,1.0,,0,
run-08,repeat-burst,512,cgit,requests,512,512,1.0,8.44018877,60.66215033245044,60.66215033245044,6.929419921875,3.547863,512,2,128.0,15.2678548,1.4561364,11.7199918,2.436490839731772,76103680,48488448,0,0,250.05126649999988,280.0127067000001,290.0949756099999,7425664,129024,7425664,129024,0,9676800,7366144,0,0,0,0,0,0.0,0,0,,021-n512-repeat-burst-cgit,291549184,11708,0,512,,,,,,,
run-08,alias-flood,32,cgit,requests,32,32,1.0,0.924674416,34.60677558099542,34.60677558099542,6.74346875,0.21579099999999998,32,2,8.0,0.9275013,0.8315584,0.7117103,0.25950191832588065,56897536,35610624,0,0,227.65384150000003,302.29409615,306.15781803,469312,8368,469312,8368,0,604544,465592,0,0,0,0,0,0.0,0,0,,022-n32-alias-flood-cgit,259604480,11672,0,32,,,,,,,
run-08,unique-crawl,128,anubis-d5-solve,requests,128,128,1.0,8.598396915,14.886495850953631,14.886495850953631,4.9494140625,0.633525,128,2,1.0,3.6424743,15.2126229,3.0089493,0.041644692316668154,84258816,50290688,0,0,71.61680850000016,4935.154626949996,6850.46864917,1413085,122872,1413085,122872,0,2424832,1313216,0,0,16,15205296,0,0.0,0,0,,023-n128-unique-crawl-anubis-d5-solve,598523904,14552,65278.058278,128,,,,,,,
run-08,comparisons,256,anubis-d5-solve,requests,64,64,1.0,65.573024283,0.9760111066982188,0.9760111066982188,1236.609375,79.143,64,2,4.0,119.10602180000001,5.9473847,39.96302180000001,13.307193664469024,1060892672,513232896,0,0,2661.055001999999,8991.999431249995,14162.099635319997,546029138,60969,546029138,60969,0,1208192,545999988,0,0,4,3828938,0,0.0,0,0,,024-n256-comparisons-anubis-d5-solve,582557696,391240,4148.975208,64,,,,,,,
run-08,unique-crawl,128,bounded-cold,requests,128,0,0.0,0.820639612,155.97589749299112,0.0,0.0,0,0,0,0.0,0.6034163,1.0833946,0.6034163,0.0,100405248,79847424,0,0,24.00874299999998,93.0684057,107.55367099000001,17280,32963,625760,40243,604496,0,0,0,0,0,0,0,0.0,0,0,,025-n128-unique-crawl-bounded-cold,269754368,0,0,,,128,0,0.0,128,0,
run-08,unique-crawl,128,nginx-warm,requests,128,128,1.0,0.569928698,224.589497684849,224.589497684849,0.0,0.0,0,0,0.0,0.006860300000000041,0.9749091,0.006860300000000041,0.0,29847552,30953472,1380480,1597440,1.0093889999999988,41.021886849999945,66.87122974000002,1330286,32963,1330286,32963,0,0,0,0,0,0,0,128,1.0,0,0,,026-n128-unique-crawl-nginx-warm,255541248,0,0,128,,,,,,,
run-08,repeat-burst,128,anubis-d5-solve,requests,128,128,1.0,9.764028223,13.109343508295591,13.109343508295591,6.975179687499999,0.8928229999999999,128,2,32.0,3.9253291,16.3761963,3.0325061,0.054519558977196673,84713472,46628864,0,0,70.00446999999986,4093.664859199996,6726.530347540002,1941190,121992,1941190,121992,0,2424832,1841536,0,0,16,17090650,0,0.0,0,0,,027-n128-repeat-burst-anubis-d5-solve,616628224,11768,58491.822045,128,,,,,,,
run-08,unique-crawl,128,bounded-warm,requests,128,128,1.0,0.820367606,156.02761379634484,156.02761379634484,0.0,0.0,0,0,0.0,0.5409300999999997,1.0859272,0.5409300999999997,0.0,161906688,145125376,1364236,2035712,26.306938499999973,109.0561771,113.30959077000001,1309882,32963,1918362,40243,604496,0,0,0,0,0,0,0,0.0,0,0,,028-n128-unique-crawl-bounded-warm,273715200,0,0,128,,128,128,1.0,,0,
run-08,alias-flood,128,anubis-d5-nosolve,requests,128,0,0.0,0.519936339,246.1839852282377,0.0,0.0,0,0,0,0.0,0.0491933,0.9768555,0.0491933,0.0,58814464,28188672,0,0,7.412218500000023,34.274800449999994,69.75740882000002,563509,47920,563509,47920,0,0,0,0,0,128,0,0,0.0,0,0,,029-n128-alias-flood-anubis-d5-nosolve,267493376,0,0,,128,,,,,,
run-08,unique-crawl,32,anubis-d5-solve,requests,32,32,1.0,13.493860891,2.37144878389424,2.37144878389424,5.5462187499999995,0.177479,32,1,1.0,0.9816791999999999,25.4875786,0.8042001999999999,0.006963352729003453,76156928,39796736,0,0,754.2826564999997,11813.9172002,12672.962199570002,419986,41428,419986,41428,0,606080,331292,0,0,16,26896853,0,0.0,0,0,,030-n32-unique-crawl-anubis-d5-solve,719953920,13480,130039.380744,32,,,,,,,
run-08,repeat-burst,512,bounded-warm,requests,512,512,1.0,1.372323253,373.0899399108265,373.0899399108265,0.0,0.0,0,0,0.0,1.6772084999999999,1.3864449,1.6772084999999999,0.0,159436800,141561856,59108,81920,22.361162499999978,51.82768889999994,103.03933910999976,7348352,129024,7956832,136304,604496,0,0,0,0,0,0,0,0.0,0,0,,031-n512-repeat-burst-bounded-warm,302026752,0,0,512,,512,512,1.0,,0,
run-08,ref-update,256,anubis-d5-nosolve,after-publication,32,0,0.0,0.16870671,189.67828843322235,0.0,0.0,0,0,0,0.0,0.011491699999999994,0.26733189999999996,0.011491699999999994,0.0,57188352,27197440,0,0,1.3499544999999955,8.549254099999995,18.536053990000013,140903,10748,140903,10748,0,0,0,0,0,32,0,0,0.0,0,0,,032-n256-ref-update-anubis-d5-nosolve,77721600,0,0,,32,,,,,,
run-08,ref-update,256,anubis-d5-nosolve,requests,32,0,0.0,0.219012224,146.110565956355,0.0,0.0,0,0,0,0.0,0.015294099999999991,0.2890467,0.015294099999999991,0.0,57188352,27066368,0,0,1.5103540000000066,10.460290299999995,12.667819629999997,140925,10748,140925,10748,0,0,0,0,0,32,0,0,0.0,0,0,,032-n256-ref-update-anubis-d5-nosolve,77721600,0,0,,32,,,,,,
run-08,unique-crawl,512,bounded-cold,requests,512,0,0.0,1.273883366,401.92062606774005,0.0,0.0,0,0,0,0.0,1.4774702,1.3030282,1.4774702,0.0,141426688,121868288,0,0,16.711461999999926,48.218376049999975,131.32925453,69120,131712,677600,138992,604496,0,0,0,0,0,0,0,0.0,0,0,,033-n512-unique-crawl-bounded-cold,281485312,0,0,,,512,0,0.0,512,0,
run-08,comparisons,256,nginx-warm,requests,64,64,1.0,1.37269471,46.62362252419549,46.62362252419549,0.0,0.0,0,0,0.0,0.18991709999999884,2.2259426,0.18991709999999884,0.0,66682880,322609152,136509511,136548352,12.132945999999976,105.6027188999999,195.7944530099996,546008608,19200,546008608,19200,0,0,0,0,0,0,0,64,1.0,0,0,,034-n256-comparisons-nginx-warm,611606528,0,0,64,,,,,,,
run-08,repeat-burst,512,anubis-d5-nosolve,requests,512,0,0.0,0.770130519,664.8223740890342,0.0,0.0,0,0,0,0.0,0.15819489999999997,1.4420938,0.15819489999999997,0.0,60477440,30003200,0,0,6.342230000000001,19.078397499999966,46.35729175999998,2254477,193008,2254477,193008,0,0,0,0,0,512,0,0,0.0,0,0,,035-n512-repeat-burst-anubis-d5-nosolve,291008512,0,0,,512,,,,,,
run-08,session-churn,256,bounded-warm,requests,128,128,1.0,0.620512289,206.28116842984878,206.28116842984878,0.0,0.0,0,0,0.0,0.5470564000000002,0.607917,0.5470564000000002,0.0,121487360,102002688,333698,499712,13.162146500000006,59.68424259999998,62.905638830000015,1280424,32256,1584664,35896,302248,0,0,0,0,0,0,0,0.0,0,0,,036-n256-session-churn-bounded-warm,147722240,0,0,128,,128,128,1.0,,0,
run-08,alias-flood,512,nginx-warm,requests,512,512,1.0,0.670179119,763.974862069673,763.974862069673,0.16384765624999997,0.08388999999999999,12,2,3.0,0.4003847,1.2034906,0.3164947,0.06970557144359914,58277888,34361344,241671,266240,1.1034594999999854,18.021408300000004,134.07242447999977,7517708,133888,7517708,133888,0,227040,174597,0,0,0,0,500,0.9765625,0,0,,037-n512-alias-flood-nginx-warm,274984960,11364,0,512,,,,,,,
run-08,human-mix,256,bounded-warm,requests,40,38,0.95,7.529573809,5.312385669450312,5.046766385977796,0.0,0.0,0,0,0.0,0.44722170000000006,0.347162,0.44722170000000006,0.0,100450304,79757312,159104,229376,4.2270350000001145,267.79445954999983,962.0317088999996,665171,24568,741231,25478,75562,0,0,0,0,0,0,0,0.0,58,36,,038-n256-human-mix-bounded-warm,66457600,0,0,38,,33,33,1.0,,0,2
run-08,comparisons,256,cgit,requests,64,64,1.0,65.623966736,0.9752534505795255,0.9752534505795255,1246.251640625,79.760105,64,2,4.0,119.3220589,2.4277256,39.561953900000006,32.8538385886774,973156352,500498432,0,0,2710.754913999999,10673.058024199998,14647.2270596,546007520,19200,546007520,19200,0,1205376,545999988,0,0,0,0,0,0.0,0,0,,039-n256-comparisons-cgit,511868928,391240,0,64,,,,,,,
run-08,unique-crawl,512,anubis-d4-solve,requests,512,512,1.0,8.291612007,61.74915077644202,61.74915077644202,4.8267753906249995,2.4713089999999998,512,2,1.0,14.2088367,3.4226037,11.737527700000001,0.72205525869092,110682112,67682304,0,0,229.66977799999972,259.9174300000001,976.0953150099986,5257805,448575,5257805,448575,0,9699328,5113281,0,0,16,1587054,0,0.0,0,0,,040-n512-unique-crawl-anubis-d4-solve,512655360,14616,9733.881938,512,,,,,,,
run-08,repeat-burst,32,anubis-d5-solve,requests,32,32,1.0,10.831035061,2.9544729400077787,2.9544729400077787,6.699281249999999,0.21437699999999998,32,1,8.0,0.9734798000000001,19.6116085,0.7591028000000002,0.010931127857258622,82202624,40226816,0,0,142.91280350000028,8056.72078195,9824.481706950002,548887,41047,548887,41047,0,606080,460384,0,0,16,21222144,0,0.0,0,0,,041-n32-repeat-burst-anubis-d5-solve,643051520,11584,73622.767227,32,,,,,,,
run-08,repeat-burst,32,anubis-d4-solve,requests,32,32,1.0,1.37127796,23.335896100889713,23.335896100889713,7.6068125,0.243418,32,2,8.0,1.1177673,2.2822953,0.8743492999999999,0.10665491008109249,88522752,44994560,0,0,145.48320550000005,776.6542211000001,899.0022934300001,548887,41028,548887,41028,0,606080,460384,0,0,16,1112182,0,0.0,0,0,,042-n32-repeat-burst-anubis-d4-solve,336711680,11488,5619.319827,32,,,,,,,
run-08,unique-crawl,128,nginx-cold,requests,128,128,1.0,2.373920908,53.919235290715086,53.919235290715086,4.98025,0.6374719999999999,128,2,1.0,3.6242127,1.0462621,2.9867407000000004,0.6092851877173032,73633792,47632384,1380480,1597440,246.8636575,267.2326306499999,459.5619835999999,1330414,32963,1330414,32963,0,2422272,1313216,0,0,0,0,0,0.0,0,0,,043-n128-unique-crawl-nginx-cold,265678848,14576,0,128,,,,,,,
run-08,alias-flood,512,anubis-d5-solve,requests,512,512,1.0,11.628129245,44.031158341326126,44.031158341326126,7.305298828125,3.740313,512,2,128.0,16.3748511,15.9318052,12.6345381,0.2347701941522609,119369728,59408384,0,0,99.82257800000025,190.02392319999962,6074.619552759996,7594175,450907,7594175,450907,0,9697280,7449472,0,0,16,15091000,0,0.0,0,0,,044-n512-alias-flood-anubis-d5-solve,710737920,11768,71540.436366,512,,,,,,,
run-08,human-mix,256,cgit,requests,40,40,1.0,5.710224232,7.004978854567685,7.004978854567685,4.9641,0.198564,40,2,2.2222222222222223,1.0110336,0.2010029,0.8124696,0.9878663442169241,52330496,28405760,0,0,25.89405900000014,32.926694399999995,33.97516749000014,397871,10416,397871,10416,0,755086,393220,0,0,0,0,0,0.0,0,0,,045-n256-human-mix-cgit,48484352,11452,0,40,,,,,,,
run-08,repeat-burst,32,nginx-cold,requests,32,32,1.0,0.920987446,34.74531617014028,34.74531617014028,0.8201249999999999,0.026243999999999996,4,2,1.0,0.122363,0.8199201,0.09611900000000001,0.03200799687676884,31215616,31399936,60076,69632,19.78846250000001,520.8796517999999,533.8766614399999,464652,8064,464652,8064,0,75680,57548,0,0,0,0,28,0.875,0,0,,046-n32-repeat-burst-nginx-cold,256471040,11372,0,32,,,,,,,
run-08,repeat-burst,512,nginx-cold,requests,512,512,1.0,1.070807401,478.1438749133188,478.1438749133188,0.053208984375,0.027243,4,1,1.0,0.1413253,1.1629677,0.11408229999999998,0.023425414136609295,58527744,26025984,60076,69632,0.7807595000000163,17.59314605000002,530.20908863,7434372,129024,7434372,129024,0,75696,57548,0,0,0,0,508,0.9921875,0,0,,047-n512-repeat-burst-nginx-cold,264347648,11304,0,512,,,,,,,
run-08,alias-flood,128,cgit,requests,128,128,1.0,2.425687742,52.76853973564747,52.76853973564747,6.9251015625,0.886413,128,2,32.0,3.8250857000000003,0.980157,2.9386727,0.9043581793528996,65015808,39096320,0,0,249.87288700000005,289.1282194,291.13748973,1877248,33472,1877248,33472,0,2418688,1862368,0,0,0,0,0,0.0,0,0,,048-n128-alias-flood-cgit,269316096,11708,0,128,,,,,,,
run-08,alias-flood,32,bounded-warm,requests,32,32,1.0,0.669846973,47.77210510735562,47.77210510735562,0.0,0.0,0,0,0.0,0.25095259999999997,0.9384988,0.25095259999999997,0.0,100515840,79589376,59759,81920,52.04680400000001,90.34960735,105.09500415000005,464480,8368,1072960,15648,604496,0,0,0,0,0,0,0,0.0,0,0,,049-n32-alias-flood-bounded-warm,265306112,0,0,32,,32,32,1.0,,0,
run-08,repeat-burst,32,bounded-cold,requests,32,0,0.0,0.671307666,47.66815816460526,0.0,0.0,0,0,0,0.0,0.2760868999999999,0.9119252,0.2760868999999999,0.0,96661504,75722752,0,0,67.646941,107.98025235,113.61136814000004,4320,8064,612800,15344,604496,0,0,0,0,0,0,0,0.0,0,0,,050-n32-repeat-burst-bounded-cold,265650176,0,0,,,32,0,0.0,32,0,
run-08,large-plain,256,anubis-d5-solve,requests,32,32,1.0,2.426779822,13.18619831511027,13.18619831511027,7.159843749999999,0.22911499999999999,32,1,32.0,1.1594072,4.0353242,0.9302922,0.05677734641494232,88436736,56893440,0,0,41.807762999999966,1266.3969514999994,1930.0981471300004,131443046,37119,131443046,37119,0,604096,131396512,0,0,8,3488937,0,0.0,0,0,,051-n256-large-plain-anubis-d5-solve,274001920,10100,6307.97008,32,,,,,,,
run-08,comparisons,256,bounded-cold,requests,64,28,0.4375,106.274659212,0.6022131755071621,0.2634682642843834,0.0,0,0,0,0.0,5.4516209,16.2206309,5.4516209,0.0,192823296,171597824,0,0,194.89161199999216,50320.188682149994,53895.0374458,11978345,1821872,12130465,1823692,151124,0,0,0,0,0,0,0,0.0,7388,24800,,052-n256-comparisons-bounded-cold,433467392,0,0,28,,0,0,,,0,36
run-08,repeat-burst,128,anubis-d5-nosolve,requests,128,0,0.0,0.621209783,206.04955604828265,0.0,0.0,0,0,0,0.0,0.043245399999999996,1.0800585,0.043245399999999996,0.0,55930880,25550848,0,0,7.220677000000023,45.48695749999997,58.21476539000002,563575,46704,563575,46704,0,0,0,0,0,128,0,0,0.0,0,0,,053-n128-repeat-burst-anubis-d5-nosolve,266084352,0,0,,128,,,,,,
run-08,large-plain,256,anubis-d5-nosolve,requests,32,0,0.0,0.269497117,118.73967468082414,0.0,0.0,0,0,0,0.0,0.016971400000000005,0.4747164,0.016971400000000005,0.0,52674560,22691840,0,0,2.3653454999999894,26.91259514999999,46.28025857000003,140881,13144,140881,13144,0,0,0,0,0,32,0,0,0.0,0,0,,054-n256-large-plain-anubis-d5-nosolve,136093696,0,0,,32,,,,,,
run-08,session-churn,256,nginx-warm,requests,128,128,1.0,0.319002004,401.2513977811876,401.2513977811876,0.0,0.0,0,0,0.0,0.005435799999999991,0.5523872,0.005435799999999991,0.0,30568448,23408640,337941,401408,0.713577000000015,14.271284899999962,27.31495809999999,1300888,32256,1300888,32256,0,0,0,0,0,0,0,128,1.0,0,0,,055-n256-session-churn-nginx-warm,142012416,0,0,128,,,,,,,
run-08,large-plain,256,nginx-cold,requests,32,32,1.0,0.872766266,36.665028480832696,36.665028480832696,0.22434374999999998,0.007179,1,1,1.0,0.08824219999999999,0.7385798,0.08106319999999999,0.009720005881558092,39034880,27623424,4107165,4112384,31.57503250000002,540.6575445,545.0986955899999,131400225,10048,131400225,10048,0,18858,4106141,0,0,0,0,31,0.96875,0,0,,056-n256-large-plain-nginx-cold,341225472,10024,0,32,,,,,,,
run-08,repeat-burst,32,bounded-warm,requests,32,32,1.0,0.620502904,51.57107209928546,51.57107209928546,0.0,0.0,0,0,0.0,0.28007899999999997,0.8961118,0.28007899999999997,0.0,100929536,80896000,59108,81920,57.024664,109.01579389999998,111.88758998,459272,8064,1067752,15344,604496,0,0,0,0,0,0,0,0.0,0,0,,057-n32-repeat-burst-bounded-warm,265322496,0,0,32,,32,32,1.0,,0,
run-08,alias-flood,32,nginx-cold,requests,32,32,1.0,0.620672058,51.55701724855157,51.55701724855157,3.348375,0.107148,16,2,4.0,0.47832569999999996,0.8221989,0.37117769999999994,0.13031883161118313,66609152,36909056,241671,266240,18.40867700000004,218.70360745,241.16624341000005,469872,8368,469872,8368,0,302656,232796,0,0,0,0,16,0.5,0,0,,058-n32-alias-flood-nginx-cold,256528384,11768,0,32,,,,,,,
run-08,session-churn,256,cgit,requests,128,128,1.0,2.074603796,61.698527808921455,61.698527808921455,4.611703125,0.590298,128,2,4.0,3.3400607,0.5896846,2.7497627,1.0010402170923236,55730176,33308672,0,0,109.8425555,142.52264004999986,175.70692595000008,1298712,32256,1298712,32256,0,2419712,1283832,0,0,0,0,0,0.0,0,0,,059-n256-session-churn-cgit,144334848,11720,0,128,,,,,,,
run-08,alias-flood,512,bounded-warm,requests,512,512,1.0,1.373013654,372.9023367745766,372.9023367745766,0.0,0.0,0,0,0.0,1.6797461,1.3636401,1.6797461,0.0,181813248,163229696,59759,81920,19.87179649999996,49.62527325000001,97.62706315,7431680,133888,8040160,141168,604496,0,0,0,0,0,0,0,0.0,0,0,,060-n512-alias-flood-bounded-warm,304807936,0,0,512,,512,512,1.0,,0,
run-08,comparisons,256,nginx-cold,requests,64,64,1.0,17.670672374,3.6218203045950492,3.6218203045950492,320.944125,20.540423999999998,16,2,1.0,32.3176959,2.1047405,11.777271899999999,9.759124224577803,976818176,465514496,136509511,136548352,8.329100999999355,5597.41328225,12517.933007589989,546008624,19200,546008624,19200,0,301728,136499997,0,0,0,0,48,0.75,0,0,,061-n256-comparisons-nginx-cold,474329088,391132,0,64,,,,,,,
run-08,comparisons,256,bounded-warm,requests,64,28,0.4375,106.320216054,0.601955134924617,0.26335537152951993,0.0,0,0,0,0.0,5.3533704,15.9080547,5.3533704,0.0,192659456,171634688,0,0,180.65511949999927,50373.17589124999,53789.89336996999,11978345,1821872,12130465,1823692,151124,0,0,0,0,0,0,0,0.0,7388,24800,,062-n256-comparisons-bounded-warm,429993984,0,0,28,,0,0,,,0,36
run-08,repeat-burst,32,nginx-warm,requests,32,32,1.0,0.469046671,68.22348814836808,68.22348814836808,0.0,0.0,0,0,0.0,0.0029185999999999934,0.8723526,0.0029185999999999934,0.0,30478336,22515712,60076,69632,5.917604499999989,30.55001954999999,43.61527391000003,464648,8064,464648,8064,0,0,0,0,0,0,0,32,1.0,0,0,,063-n32-repeat-burst-nginx-warm,251150336,0,0,32,,,,,,,
run-08,unique-crawl,512,nginx-warm,requests,512,512,1.0,0.720191603,710.9219239258473,710.9219239258473,0.0,0.0,0,0,0.0,0.0244371000000001,1.2952531,0.0244371000000001,0.0,30990336,35897344,5380771,6344704,3.225381000000027,19.661262049999994,42.67840195999995,5181524,131712,5181524,131712,0,0,0,0,0,0,0,512,1.0,0,0,,064-n512-unique-crawl-nginx-warm,282374144,0,0,512,,,,,,,
run-08,session-churn,256,anubis-d4-solve,requests,128,128,1.0,2.426252015,52.75626736573776,52.75626736573776,5.010171874999999,0.6413019999999999,128,2,4.0,3.748533,3.156111,3.107231,0.2031937406510734,91992064,49836032,0,0,110.26703049999992,214.17141579999998,426.40579079000054,1468263,136112,1468263,136112,0,2425344,1283832,0,0,32,2414697,0,0.0,0,0,,065-n256-session-churn-anubis-d4-solve,387211264,11588,3309.325002,128,,,,,,,
run-08,alias-flood,32,anubis-d5-nosolve,requests,32,0,0.0,0.469203162,68.20073390724507,0.0,0.0,0,0,0,0.0,0.0189946,0.8792262,0.0189946,0.0,57274368,27164672,0,0,10.9088615,43.156278249999986,49.39641425,140889,10432,140889,10432,0,0,0,0,0,32,0,0,0.0,0,0,,066-n32-alias-flood-anubis-d5-nosolve,253841408,0,0,,32,,,,,,
run-08,alias-flood,32,bounded-cold,requests,32,0,0.0,0.671015387,47.68892132722435,0.0,0.0,0,0,0,0.0,0.26419060000000005,0.9117801,0.26419060000000005,0.0,98406400,77635584,0,0,61.356492,102.2894047,102.41614545,4320,8368,612800,15648,604496,0,0,0,0,0,0,0,0.0,0,0,,067-n32-alias-flood-bounded-cold,263340032,0,0,,,32,0,0.0,32,0,
run-08,repeat-burst,32,cgit,requests,32,32,1.0,0.87113604,36.73364265815475,36.73364265815475,6.60959375,0.211507,32,2,8.0,0.9149477,0.8771619,0.7034407,0.24112652407725413,60059648,36278272,0,0,212.02865450000002,280.85765085,283.3266168,464104,8064,464104,8064,0,604672,460384,0,0,0,0,0,0.0,0,0,,068-n32-repeat-burst-cgit,259297280,11644,0,32,,,,,,,
run-08,ref-update,256,nginx-cold,after-publication,32,0,0.0,0.218628988,146.3666840007511,0.0,0.0,0.0,0,0,0.0,0.0024011000000000032,0.27226399999999995,0.0024011000000000032,0.0,30044160,19554304,70015,73728,0.8739360000000005,10.16421199999999,14.638419960000004,2214336,7136,2214336,7136,0,0,0,0,0,0,0,32,1.0,0,0,32,069-n256-ref-update-nginx-cold,80134144,0,0,,,,,,,,
run-08,ref-update,256,nginx-cold,requests,32,32,1.0,0.672315722,47.59668553459769,47.59668553459769,0.07178125,0.002297,1,1,1.0,0.0263356,0.2696655,0.0240386,0.008517960213672123,30044160,19554304,70015,73728,0.757148500000028,508.02663335,516.89139522,2214337,7136,2214337,7136,0,18854,69082,0,0,0,0,31,0.96875,0,0,,069-n256-ref-update-nginx-cold,77676544,8344,0,32,,,,,,,
run-08,human-mix,256,nginx-warm,requests,40,40,1.0,5.158266256,7.754543487062681,7.754543487062681,0.0,0.0,0,0,0.0,0.009752100000000041,0.2095164,0.009752100000000041,0.0,30588928,23277568,192783,233472,1.2407759999999826,2.3321444999998753,9.159754609999997,398551,10416,398551,10416,0,0,0,0,0,0,0,40,1.0,0,0,,070-n256-human-mix-nginx-warm,48472064,0,0,40,,,,,,,
run-08,unique-crawl,32,nginx-cold,requests,32,32,1.0,0.871873205,36.70258452317043,36.70258452317043,5.33125,0.1706,32,2,1.0,0.9034629000000001,0.8283284,0.7328629000000001,0.2059569610313977,63324160,42311680,348451,401408,216.18171300000003,250.13164905,253.95030524,335589,8239,335589,8239,0,605440,331292,0,0,0,0,0,0.0,0,0,,071-n32-unique-crawl-nginx-cold,263110656,13640,0,32,,,,,,,
run-08,alias-flood,128,nginx-warm,requests,128,128,1.0,0.620375061,206.32679816895478,206.32679816895478,0.6512578124999999,0.08336099999999999,12,2,3.0,0.3741837,1.0520418,0.2908227,0.07923734589253012,50073600,31940608,241671,266240,0.6788370000000157,97.85685429999977,159.4375303900001,1879436,33472,1879436,33472,0,227040,174597,0,0,0,0,116,0.90625,0,0,,072-n128-alias-flood-nginx-warm,254996480,11516,0,128,,,,,,,
run-08,ref-update,256,cgit,after-publication,32,32,1.0,0.519760805,61.56678166603963,61.56678166603963,1.9094374999999997,0.06110199999999999,32,2,32.0,0.6859346999999999,0.268783,0.6248326999999999,0.2273283652611958,43225088,26013696,0,0,42.97783249999999,94.16131889999998,100.51734763,2213632,7136,2213632,7136,0,602560,2210464,0,0,0,0,0,0.0,0,0,,073-n256-ref-update-cgit,81760256,8424,0,32,,,,,,,
run-08,ref-update,256,cgit,requests,32,32,1.0,0.570255204,56.11522661352162,56.11522661352162,1.92928125,0.061737,32,2,32.0,0.6895967,0.2813827,0.6278596999999999,0.21940581279517185,43335680,24547328,0,0,43.49697699999999,84.863542,93.31807828000001,2213792,7136,2213792,7136,0,602560,2210624,0,0,0,0,0,0.0,0,0,,073-n256-ref-update-cgit,81760256,8420,0,32,,,,,,,
run-08,unique-crawl,512,anubis-d5-nosolve,requests,512,0,0.0,0.721111064,710.0154547067108,0.0,0.0,0,0,0,0.0,0.148777,1.2936155,0.148777,0.0,59023360,28975104,0,0,4.7832229999999925,16.346407149999987,44.09554664999998,2254357,195696,2254357,195696,0,0,0,0,0,512,0,0,0.0,0,0,,074-n512-unique-crawl-anubis-d5-nosolve,276234240,0,0,,512,,,,,,
run-08,alias-flood,32,anubis-d4-solve,requests,32,32,1.0,1.373826317,23.292609556263145,23.292609556263145,7.180437499999999,0.22977399999999998,32,2,8.0,1.0336129,2.3160445,0.8038389000000001,0.0992096654446838,96210944,47497216,0,0,115.76621500000005,862.3662332499999,905.3767746400001,554458,41696,554458,41696,0,605952,465592,0,0,16,1228947,0,0.0,0,0,,075-n32-alias-flood-anubis-d4-solve,352329728,11828,7340.985449,32,,,,,,,
run-08,human-mix,256,bounded-cold,requests,40,5,0.125,7.571191285,5.283184441429682,0.6603980551787102,0.0,0,0,0,0.0,0.5782071,0.3752034,0.5782071,0.0,98856960,77725696,0,0,4.319778000000156,281.65237834999976,965.7055971199994,330384,24568,406444,25478,75562,0,0,0,0,0,0,0,0.0,58,36,,076-n256-human-mix-bounded-cold,64421888,0,0,5,,33,0,0.0,33,0,2
run-08,unique-crawl,128,anubis-d5-nosolve,requests,128,0,0.0,0.57127367,224.06073782465768,0.0,0.0,0,0,0,0.0,0.0462297,1.0551076,0.0462297,0.0,56619008,27287552,0,0,7.0982384999999795,39.89967634999997,71.00349812000003,563619,47411,563619,47411,0,0,0,0,0,128,0,0,0.0,0,0,,077-n128-unique-crawl-anubis-d5-nosolve,261378048,0,0,,128,,,,,,
run-08,large-plain,256,anubis-d4-solve,requests,32,32,1.0,1.021213883,31.335257513337197,31.335257513337197,6.9902187499999995,0.223687,32,2,32.0,1.145189,1.4600928,0.921502,0.15320053629467936,130994176,97869824,0,0,106.80054800000002,425.0543969499999,537.1290947400001,131443046,37111,131443046,37111,0,604096,131396512,0,0,8,554981,0,0.0,0,0,,078-n256-large-plain-anubis-d4-solve,361644032,10140,1748.2865869999998,32,,,,,,,
run-08,repeat-burst,512,anubis-d5-solve,requests,512,512,1.0,12.284929598,41.677080516876075,41.677080516876075,7.328369140625,3.752125,512,2,128.0,16.7218783,21.0458321,12.9697533,0.1782835186640114,108744704,54915072,0,0,79.89814449999972,139.97236690000008,6754.179928289996,7510431,445702,7510431,445702,0,9699328,7366144,0,0,16,20886756,0,0.0,0,0,,079-n512-repeat-burst-anubis-d5-solve,714715136,11712,84481.695006,512,,,,,,,
run-08,large-plain,256,cgit,requests,32,32,1.0,0.77009595,41.553263590076014,41.553263590076014,6.562937499999999,0.21001399999999998,32,2,32.0,1.0045986,0.7048485,0.7945846000000001,0.29795622747299594,97763328,97124352,0,0,128.5581485,145.57734804999998,154.21592723,131399680,10048,131399680,10048,0,602688,131396512,0,0,0,0,0,0.0,0,0,,080-n256-large-plain-cgit,422649856,10192,0,32,,,,,,,
run-08,repeat-burst,128,nginx-cold,requests,128,128,1.0,0.973303523,131.5108771059077,131.5108771059077,0.20937499999999998,0.026799999999999997,4,2,1.0,0.1263395,0.9297366,0.0995395,0.028825368389283585,31281152,28352512,60076,69632,0.7090279999999325,506.2590395,512.52533366,1858596,32256,1858596,32256,0,75696,57548,0,0,0,0,124,0.96875,0,0,,081-n128-repeat-burst-nginx-cold,259710976,11444,0,128,,,,,,,
run-08,unique-crawl,512,nginx-cold,requests,512,512,1.0,7.989363369,64.08520633654508,64.08520633654508,4.60804296875,2.359318,512,2,1.0,13.6815639,1.3604985,11.3222459,1.73415700201066,71622656,52994048,5380771,6344704,234.0222985000005,257.13869100000016,423.7605117500001,5182036,131712,5182036,131712,0,9689088,5113281,0,0,0,0,0,0.0,0,0,,082-n512-unique-crawl-nginx-cold,296988672,14608,0,512,,,,,,,
run-08,large-plain,256,bounded-cold,requests,32,0,0.0,0.419912206,76.20640586951644,0.0,0.0,0,0,0,0.0,0.270308,0.4913421,0.270308,0.0,96215040,75907072,0,0,17.400835999999998,50.252044649999995,56.1493863,4320,10048,308560,13688,302248,0,0,0,0,0,0,0,0.0,0,0,,083-n256-large-plain-bounded-cold,140627968,0,0,,,32,0,0.0,32,0,
run-08,human-mix,256,anubis-d4-solve,requests,40,40,1.0,5.798095113,6.898817494441472,6.898817494441472,5.030225,0.201209,40,1,2.2222222222222223,1.0147278,0.459974,0.8135188,0.43743559418575834,79474688,36397056,0,0,25.48521699999995,39.26460829999948,167.70321073999992,408470,35806,408470,35806,0,756846,393220,0,0,2,248433,0,0.0,0,0,,084-n256-human-mix-anubis-d4-solve,88702976,11644,242.791152,40,,,,,,,
run-08,unique-crawl,32,anubis-d4-solve,requests,32,32,1.0,1.220981737,26.20841821813425,26.20841821813425,5.7491875,0.183974,32,2,1.0,0.9738988,2.0601946,0.7899248,0.08929933123793257,90529792,50061312,0,0,151.13586050000004,718.4308738999999,752.7161710099999,420005,41425,420005,41425,0,606080,331292,0,0,16,940497,0,0.0,0,0,,085-n32-unique-crawl-anubis-d4-solve,345206784,13460,5264.09654,32,,,,,,,
run-08,unique-crawl,512,cgit,requests,512,512,1.0,7.541661154,67.88955238706818,67.88955238706818,4.68715234375,2.399822,512,2,1.0,13.553026,1.4276275,11.153203999999999,1.6809861115732219,71401472,50397184,0,0,219.92582649999986,245.10184894999992,292.30820752999995,5172820,131712,5172820,131712,0,9676800,5113281,0,0,0,0,0,0.0,0,0,,086-n512-unique-crawl-cgit,303198208,14624,0,512,,,,,,,
run-08,session-churn,256,bounded-cold,requests,128,0,0.0,0.621025257,206.1107798068187,0.0,0.0,0,0,0,0.0,0.6375598000000001,0.5861215,0.6375598000000001,0.0,100593664,79622144,0,0,12.354572000000019,51.856159749999925,79.12687066,17280,32256,321520,35896,302248,0,0,0,0,0,0,0,0.0,0,0,,087-n256-session-churn-bounded-cold,143765504,0,0,,,128,0,0.0,128,0,
run-08,repeat-burst,512,bounded-cold,requests,512,0,0.0,1.222033042,418.9739412954433,0.0,0.0,0,0,0,0.0,1.4701417,1.2897025,1.4701417,0.0,138641408,118964224,0,0,17.249870500000043,40.106114749999996,100.44644865999999,69120,129024,677600,136304,604496,0,0,0,0,0,0,0,0.0,0,0,,088-n512-repeat-burst-bounded-cold,286867456,0,0,,,512,0,0.0,512,0,
run-08,alias-flood,512,cgit,requests,512,512,1.0,8.393977093,60.996115944487485,60.996115944487485,6.9379140625,3.552212,512,2,128.0,15.2600786,1.4468884,11.7078666,2.4550697897640203,79245312,46448640,0,0,249.88119700000016,280.10176055000005,299.81493856999975,7508992,133888,7508992,133888,0,9674752,7449472,0,0,0,0,0,0.0,0,0,,089-n512-alias-flood-cgit,292163584,11824,0,512,,,,,,,
run-08,repeat-burst,128,bounded-cold,requests,128,0,0.0,0.823073951,155.5145802445642,0.0,0.0,0,0,0,0.0,0.6315677,1.0640439,0.6315677,0.0,100102144,82452480,0,0,24.61412150000001,99.95429074999998,107.87562505000001,17280,32256,625760,39536,604496,0,0,0,0,0,0,0,0.0,0,0,,090-n128-repeat-burst-bounded-cold,271278080,0,0,,,128,0,0.0,128,0,
run-08,alias-flood,512,bounded-cold,requests,512,0,0.0,1.275152409,401.52063109187134,0.0,0.0,0,0,0,0.0,1.4979169,1.2762399,1.4979169,0.0,135331840,120270848,0,0,17.803559000000007,39.13496770000008,132.46605221000002,69120,133888,677600,141168,604496,0,0,0,0,0,0,0,0.0,0,0,,091-n512-alias-flood-bounded-cold,285143040,0,0,,,512,0,0.0,512,0,
run-08,unique-crawl,128,anubis-d4-solve,requests,128,128,1.0,2.626719529,48.72998376371382,48.72998376371382,5.209796874999999,0.666854,128,2,1.0,3.691584,2.2298798,3.0247300000000004,0.29905378756289913,95375360,60067840,0,0,229.56521650000002,518.9987747499995,764.3892568700002,1413120,122895,1413120,122895,0,2424832,1313216,0,0,16,915794,0,0.0,0,0,,092-n128-unique-crawl-anubis-d4-solve,425725952,14524,5428.977073,128,,,,,,,
run-08,large-plain,256,nginx-warm,requests,32,32,1.0,0.469749589,68.12140074059757,68.12140074059757,0.0,0.0,0,0,0.0,0.052763400000000016,0.7948585,0.052763400000000016,0.0,34533376,27619328,4107165,4112384,34.437827999999996,50.12970884999999,57.03488207,131400224,10048,131400224,10048,0,0,0,0,0,0,0,32,1.0,0,0,,093-n256-large-plain-nginx-warm,394940416,0,0,32,,,,,,,
run-08,human-mix,256,nginx-cold,requests,40,40,1.0,5.497341211,7.276244727171257,7.276244727171257,2.41715,0.096686,18,2,1.0,0.5031924,0.2238196,0.4065064,0.4319818282223719,62431232,30420992,192783,233472,1.4587879999997995,36.775093699999985,37.35940209999999,398569,10416,398569,10416,0,340168,182836,0,0,0,0,22,0.55,0,0,,094-n256-human-mix-nginx-cold,48431104,11372,0,40,,,,,,,
run-08,ref-update,256,anubis-d5-solve,after-publication,32,32,1.0,4.390281795,7.288825978424467,7.288825978424467,2.23271875,0.071447,32,1,32.0,0.7624099999999999,7.564251199999999,0.6909629999999999,0.00944534999049212,76087296,40079360,0,0,25.792434999999955,2528.3407286499987,3827.462759180001,2234602,29341,2234602,29341,0,603968,2210464,0,0,4,7060483,0,0.0,0,0,,095-n256-ref-update-anubis-d5-solve,195522560,8416,10942.281931,32,,,,,,,
run-08,ref-update,256,anubis-d5-solve,requests,32,32,1.0,2.229950117,14.350096782904853,14.350096782904853,2.2509375,0.07203,32,2,32.0,0.7647970000000001,3.7741325,0.692767,0.01908518050174444,79552512,38924288,0,0,25.482053500000063,1122.9962701499992,1829.4381487900005,2234770,29332,2234770,29332,0,603968,2210624,0,0,4,3756970,0,0.0,0,0,,095-n256-ref-update-anubis-d5-solve,195014656,8424,4632.679571,32,,,,,,,
run-08,alias-flood,128,bounded-cold,requests,128,0,0.0,0.872699256,146.67137518448854,0.0,0.0,0,0,0,0.0,0.5995456,1.0665029,0.5995456,0.0,99893248,79794176,0,0,23.614497,104.20420825000004,107.88462239,17280,33472,625760,40752,604496,0,0,0,0,0,0,0,0.0,0,0,,096-n128-alias-flood-bounded-cold,270110720,0,0,,,128,0,0.0,128,0,
run-08,alias-flood,512,nginx-cold,requests,512,512,1.0,0.671892572,762.0265818327874,762.0265818327874,0.21303125,0.109072,16,2,4.0,0.5201057,1.1230566,0.4110337,0.0971206615944379,68149248,36323328,241671,266240,0.40579700000000685,1.3879704999999913,209.7824441499998,7517712,133888,7517712,133888,0,302720,232796,0,0,0,0,496,0.96875,0,0,,097-n512-alias-flood-nginx-cold,267243520,11520,0,512,,,,,,,
run-08,unique-crawl,32,nginx-warm,requests,32,32,1.0,0.521479125,61.36391365617943,61.36391365617943,0.0,0.0,0,0,0.0,0.0028866000000000724,0.8938998,0.0028866000000000724,0.0,30351360,27598848,348451,401408,6.005679500000014,59.89995015000003,62.63942963000001,335557,8239,335557,8239,0,0,0,0,0,0,0,32,1.0,0,0,,098-n32-unique-crawl-nginx-warm,259108864,0,0,32,,,,,,,
run-08,ref-update,256,bounded-cold,after-publication,32,0,0.0,0.268800498,119.04739849105488,0.0,0.0,0,0,0,0.0,0.14545279999999994,0.2862911,0.14545279999999994,0.0,99176448,78004224,0,0,5.958170999999993,10.971687249999992,11.381033059999998,4320,7136,156440,8956,151124,0,0,0,0,0,0,0,0.0,0,0,,099-n256-ref-update-bounded-cold,79368192,0,0,,,32,0,0.0,32,0,
run-08,ref-update,256,bounded-cold,requests,32,0,0.0,0.319129413,100.27280061458956,0.0,0.0,0,0,0,0.0,0.2557115000000001,0.2851378,0.2557115000000001,0.0,98553856,76967936,0,0,6.4761285000000015,50.22812845,53.045294569999996,4320,7136,156440,8956,151124,0,0,0,0,0,0,0,0.0,0,0,,099-n256-ref-update-bounded-cold,78589952,0,0,,,32,0,0.0,32,0,
run-08,session-churn,256,nginx-cold,requests,128,128,1.0,0.719754165,177.83849851011283,177.83849851011283,1.1734921875,0.15020699999999998,32,2,1.0,0.8923272999999999,0.5204846,0.7421203,0.28859067107845265,60370944,34725888,337941,401408,0.5585974999999621,127.43085664999998,131.02211879,1300920,32256,1300920,32256,0,605696,320958,0,0,0,0,96,0.75,0,0,,100-n256-session-churn-nginx-cold,143613952,11164,0,128,,,,,,,
run-08,unique-crawl,32,cgit,requests,32,32,1.0,0.920125387,34.77786881235133,34.77786881235133,5.29490625,0.169437,32,2,1.0,0.8647595,0.916752,0.6953225000000001,0.18482315828053825,58810368,37752832,0,0,217.010177,281.7696978,283.1418753,335013,8239,335013,8239,0,604672,331292,0,0,0,0,0,0.0,0,0,,101-n32-unique-crawl-cgit,260685824,13520,0,32,,,,,,,
run-08,alias-flood,128,anubis-d5-solve,requests,128,128,1.0,11.780997183,10.864954639383518,10.864954639383518,6.982757812499999,0.893793,128,2,32.0,3.9597269999999996,21.4609831,3.0659339999999995,0.04164734652812806,98258944,49389568,0,0,70.05170750000002,3893.2861199499953,9312.588864260006,1962413,123578,1962413,123578,0,2424320,1862368,0,0,16,22250441,0,0.0,0,0,,102-n128-alias-flood-anubis-d5-solve,726839296,11708,73604.196319,128,,,,,,,
run-08,session-churn,256,anubis-d5-nosolve,requests,128,0,0.0,0.368628387,347.23316085801065,0.0,0.0,0,0,0,0.0,0.04654699999999999,0.6029488,0.04654699999999999,0.0,55844864,25952256,0,0,1.5922720000000083,16.542727749999973,22.505699550000006,563556,44640,563556,44640,0,0,0,0,0,128,0,0,0.0,0,0,,103-n256-session-churn-anubis-d5-nosolve,141971456,0,0,,128,,,,,,
run-08,ref-update,256,bounded-warm,after-publication,32,0,0.0,0.319076369,100.289470198904,0.0,0.0,0.0,0,0,0.0,0.17825650000000004,0.30085229999999996,0.17825650000000004,0.0,99766272,79511552,138685,147456,8.171367000000004,12.717745300000004,12.805909119999995,4320,7136,156440,8956,151124,0,0,0,0,0,0,0,0.0,0,0,,104-n256-ref-update-bounded-warm,92844032,0,0,,,32,0,0.0,32,0,
run-08,ref-update,256,bounded-warm,after-update-preparation,32,32,1.0,0.319680957,100.09980043947378,100.09980043947378,0.0,0.0,0,0,0.0,0.20541199999999993,0.31690450000000003,0.20541199999999993,0.0,107429888,87326720,138685,147456,8.8836905,17.177990949999984,18.835986199999997,2206752,7136,2358872,8956,151124,0,0,0,0,0,0,0,0.0,0,0,,104-n256-ref-update-bounded-warm,92844032,0,0,32,,32,32,1.0,,0,
run-08,ref-update,256,bounded-warm,requests,32,32,1.0,0.369609502,86.57786076073337,86.57786076073337,0.0,0.0,0,0,0.0,0.3210364,0.3353089,0.3210364,0.0,98238464,78368768,138685,147456,15.167949000000007,39.0179055,40.108710390000006,2206912,7136,2359032,8956,151124,0,0,0,0,0,0,0,0.0,0,0,,104-n256-ref-update-bounded-warm,92844032,0,0,32,,32,32,1.0,,0,
run-08,alias-flood,32,nginx-warm,requests,32,32,1.0,0.621531597,51.48571714528617,51.48571714528617,2.57390625,0.082365,12,2,3.0,0.36943610000000005,0.8887647,0.2870711,0.09267357265651976,68218880,34295808,241671,266240,4.316481500000009,150.5631719,162.65833324,469868,8368,469868,8368,0,226992,174597,0,0,0,0,20,0.625,0,0,,105-n32-alias-flood-nginx-warm,252944384,11600,0,32,,,,,,,
run-08,unique-crawl,128,cgit,requests,128,128,1.0,2.22499718,57.52816279973892,57.52816279973892,4.8395,0.619456,128,2,1.0,3.3921673,1.010353,2.7727113,0.6131084878255422,57876480,42876928,0,0,219.96560299999987,262.98309205,285.98329429,1328110,32963,1328110,32963,0,2419200,1313216,0,0,0,0,0,0.0,0,0,,106-n128-unique-crawl-cgit,266043392,14536,0,128,,,,,,,
run-08,repeat-burst,128,cgit,requests,128,128,1.0,2.425481225,52.7730326999336,52.7730326999336,6.8374999999999995,0.8752,128,2,32.0,3.7761139,0.9597125,2.9009139,0.9119397736301236,74055680,41234432,0,0,240.99971699999998,284.7685853,297.6394465300001,1856416,32256,1856416,32256,0,2419200,1841536,0,0,0,0,0,0.0,0,0,,107-n128-repeat-burst-cgit,266559488,11708,0,128,,,,,,,
run-08,alias-flood,512,anubis-d5-nosolve,requests,512,0,0.0,0.719443492,711.6611738007076,0.0,0.0,0,0,0,0.0,0.15703850000000003,1.3231166,0.15703850000000003,0.0,60346368,29925376,0,0,6.374592000000007,21.43292874999996,34.44557213999999,2254334,197872,2254334,197872,0,0,0,0,0,512,0,0,0.0,0,0,,108-n512-alias-flood-anubis-d5-nosolve,285855744,0,0,,512,,,,,,
run-08,repeat-burst,512,nginx-warm,requests,512,512,1.0,0.720214151,710.8996668408978,710.8996668408978,0.0,0.0,0,0,0.0,0.0222551,1.2916875,0.0222551,0.0,30412800,22708224,60076,69632,2.7378850000000057,24.81683874999999,47.26824125999997,7434368,129024,7434368,129024,0,0,0,0,0,0,0,512,1.0,0,0,,109-n512-repeat-burst-nginx-warm,286162944,0,0,512,,,,,,,
run-08,repeat-burst,32,anubis-d5-nosolve,requests,32,0,0.0,0.520611779,61.4661467350319,0.0,0.0,0,0,0,0.0,0.0197769,0.9144535,0.0197769,0.0,56918016,27201536,0,0,9.577974999999995,72.28458459999999,85.92553808000002,140923,10128,140923,10128,0,0,0,0,0,32,0,0,0.0,0,0,,110-n32-repeat-burst-anubis-d5-nosolve,251170816,0,0,,32,,,,,,
run-08,session-churn,256,anubis-d5-solve,requests,128,128,1.0,21.086028147,6.070370347021049,6.070370347021049,4.6713984375,0.597939,128,2,4.0,3.604197,40.754435,3.006258,0.014671752902475521,80486400,44449792,0,0,71.56524750000017,6014.852188399998,11171.956302480014,1468276,136109,1468276,136109,0,2425344,1283832,0,0,32,46298947,0,0.0,0,0,,111-n256-session-churn-anubis-d5-solve,391696384,11436,123392.92196,128,,,,,,,
run-09,alias-flood,32,nginx-cold,requests,32,32,1.0,0.670388794,47.733494781537175,47.733494781537175,3.298625,0.105556,16,2,4.0,0.46966019999999997,0.8704364,0.3641042,0.12126790653515868,76054528,37085184,241671,266240,19.50897249999997,211.82200014999998,226.30888467,469872,8368,469872,8368,0,302656,232796,0,0,0,0,16,0.5,0,0,,000-n32-alias-flood-nginx-cold,258613248,11784,0,32,,,,,,,
run-09,alias-flood,512,anubis-d4-solve,requests,512,512,1.0,8.79239759,58.23212551060262,58.23212551060262,6.890126953125,3.527745,512,2,128.0,15.4455049,2.4783302,11.9177599,1.4234362313786921,120377344,68046848,0,0,249.89852599999995,290.03168225,665.0374847799995,7594116,450887,7594116,450887,0,9697280,7449472,0,0,16,862347,0,0.0,0,0,,001-n512-alias-flood-anubis-d4-solve,438956032,11796,5710.807686,512,,,,,,,
run-09,unique-crawl,32,cgit,requests,32,32,1.0,0.871512666,36.71776813855279,36.71776813855279,4.918375,0.157388,32,2,1.0,0.8572778999999999,0.8438926,0.6998899,0.18650240563787382,61771776,40730624,0,0,215.342644,282.52341570000004,284.44562178,324605,8218,324605,8218,0,604672,320883,0,0,0,0,0,0.0,0,0,,002-n32-unique-crawl-cgit,259887104,13736,0,32,,,,,,,
run-09,alias-flood,512,cgit,requests,512,512,1.0,8.439498798,60.66710977212701,60.66710977212701,6.9414140625,3.554004,512,2,128.0,15.1896988,1.5374621,11.6356948,2.311604299058819,78000128,47828992,0,0,249.88952500000016,279.91978900000015,299.05822152999986,7508992,133888,7508992,133888,0,9674752,7449472,0,0,0,0,0,0.0,0,0,,003-n512-alias-flood-cgit,292823040,11708,0,512,,,,,,,
run-09,repeat-burst,32,bounded-warm,requests,32,32,1.0,0.670698276,47.71146899444244,47.71146899444244,0.0,0.0,0,0,0.0,0.24800089999999986,0.9221873,0.24800089999999986,0.0,101326848,81133568,59108,81920,71.2122295,135.33471335,139.13592662,459272,8064,1067752,15344,604496,0,0,0,0,0,0,0,0.0,0,0,,004-n32-repeat-burst-bounded-warm,265351168,0,0,32,,32,32,1.0,,0,
run-09,repeat-burst,128,nginx-cold,requests,128,128,1.0,0.974504266,131.34883495728073,131.34883495728073,0.24741406249999998,0.031668999999999996,4,2,1.0,0.1439873,0.925153,0.11231830000000001,0.03423109474865238,43884544,28094464,60076,69632,0.6267395000000135,506.8781248,521.18537752,1858596,32256,1858596,32256,0,75696,57548,0,0,0,0,124,0.96875,0,0,,005-n128-repeat-burst-nginx-cold,255639552,11416,0,128,,,,,,,
run-09,unique-crawl,32,bounded-cold,requests,32,0,0.0,0.720528411,44.41185040238476,0.0,0.0,0,0,0,0.0,0.2938048,0.946194,0.2938048,0.0,94511104,74629120,0,0,72.9708465,138.730788,144.18421035999998,4320,8218,612800,15498,604496,0,0,0,0,0,0,0,0.0,0,0,,006-n32-unique-crawl-bounded-cold,263020544,0,0,,,32,0,0.0,32,0,
run-09,unique-crawl,32,nginx-warm,requests,32,32,1.0,0.520854226,61.437535499615976,61.437535499615976,0.0,0.0,0,0,0.0,0.0030434999999999768,0.8769903,0.0030434999999999768,0.0,30294016,27758592,338022,393216,6.209069000000014,59.98774659999998,92.33910985000004,325149,8218,325149,8218,0,0,0,0,0,0,0,32,1.0,0,0,,007-n32-unique-crawl-nginx-warm,257302528,0,0,32,,,,,,,
run-09,unique-crawl,32,anubis-d5-solve,requests,32,32,1.0,7.10834038,4.501754036713701,4.501754036713701,4.94840625,0.158349,32,1,1.0,0.9037712,13.6022531,0.7454222,0.011641380206342433,69771264,41226240,0,0,150.2816955,6220.5938957,6567.3667765400005,409530,41351,409530,41351,0,606080,320883,0,0,16,13797214,0,0.0,0,0,,008-n32-unique-crawl-anubis-d5-solve,637583360,13700,62200.396375000004,32,,,,,,,
run-09,alias-flood,128,cgit,requests,128,128,1.0,2.474555805,51.72645520515954,51.72645520515954,6.9561874999999995,0.890392,128,2,32.0,3.8186459999999998,0.9735344,2.928254,0.9145973681053283,68747264,42160128,0,0,249.90505450000006,293.4489757,311.06867983999996,1877248,33472,1877248,33472,0,2418688,1862368,0,0,0,0,0,0.0,0,0,,009-n128-alias-flood-cgit,266768384,11704,0,128,,,,,,,
run-09,comparisons,256,nginx-cold,requests,64,64,1.0,17.771821079,3.6012066358030888,3.6012066358030888,318.70667187500004,20.397227,16,2,1.0,32.128178399999996,2.1462428,11.730951399999995,9.503690356002592,956129280,447188992,136509511,136548352,9.77290050000056,5830.324039099988,12534.24103074999,546008624,19200,546008624,19200,0,301728,136499997,0,0,0,0,48,0.75,0,0,,010-n256-comparisons-nginx-cold,468819968,390524,0,64,,,,,,,
run-09,repeat-burst,512,anubis-d5-solve,requests,512,512,1.0,12.079836625,42.38467918849027,42.38467918849027,7.273763671875,3.724167,512,2,128.0,16.2847819,17.3035847,12.5606149,0.21522517238870165,107974656,58580992,0,0,109.92644699999937,190.0909604500001,6286.70135329999,7510481,445706,7510481,445706,0,9699328,7366144,0,0,16,16600159,0,0.0,0,0,,011-n512-repeat-burst-anubis-d5-solve,698081280,11708,75784.199729,512,,,,,,,
run-09,large-plain,256,anubis-d4-solve,requests,32,32,1.0,0.970720698,32.965197987361755,32.965197987361755,7.33790625,0.234813,32,2,32.0,1.1968188,1.307087,0.9620058,0.1796460373333986,133812224,97124352,0,0,124.09997599999997,394.80511779999995,472.0627944,131443078,37083,131443078,37083,0,604096,131396512,0,0,8,403554,0,0.0,0,0,,012-n256-large-plain-anubis-d4-solve,367693824,10144,1085.008766,32,,,,,,,
run-09,unique-crawl,512,nginx-cold,requests,512,512,1.0,8.043741248,63.651972908415466,63.651972908415466,4.621888671874999,2.3664069999999997,512,2,1.0,13.7430966,1.3740748,11.376689599999999,1.722182082081703,78110720,51589120,5380771,6344704,238.28511300000002,261.6578398999999,445.84146688999954,5182036,131712,5182036,131712,0,9689088,5113281,0,0,0,0,0,0.0,0,0,,013-n512-unique-crawl-nginx-cold,296079360,14664,0,512,,,,,,,
run-09,alias-flood,32,bounded-warm,requests,32,32,1.0,0.721076021,44.37812251144044,44.37812251144044,0.0,0.0,0,0,0.0,0.26338269999999997,0.9873016,0.26338269999999997,0.0,101834752,80838656,59759,81920,76.55890700000003,165.04545955,172.39725259999997,464480,8368,1072960,15648,604496,0,0,0,0,0,0,0,0.0,0,0,,014-n32-alias-flood-bounded-warm,265318400,0,0,32,,32,32,1.0,,0,
run-09,unique-crawl,512,bounded-cold,requests,512,0,0.0,1.225115171,417.9198920392767,0.0,0.0,0,0,0,0.0,1.498235,1.313538,1.498235,0.0,152649728,137420800,0,0,17.43343550000003,43.6436507,102.35655123999997,69120,131712,677600,138992,604496,0,0,0,0,0,0,0,0.0,0,0,,015-n512-unique-crawl-bounded-cold,281354240,0,0,,,512,0,0.0,512,0,
run-09,repeat-burst,128,nginx-warm,requests,128,128,1.0,0.571765,223.8681975986638,223.8681975986638,0.0,0.0,0,0,0.0,0.006620199999999993,1.0678718,0.006620199999999993,0.0,30474240,22364160,60076,69632,0.8089344999999923,41.59279115,58.42230422000003,1858592,32256,1858592,32256,0,0,0,0,0,0,0,128,1.0,0,0,,016-n128-repeat-burst-nginx-warm,263495680,0,0,128,,,,,,,
run-09,comparisons,256,anubis-d5-solve,requests,64,64,1.0,65.773038629,0.9730430786541425,0.9730430786541425,1214.820203125,77.748493,64,2,4.0,115.3296751,4.9747821,37.58118210000001,15.628522302514517,1038680064,529371136,0,0,2387.0653635,7159.155466999999,15396.194077069993,546029133,60961,546029133,60961,0,1208192,545999988,0,0,4,3048911,0,0.0,0,0,,017-n256-comparisons-anubis-d5-solve,635277312,391420,3970.02632,64,,,,,,,
run-09,unique-crawl,128,anubis-d5-solve,requests,128,128,1.0,13.390527552,9.558996051718815,9.558996051718815,4.727421874999999,0.6051099999999999,128,2,1.0,3.5651528000000003,25.5206188,2.9600428000000005,0.02371063196947246,89305088,48435200,0,0,70.54149400000006,5494.971021549999,12048.337277930004,1327895,122775,1327895,122775,0,2424832,1228069,0,0,16,27050918,0,0.0,0,0,,018-n128-unique-crawl-anubis-d5-solve,611008512,13704,93178.802104,128,,,,,,,
run-09,unique-crawl,128,anubis-d4-solve,requests,128,128,1.0,2.575160144,49.70564657822695,49.70564657822695,4.7296171875,0.605391,128,2,1.0,3.5462252000000003,2.2274949,2.9408342000000003,0.2717810936402144,96776192,59609088,0,0,209.98470499999996,637.7811732499997,857.2825032100004,1327922,122803,1327922,122803,0,2424832,1228069,0,0,16,954182,0,0.0,0,0,,019-n128-unique-crawl-anubis-d4-solve,444235776,13856,6377.481615,128,,,,,,,
run-09,repeat-burst,128,anubis-d4-solve,requests,128,128,1.0,2.825789306,45.297078493508884,45.297078493508884,7.1328828125,0.913009,128,2,32.0,4.0205969999999995,2.0500504,3.107588,0.4453592945812454,111763456,57147392,0,0,259.58266850000007,623.6287449499994,747.8097821100001,1941215,121960,1941215,121960,0,2424832,1841536,0,0,16,795535,0,0.0,0,0,,020-n128-repeat-burst-anubis-d4-solve,436494336,11768,5794.877849,128,,,,,,,
run-09,alias-flood,128,bounded-warm,requests,128,128,1.0,0.871998183,146.78929669283497,146.78929669283497,0.0,0.0,0,0,0.0,0.6210894,1.0385208,0.6210894,0.0,113827840,93896704,59759,81920,26.419410000000028,125.33050974999996,137.34125842000003,1857920,33472,2466400,40752,604496,0,0,0,0,0,0,0,0.0,0,0,,021-n128-alias-flood-bounded-warm,269799424,0,0,128,,128,128,1.0,,0,
run-09,ref-update,256,anubis-d5-solve,after-publication,32,32,1.0,5.489214863,5.829613305118678,5.829613305118678,2.31759375,0.07416299999999999,32,1,32.0,0.7577249,7.3212117,0.6835619000000001,0.010129880549690974,68345856,36945920,0,0,25.161502000000098,1806.5272595,4183.034870640005,2234600,29332,2234600,29332,0,603968,2210464,0,0,4,8071826,0,0.0,0,0,,022-n256-ref-update-anubis-d5-solve,192512000,8420,8793.179232,32,,,,,,,
run-09,ref-update,256,anubis-d5-solve,requests,32,32,1.0,3.589445964,8.91502485925151,8.91502485925151,2.32653125,0.074449,32,1,32.0,0.7569468,5.5972558,0.6824978,0.01330098224204797,68636672,33628160,0,0,25.163360499999953,1883.2003732999997,2920.3538882400017,2234765,29341,2234765,29341,0,603968,2210624,0,0,4,5917395,0,0.0,0,0,,022-n256-ref-update-anubis-d5-solve,192512000,8424,7478.439952999999,32,,,,,,,
run-09,repeat-burst,512,nginx-warm,requests,512,512,1.0,0.671214005,762.7969562405063,762.7969562405063,0.0,0.0,0,0,0.0,0.020738300000000015,1.2064952,0.020738300000000015,0.0,30433280,22368256,60076,69632,2.172539999999998,24.105733199999985,49.514697499999905,7434368,129024,7434368,129024,0,0,0,0,0,0,0,512,1.0,0,0,,023-n512-repeat-burst-nginx-warm,285368320,0,0,512,,,,,,,
run-09,large-plain,256,bounded-warm,requests,32,32,1.0,0.92155905,34.723765123895205,34.723765123895205,0.0,0.0,0,0,0.0,1.2632378999999998,1.1221273,1.2632378999999998,0.0,172048384,156708864,4106402,4112384,119.344225,271.11625269999996,293.23481818,131455744,10048,131759984,13688,302248,0,0,0,0,0,0,0,0.0,0,0,,024-n256-large-plain-bounded-warm,310484992,0,0,32,,32,32,1.0,,0,
run-09,comparisons,256,anubis-d4-solve,requests,64,64,1.0,65.883859099,0.971406363792849,0.971406363792849,1245.07984375,79.68511,64,2,4.0,119.97715409999999,2.4525887,40.2920441,32.49020514528179,1013940224,493821952,0,0,1700.676099500004,10916.764750999997,14689.82547688,546029135,60959,546029135,60959,0,1208192,545999988,0,0,4,89327,0,0.0,0,0,,025-n256-comparisons-anubis-d4-solve,459001856,391616,207.065379,64,,,,,,,
run-09,alias-flood,512,nginx-warm,requests,512,512,1.0,0.670862412,763.1967313142594,763.1967313142594,0.17068359375,0.08739,12,2,3.0,0.41092609999999996,1.1770131,0.3235361,0.07424726198884278,51310592,32051200,241671,266240,1.0004469999999799,16.118851450000008,116.93308906,7517708,133888,7517708,133888,0,227040,174597,0,0,0,0,500,0.9765625,0,0,,026-n512-alias-flood-nginx-warm,274149376,11436,0,512,,,,,,,
run-09,alias-flood,32,anubis-d4-solve,requests,32,32,1.0,1.272089902,25.15545477539684,25.15545477539684,6.9254999999999995,0.22161599999999998,32,2,8.0,1.0046036,2.0122723,0.7829876,0.11013221222594974,95277056,45273088,0,0,136.04661750000002,722.1539878499999,760.59955342,554482,41672,554482,41672,0,605952,465592,0,0,16,880422,0,0.0,0,0,,027-n32-alias-flood-anubis-d4-solve,352665600,11648,6229.555515,32,,,,,,,
run-09,unique-crawl,512,anubis-d5-solve,requests,512,512,1.0,10.877154021,47.07113634793679,47.07113634793679,5.04155859375,2.5812779999999997,512,2,1.0,14.9342669,15.2370987,12.352988900000001,0.16940744762649596,101470208,60710912,0,0,130.44900899999993,190.5373418,3650.0212177199965,5257747,448505,5257747,448505,0,9699328,5113281,0,0,16,14373673,0,0.0,0,0,,028-n512-unique-crawl-anubis-d5-solve,692588544,14676,55038.597056,512,,,,,,,
run-09,session-churn,256,cgit,requests,128,128,1.0,2.074658642,61.69689673700064,61.69689673700064,4.6147578125,0.590689,128,2,4.0,3.3485996,0.6070302,2.7579105999999998,0.9730800872839606,63950848,34394112,0,0,109.90508849999998,154.02558304999997,168.86117673,1298712,32256,1298712,32256,0,2419712,1283832,0,0,0,0,0,0.0,0,0,,029-n256-session-churn-cgit,144486400,11560,0,128,,,,,,,
run-09,human-mix,256,anubis-d5-solve,requests,40,40,1.0,6.401266362,6.248763563012003,6.248763563012003,5.278975,0.21115899999999999,40,1,2.2222222222222223,1.0523996999999998,0.9906618,0.8412406999999998,0.21314943202614653,82178048,44564480,0,0,24.873986500000342,40.929636800000004,502.80009664999966,8631150,36041,8631150,36041,0,756598,8615939,0,0,2,911847,0,0.0,0,0,,030-n256-human-mix-anubis-d5-solve,100519936,11412,751.1607420000001,40,,,,,,,
run-09,ref-update,256,anubis-d4-solve,after-publication,32,32,1.0,0.670355893,47.73583753667397,47.73583753667397,1.9692187499999996,0.06301499999999999,32,2,32.0,0.7218886000000001,0.5992886,0.6588736000000002,0.10514967246164868,83259392,46170112,0,0,43.979603499999996,132.49006364999994,217.1410490400001,2234586,29339,2234586,29339,0,603968,2210464,0,0,4,261060,0,0.0,0,0,,031-n256-ref-update-anubis-d4-solve,120561664,8420,373.687284,32,,,,,,,
run-09,ref-update,256,anubis-d4-solve,requests,32,32,1.0,0.620480433,51.57293977068895,51.57293977068895,1.97646875,0.063247,32,2,32.0,0.7208729,0.5190584,0.6576259,0.1218494874565174,77946880,42381312,0,0,45.71266899999999,147.83843034999995,177.79971681,2234745,29338,2234745,29338,0,603968,2210624,0,0,4,188414,0,0.0,0,0,,031-n256-ref-update-anubis-d4-solve,120307712,8424,366.109329,32,,,,,,,
run-09,ref-update,256,bounded-cold,after-publication,32,0,0.0,0.268777784,119.05745900487072,0.0,0.0,0,0,0,0.0,0.15128039999999987,0.3035488,0.15128039999999987,0.0,99053568,78618624,0,0,6.052949499999997,10.606821399999992,14.17153069000001,4320,7136,156440,8956,151124,0,0,0,0,0,0,0,0.0,0,0,,032-n256-ref-update-bounded-cold,79290368,0,0,,,32,0,0.0,32,0,
run-09,ref-update,256,bounded-cold,requests,32,0,0.0,0.319335067,100.20822423489119,0.0,0.0,0,0,0,0.0,0.2635168,0.2951936,0.2635168,0.0,98512896,77303808,0,0,6.236049499999993,52.292925649999994,63.82456430000002,4320,7136,156440,8956,151124,0,0,0,0,0,0,0,0.0,0,0,,032-n256-ref-update-bounded-cold,78405632,0,0,,,32,0,0.0,32,0,
run-09,human-mix,256,cgit,requests,40,40,1.0,5.660080624,7.067037142614384,7.067037142614384,5.2211,0.208844,40,2,2.2222222222222223,1.028012,0.2102713,0.8191679999999999,0.9932121026502428,54300672,35463168,0,0,25.9437875000001,39.33001510000007,43.732903819999954,8620551,10636,8620551,10636,0,754838,8615939,0,0,0,0,0,0.0,0,0,,033-n256-human-mix-cgit,73658368,11440,0,40,,,,,,,
run-09,session-churn,256,bounded-warm,requests,128,128,1.0,0.570593919,224.3276623493073,224.3276623493073,0.0,0.0,0,0,0.0,0.5639654000000003,0.586376,0.5639654000000003,0.0,115142656,99995648,333698,499712,13.51797000000002,34.365181899999996,39.51949654999999,1280424,32256,1584664,35896,302248,0,0,0,0,0,0,0,0.0,0,0,,034-n256-session-churn-bounded-warm,145846272,0,0,128,,128,128,1.0,,0,
run-09,large-plain,256,bounded-cold,requests,32,0,0.0,0.470062523,68.07605038532289,0.0,0.0,0,0,0,0.0,0.2990032,0.4821457,0.2990032,0.0,95621120,75071488,0,0,11.895993999999988,101.42138305,102.19248898000001,4320,10048,308560,13688,302248,0,0,0,0,0,0,0,0.0,0,0,,035-n256-large-plain-bounded-cold,138354688,0,0,,,32,0,0.0,32,0,
run-09,human-mix,256,nginx-cold,requests,40,40,1.0,5.454656003,7.333184710089957,7.333184710089957,2.18605,0.08744199999999999,18,2,1.0,0.48175779999999996,0.2146115,0.3943158,0.4074432171621744,52396032,30027776,4277529,4317184,1.902695999999878,34.27114624999997,43.681322589999986,8621249,10636,8621249,10636,0,340106,4267539,0,0,0,0,22,0.55,0,0,,036-n256-human-mix-nginx-cold,73650176,11324,0,40,,,,,,,
run-09,repeat-burst,128,anubis-d5-solve,requests,128,128,1.0,8.303536643,15.415118340918726,15.415118340918726,7.1183359374999995,0.9111469999999999,128,2,32.0,4.0262753,14.8689497,3.1151283000000003,0.0612785044259044,93863936,49078272,0,0,70.14043450000031,4868.964049399993,6764.273926700001,1941224,121983,1941224,121983,0,2424832,1841536,0,0,16,15091823,0,0.0,0,0,,037-n128-repeat-burst-anubis-d5-solve,725843968,11708,67955.753387,128,,,,,,,
run-09,repeat-burst,32,anubis-d5-solve,requests,32,32,1.0,7.309499187,4.377864909939691,4.377864909939691,6.821624999999999,0.21829199999999999,32,1,8.0,0.9793742999999999,13.7832432,0.7610823,0.015837491716028055,77840384,37277696,0,0,411.9571865000001,5822.94118205,6655.918268840001,548874,41036,548874,41036,0,606080,460384,0,0,16,14006561,0,0.0,0,0,,038-n32-repeat-burst-anubis-d5-solve,683618304,11444,62486.862076,32,,,,,,,
run-09,unique-crawl,128,bounded-cold,requests,128,0,0.0,0.82038658,156.02400517083058,0.0,0.0,0,0,0,0.0,0.5768772000000001,1.0553471,0.5768772000000001,0.0,97906688,77328384,0,0,24.817881000000057,91.60802119999994,96.97942743999998,17280,32914,625760,40194,604496,0,0,0,0,0,0,0,0.0,0,0,,039-n128-unique-crawl-bounded-cold,276144128,0,0,,,128,0,0.0,128,0,
run-09,alias-flood,32,nginx-warm,requests,32,32,1.0,0.569766969,56.16331191708658,56.16331191708658,2.6879999999999997,0.086016,12,2,3.0,0.3794087,0.8261038,0.2933927,0.10412250857579881,65294336,33157120,241671,266240,5.257036999999997,157.34605259999998,165.07706201,469868,8368,469868,8368,0,226992,174597,0,0,0,0,20,0.625,0,0,,040-n32-alias-flood-nginx-warm,257306624,11652,0,32,,,,,,,
run-09,ref-update,256,nginx-cold,after-publication,32,0,0.0,0.219664996,145.67637349011218,0.0,0.0,0.0,0,0,0.0,0.0023909000000000014,0.2985415,0.0023909000000000014,0.0,30765056,19615744,70015,73728,0.8559125000000023,9.09102595,14.542999460000011,2214336,7136,2214336,7136,0,0,0,0,0,0,0,32,1.0,0,0,32,041-n256-ref-update-nginx-cold,86708224,0,0,,,,,,,,
run-09,ref-update,256,nginx-cold,requests,32,32,1.0,0.672346178,47.59452949548856,47.59452949548856,0.06824999999999999,0.0021839999999999997,1,1,1.0,0.025714800000000003,0.2614609,0.023530800000000004,0.008353065410545132,30765056,19615744,70015,73728,1.252753499999983,506.9933448,508.26470171,2214337,7136,2214337,7136,0,18854,69082,0,0,0,0,31,0.96875,0,0,,041-n256-ref-update-nginx-cold,77910016,8344,0,32,,,,,,,
run-09,alias-flood,512,anubis-d5-solve,requests,512,512,1.0,14.486674027,35.342826037622146,35.342826037622146,7.207453125,3.690216,512,2,128.0,16.2305374,22.0084782,12.5403214,0.16767247451030032,100757504,56135680,0,0,79.95087000000012,149.9883616000001,9363.009550749994,7594165,450907,7594165,450907,0,9697280,7449472,0,0,16,22352894,0,0.0,0,0,,042-n512-alias-flood-anubis-d5-solve,727744512,11808,107492.681144,512,,,,,,,
run-09,ref-update,256,anubis-d5-nosolve,after-publication,32,0,0.0,0.219124427,146.03574981624482,0.0,0.0,0,0,0,0.0,0.012554399999999993,0.27375589999999994,0.012554399999999993,0.0,54620160,26705920,0,0,1.2718640000000008,11.426998049999996,14.799025930000012,140904,10748,140904,10748,0,0,0,0,0,32,0,0,0.0,0,0,,043-n256-ref-update-anubis-d5-nosolve,77516800,0,0,,32,,,,,,
run-09,ref-update,256,anubis-d5-nosolve,requests,32,0,0.0,0.219716326,145.64234066065714,0.0,0.0,0,0,0,0.0,0.0171609,0.2710266,0.0171609,0.0,54042624,25956352,0,0,1.058841000000001,12.14765445,13.444388630000006,140888,10748,140888,10748,0,0,0,0,0,32,0,0,0.0,0,0,,043-n256-ref-update-anubis-d5-nosolve,76492800,0,0,,32,,,,,,
run-09,session-churn,256,bounded-cold,requests,128,0,0.0,0.619798087,206.51886910389896,0.0,0.0,0,0,0,0.0,0.6108916999999999,0.588907,0.6108916999999999,0.0,99893248,79130624,0,0,10.045379499999996,52.166764299999954,100.73805508999999,17280,32256,321520,35896,302248,0,0,0,0,0,0,0,0.0,0,0,,044-n256-session-churn-bounded-cold,143650816,0,0,,,128,0,0.0,128,0,
run-09,alias-flood,128,bounded-cold,requests,128,0,0.0,0.770463226,166.13382142134842,0.0,0.0,0,0,0,0.0,0.5881398999999999,1.0215408,0.5881398999999999,0.0,98861056,77983744,0,0,24.03856250000004,100.79688045000002,112.54065708000006,17280,33472,625760,40752,604496,0,0,0,0,0,0,0,0.0,0,0,,045-n128-alias-flood-bounded-cold,269471744,0,0,,,128,0,0.0,128,0,
run-09,human-mix,256,bounded-cold,requests,40,7,0.175,7.510471352,5.325897420452606,0.9320320485792062,0.0,0,0,0,0.0,0.5635918999999999,0.360717,0.5635918999999999,0.0,100356096,78999552,0,0,4.274187999999867,353.98614449999957,1003.9874972,401748,28204,477808,29114,75562,0,0,0,0,0,0,0,0.0,72,42,,046-n256-human-mix-bounded-cold,66473984,0,0,7,,31,0,0.0,31,0,2
run-09,comparisons,256,cgit,requests,64,64,1.0,65.17370504,0.9819911260334264,0.9819911260334264,1241.665703125,79.466605,64,2,4.0,118.8248768,2.2513768,39.3582718,35.296892550371844,1017778176,519991296,0,0,2485.123986999999,10386.732072849993,14829.80462984,546007520,19200,546007520,19200,0,1205376,545999988,0,0,0,0,0,0.0,0,0,,047-n256-comparisons-cgit,507826176,391408,0,64,,,,,,,
run-09,session-churn,256,anubis-d5-nosolve,requests,128,0,0.0,0.320063475,399.9206719854554,0.0,0.0,0,0,0,0.0,0.0439955,0.537734,0.0439955,0.0,60002304,29474816,0,0,1.6283695000000051,16.177981099999965,25.615894790000013,563657,44640,563657,44640,0,0,0,0,0,128,0,0,0.0,0,0,,048-n256-session-churn-anubis-d5-nosolve,148459520,0,0,,128,,,,,,
run-09,alias-flood,128,anubis-d5-nosolve,requests,128,0,0.0,0.519808323,246.2446142864088,0.0,0.0,0,0,0,0.0,0.0461,0.9865765,0.0461,0.0,56610816,26017792,0,0,4.201587499999988,44.984132949999974,63.99077255000003,563618,47920,563618,47920,0,0,0,0,0,128,0,0,0.0,0,0,,049-n128-alias-flood-anubis-d5-nosolve,252870656,0,0,,128,,,,,,
run-09,alias-flood,512,bounded-warm,requests,512,512,1.0,1.373667499,372.72484088960744,372.72484088960744,0.0,0.0,0,0,0.0,1.6082264999999998,1.3571842,1.6082264999999998,0.0,171847680,152973312,59759,81920,18.92090600000006,54.69105435000002,109.43605005999999,7431680,133888,8040160,141168,604496,0,0,0,0,0,0,0,0.0,0,0,,050-n512-alias-flood-bounded-warm,297467904,0,0,512,,512,512,1.0,,0,
run-09,large-plain,256,anubis-d5-nosolve,requests,32,0,0.0,0.320162752,99.94916585424653,0.0,0.0,0,0,0,0.0,0.017758800000000005,0.4793235,0.017758800000000005,0.0,57372672,29159424,0,0,3.4428264999999953,23.377868699999983,29.29001555,140918,13144,140918,13144,0,0,0,0,0,32,0,0,0.0,0,0,,051-n256-large-plain-anubis-d5-nosolve,135110656,0,0,,32,,,,,,
run-09,alias-flood,32,bounded-cold,requests,32,0,0.0,0.673823465,47.49018350080759,0.0,0.0,0,0,0,0.0,0.3026901000000001,0.9045018,0.3026901000000001,0.0,94404608,73809920,0,0,84.730842,142.0210571,144.21582964,4320,8368,612800,15648,604496,0,0,0,0,0,0,0,0.0,0,0,,052-n32-alias-flood-bounded-cold,265330688,0,0,,,32,0,0.0,32,0,
run-09,alias-flood,32,anubis-d5-solve,requests,32,32,1.0,8.955803277,3.5731021562500542,3.5731021562500542,6.833531249999999,0.21867299999999998,32,1,8.0,0.9683707000000001,16.272862,0.7496977000000001,0.01343789432983577,78614528,36777984,0,0,475.7022375000001,6152.641795649999,8030.270210360002,554513,41727,554513,41727,0,605952,465592,0,0,16,17249276,0,0.0,0,0,,053-n32-alias-flood-anubis-d5-solve,594288640,11708,58208.506549,32,,,,,,,
run-09,repeat-burst,128,anubis-d5-nosolve,requests,128,0,0.0,0.569944801,224.58315222003404,0.0,0.0,0,0,0,0.0,0.055290500000000006,1.0113444,0.055290500000000006,0.0,56127488,28336128,0,0,7.1136729999999915,39.82088569999998,81.78231884,563635,46704,563635,46704,0,0,0,0,0,128,0,0,0.0,0,0,,054-n128-repeat-burst-anubis-d5-nosolve,259555328,0,0,,128,,,,,,
run-09,repeat-burst,32,anubis-d4-solve,requests,32,32,1.0,1.070483887,29.893023508909668,29.893023508909668,7.243843749999999,0.23180299999999998,32,2,8.0,1.0425492,1.7531959,0.8107462000000001,0.1322173979530753,81825792,46559232,0,0,149.28039400000003,532.1777185000001,567.36182346,548888,41046,548888,41046,0,606080,460384,0,0,16,670458,0,0.0,0,0,,055-n32-repeat-burst-anubis-d4-solve,328814592,11592,3256.209264,32,,,,,,,
run-09,unique-crawl,32,bounded-warm,requests,32,32,1.0,0.670622625,47.71685118735742,47.71685118735742,0.0,0.0,0,0,0.0,0.23546859999999992,0.9333131,0.23546859999999992,0.0,106844160,87343104,333611,503808,49.93514450000001,88.24021315000003,91.18246839999998,320021,8218,928501,15498,604496,0,0,0,0,0,0,0,0.0,0,0,,056-n32-unique-crawl-bounded-warm,265039872,0,0,32,,32,32,1.0,,0,
run-09,large-plain,256,nginx-cold,requests,32,32,1.0,0.922070037,34.70452212514525,34.70452212514525,0.20715625,0.0066289999999999995,1,1,1.0,0.0840427,0.7186412,0.0774137,0.009224352848125044,38346752,27533312,4107165,4112384,24.512216499999965,536.3681376,551.02647052,131400225,10048,131400225,10048,0,18858,4106141,0,0,0,0,31,0.96875,0,0,,057-n256-large-plain-nginx-cold,332726272,9956,0,32,,,,,,,
run-09,unique-crawl,512,nginx-warm,requests,512,512,1.0,0.671050783,762.982493979148,762.982493979148,0.0,0.0,0,0,0.0,0.02227869999999932,1.1717945,0.02227869999999932,0.0,30957568,36663296,5380771,6344704,2.445133499999997,22.907674200000013,52.6171751199999,5181524,131712,5181524,131712,0,0,0,0,0,0,0,512,1.0,0,0,,058-n512-unique-crawl-nginx-warm,276926464,0,0,512,,,,,,,
run-09,ref-update,256,cgit,after-publication,32,32,1.0,0.519804062,61.56165820804995,61.56165820804995,1.9355624999999999,0.06193799999999999,32,2,32.0,0.6832910000000001,0.2759626,0.621353,0.22444345719311237,45953024,27152384,0,0,43.860097499999995,65.21171099999997,89.35263294999999,2213632,7136,2213632,7136,0,602560,2210464,0,0,0,0,0,0.0,0,0,,059-n256-ref-update-cgit,82067456,8428,0,32,,,,,,,
run-09,ref-update,256,cgit,requests,32,32,1.0,0.519525049,61.594720142165855,61.594720142165855,1.9327812500000001,0.061849,32,2,32.0,0.6812861,0.2786684,0.6194371,0.22194479173096054,50913280,25669632,0,0,43.061274499999996,67.45043449999997,94.4635906,2213792,7136,2213792,7136,0,602560,2210624,0,0,0,0,0,0.0,0,0,,059-n256-ref-update-cgit,82067456,8424,0,32,,,,,,,
run-09,alias-flood,512,bounded-cold,requests,512,0,0.0,1.323760835,386.7768153149809,0.0,0.0,0,0,0,0.0,1.5504058,1.3230656,1.5504058,0.0,153989120,134574080,0,0,19.58198500000003,47.63050175,137.87798358999996,69120,133888,677600,141168,604496,0,0,0,0,0,0,0,0.0,0,0,,060-n512-alias-flood-bounded-cold,288120832,0,0,,,512,0,0.0,512,0,
run-09,unique-crawl,128,nginx-cold,requests,128,128,1.0,2.277423665,56.203859636278956,56.203859636278956,4.548546875,0.582214,128,2,1.0,3.3999454,0.9704375,2.8177314,0.5999500225413795,68161536,42954752,1295271,1519616,231.5720325000001,256.00583695000006,445.40175466999995,1245254,32914,1245254,32914,0,2422272,1228069,0,0,0,0,0,0.0,0,0,,061-n128-unique-crawl-nginx-cold,261713920,13700,0,128,,,,,,,
run-09,alias-flood,128,anubis-d5-solve,requests,128,128,1.0,11.230077823,11.397961974746682,11.397961974746682,6.8760859375,0.880139,128,2,32.0,3.8832679999999997,21.5345483,3.0031289999999995,0.04087102212401641,99123200,46104576,0,0,70.07862500000022,6171.495152999999,10185.919300190002,1962446,123539,1962446,123539,0,2424320,1862368,0,0,16,22692988,0,0.0,0,0,,062-n128-alias-flood-anubis-d5-solve,699318272,11648,92166.29853100001,128,,,,,,,
run-09,repeat-burst,512,cgit,requests,512,512,1.0,8.542752006,59.933847973158635,59.933847973158635,7.0293671875,3.599036,512,2,128.0,15.503568699999999,1.5377954,11.904532699999999,2.3403867640649723,77516800,47591424,0,0,259.7423020000001,279.9862265000002,291.00467158,7425664,129024,7425664,129024,0,9676800,7366144,0,0,0,0,0,0.0,0,0,,063-n512-repeat-burst-cgit,291926016,11708,0,512,,,,,,,
run-09,ref-update,256,nginx-warm,after-publication,32,0,0.0,0.218792075,146.25758268438196,0.0,0.0,0.0,0,0,0.0,0.002310599999999996,0.27946960000000004,0.002310599999999996,0.0,30019584,19582976,70015,73728,0.8272395000000046,12.720394199999998,20.328796060000002,2214336,7136,2214336,7136,0,0,0,0,0,0,0,32,1.0,0,0,32,064-n256-ref-update-nginx-warm,78925824,0,0,,,,,,,,
run-09,ref-update,256,nginx-warm,requests,32,32,1.0,0.169079682,189.2598780733453,189.2598780733453,0.0,0.0,0,0,0.0,0.0023172000000000054,0.2628097,0.0023172000000000054,0.0,30019584,19582976,70015,73728,0.7593824999999939,7.735395499999997,15.488325050000004,2214336,7136,2214336,7136,0,0,0,0,0,0,0,32,1.0,0,0,,064-n256-ref-update-nginx-warm,78925824,0,0,32,,,,,,,
run-09,repeat-burst,512,anubis-d5-nosolve,requests,512,0,0.0,0.719627223,711.4794766456465,0.0,0.0,0,0,0,0.0,0.1474272,1.2615401,0.1474272,0.0,61575168,31023104,0,0,5.01448400000001,19.78283214999999,35.141061169999986,2254599,193008,2254599,193008,0,0,0,0,0,512,0,0,0.0,0,0,,065-n512-repeat-burst-anubis-d5-nosolve,286670848,0,0,,512,,,,,,
run-09,alias-flood,32,cgit,requests,32,32,1.0,0.921360061,34.73126452352269,34.73126452352269,6.8874375,0.22039799999999998,32,2,8.0,0.9541398,0.8495786,0.7337418,0.25942037617237534,64376832,40222720,0,0,230.951661,284.05774585,292.78333246,469312,8368,469312,8368,0,604544,465592,0,0,0,0,0,0.0,0,0,,066-n32-alias-flood-cgit,261677056,11604,0,32,,,,,,,
run-09,session-churn,256,nginx-warm,requests,128,128,1.0,0.319470171,400.6633846262911,400.6633846262911,0.0,0.0,0,0,0.0,0.005643900000000035,0.5608995,0.005643900000000035,0.0,30773248,23281664,337941,401408,0.6722504999999899,15.559649649999999,31.427862030000018,1300888,32256,1300888,32256,0,0,0,0,0,0,0,128,1.0,0,0,,067-n256-session-churn-nginx-warm,142053376,0,0,128,,,,,,,
run-09,repeat-burst,128,cgit,requests,128,128,1.0,2.424496774,52.79446084344429,52.79446084344429,6.924421874999999,0.886326,128,2,32.0,3.8064512,0.9909002,2.9201252,0.894465456763456,53350400,39579648,0,0,249.72885399999996,285.9950455,289.9766604800001,1856416,32256,1856416,32256,0,2419200,1841536,0,0,0,0,0,0.0,0,0,,068-n128-repeat-burst-cgit,265109504,11640,0,128,,,,,,,
run-09,unique-crawl,512,anubis-d4-solve,requests,512,512,1.0,8.089449574,63.29231616024905,63.29231616024905,4.83019921875,2.473062,512,2,1.0,14.194256900000001,3.4927061,11.7211949,0.7080647295230481,107601920,68386816,0,0,220.03348549999987,252.38608055000003,738.4957177499997,5257796,448506,5257796,448506,0,9699328,5113281,0,0,16,1879417,0,0.0,0,0,,069-n512-unique-crawl-anubis-d4-solve,498270208,14492,7629.24187,512,,,,,,,
run-09,unique-crawl,32,anubis-d4-solve,requests,32,32,1.0,1.724257812,18.55870959510549,18.55870959510549,5.0691875,0.162214,32,2,1.0,0.9156545,2.9715719,0.7534405000000001,0.054588616886571045,80375808,46804992,0,0,214.36856500000007,1055.2626030499998,1208.9498593500002,409582,41355,409582,41355,0,606080,320883,0,0,16,1959060,0,0.0,0,0,,070-n32-unique-crawl-anubis-d4-solve,401170432,13680,10042.116408,32,,,,,,,
run-09,repeat-burst,128,bounded-warm,requests,128,128,1.0,0.819940031,156.10897768205197,156.10897768205197,0.0,0.0,0,0,0.0,0.6075466,1.0710072,0.6075466,0.0,112877568,91947008,59108,81920,27.641925499999985,101.44877809999991,117.16641359,1837088,32256,2445568,39536,604496,0,0,0,0,0,0,0,0.0,0,0,,071-n128-repeat-burst-bounded-warm,271003648,0,0,128,,128,128,1.0,,0,
run-09,session-churn,256,anubis-d4-solve,requests,128,128,1.0,2.423882138,52.80784820074448,52.80784820074448,5.0932734375,0.6519389999999999,128,2,4.0,3.7774217,3.1292416,3.1254827,0.2083377007387349,99119104,50323456,0,0,115.69374000000005,255.18976129999967,411.39303851000045,1468357,136086,1468357,136086,0,2425344,1283832,0,0,32,2381901,0,0.0,0,0,,072-n256-session-churn-anubis-d4-solve,370454528,11716,3386.31397,128,,,,,,,
run-09,repeat-burst,128,bounded-cold,requests,128,0,0.0,0.870643683,147.0176634819735,0.0,0.0,0,0,0,0.0,0.630062,1.0626492,0.630062,0.0,100126720,79699968,0,0,27.06588049999999,113.30261504999999,117.91906766000002,17280,32256,625760,39536,604496,0,0,0,0,0,0,0,0.0,0,0,,073-n128-repeat-burst-bounded-cold,271654912,0,0,,,128,0,0.0,128,0,
run-09,unique-crawl,512,cgit,requests,512,512,1.0,7.537308526,67.92875709331153,67.92875709331153,4.699251953125,2.406017,512,2,1.0,13.5587091,1.4098524,11.1526921,1.706573681046328,72245248,51159040,0,0,219.90970050000078,249.94746834999992,275.7124314199999,5172820,131712,5172820,131712,0,9676800,5113281,0,0,0,0,0,0.0,0,0,,074-n512-unique-crawl-cgit,293412864,14592,0,512,,,,,,,
run-09,repeat-burst,32,anubis-d5-nosolve,requests,32,0,0.0,0.519676183,61.576806955572955,0.0,0.0,0,0,0,0.0,0.02012309999999999,0.8954623,0.02012309999999999,0.0,58306560,29081600,0,0,12.297699499999993,66.18341509999999,78.25829112000001,140897,10128,140897,10128,0,0,0,0,0,32,0,0,0.0,0,0,,075-n32-repeat-burst-anubis-d5-nosolve,254013440,0,0,,32,,,,,,
run-09,human-mix,256,nginx-warm,requests,40,40,1.0,5.159540167,7.752628859415951,7.752628859415951,0.0,0.0,0,0,0.0,0.016283700000000012,0.2231066,0.016283700000000012,0.0,34844672,30081024,4277529,4317184,1.3465135000000146,7.087956200000009,8.554244270000094,8621231,10636,8621231,10636,0,0,0,0,0,0,0,40,1.0,0,0,,076-n256-human-mix-nginx-warm,73654272,0,0,40,,,,,,,
run-09,large-plain,256,nginx-warm,requests,32,32,1.0,0.420407101,76.11669718204878,76.11669718204878,0.0,0.0,0,0,0.0,0.0501615,0.7443391,0.0501615,0.0,34115584,27516928,4107165,4112384,28.0170375,64.22207474999999,69.01977774,131400224,10048,131400224,10048,0,0,0,0,0,0,0,32,1.0,0,0,,077-n256-large-plain-nginx-warm,368828416,0,0,32,,,,,,,
run-09,unique-crawl,128,cgit,requests,128,128,1.0,2.175223058,58.844539887182464,58.844539887182464,4.558859375,0.583534,128,2,1.0,3.3262318,0.9872475,2.7426978,0.5910716411031682,63229952,38633472,0,0,219.51524400000005,265.23468339999994,274.41131814,1242950,32914,1242950,32914,0,2419200,1228069,0,0,0,0,0,0.0,0,0,,078-n128-unique-crawl-cgit,266149888,13744,0,128,,,,,,,
run-09,repeat-burst,32,cgit,requests,32,32,1.0,0.92036854,34.76868081562197,34.76868081562197,6.7811875,0.216998,32,2,8.0,0.9383253,0.8600786,0.7213273,0.25230019674945986,50286592,35606528,0,0,217.58168999999998,287.24795085,290.78162040000007,464104,8064,464104,8064,0,604672,460384,0,0,0,0,0,0.0,0,0,,079-n32-repeat-burst-cgit,263168000,11592,0,32,,,,,,,
run-09,repeat-burst,32,nginx-warm,requests,32,32,1.0,0.519864839,61.55446108175821,61.55446108175821,0.0,0.0,0,0,0.0,0.0026774999999999993,0.8901856,0.0026774999999999993,0.0,30560256,22663168,60076,69632,4.027782000000002,64.34350814999999,80.77515109000002,464648,8064,464648,8064,0,0,0,0,0,0,0,32,1.0,0,0,,080-n32-repeat-burst-nginx-warm,251817984,0,0,32,,,,,,,
run-09,alias-flood,128,nginx-warm,requests,128,128,1.0,0.570809365,224.24299222911313,224.24299222911313,0.642296875,0.082214,12,2,3.0,0.3715176,0.975674,0.2893036,0.08426380122868908,51499008,32280576,241671,266240,0.6420234999999934,91.35775464999989,164.27930076000004,1879436,33472,1879436,33472,0,227040,174597,0,0,0,0,116,0.90625,0,0,,081-n128-alias-flood-nginx-warm,260448256,11524,0,128,,,,,,,
run-09,comparisons,256,nginx-warm,requests,64,64,1.0,1.273521944,50.25433625351021,50.25433625351021,0.0,0.0,0,0,0.0,0.1753612000000011,2.0801052,0.1753612000000011,0.0,50180096,304197632,136509511,136552448,11.498897,91.81527799999996,180.96493205999974,546008608,19200,546008608,19200,0,0,0,0,0,0,0,64,1.0,0,0,,082-n256-comparisons-nginx-warm,627224576,0,0,64,,,,,,,
run-09,unique-crawl,128,nginx-warm,requests,128,128,1.0,0.519305875,246.48286522851296,246.48286522851296,0.0,0.0,0,0,0.0,0.007249799999999862,0.9697781,0.007249799999999862,0.0,30744576,29220864,1295271,1519616,1.3153449999999793,34.273845850000015,52.58434557000002,1245126,32914,1245126,32914,0,0,0,0,0,0,0,128,1.0,0,0,,083-n128-unique-crawl-nginx-warm,262680576,0,0,128,,,,,,,
run-09,session-churn,256,anubis-d5-solve,requests,128,128,1.0,18.056328476,7.088927307128592,7.088927307128592,4.718039062499999,0.6039089999999999,128,2,4.0,3.6014196,33.3422407,2.9975106,0.018112429978348756,95551488,46612480,0,0,72.67379100000016,6392.56507955,8392.568631450007,1468278,136111,1468278,136111,0,2425344,1283832,0,0,32,38174324,0,0.0,0,0,,084-n256-session-churn-anubis-d5-solve,387391488,11584,101821.022765,128,,,,,,,
run-09,unique-crawl,512,anubis-d5-nosolve,requests,512,0,0.0,0.72035007,710.7655309868992,0.0,0.0,0,0,0,0.0,0.15626790000000002,1.2828384,0.15626790000000002,0.0,60747776,31109120,0,0,5.534197500000005,20.224766700000032,41.39385804999998,2254791,195696,2254791,195696,0,0,0,0,0,512,0,0,0.0,0,0,,085-n512-unique-crawl-anubis-d5-nosolve,288083968,0,0,,512,,,,,,
run-09,alias-flood,512,anubis-d5-nosolve,requests,512,0,0.0,0.719723381,711.3844200651306,0.0,0.0,0,0,0,0.0,0.1478251,1.326457,0.1478251,0.0,60256256,30240768,0,0,5.465003499999995,20.794063799999996,41.71052857999998,2254743,197872,2254743,197872,0,0,0,0,0,512,0,0,0.0,0,0,,086-n512-alias-flood-anubis-d5-nosolve,292851712,0,0,,512,,,,,,
run-09,large-plain,256,anubis-d5-solve,requests,32,32,1.0,7.106274106,4.503063000761767,4.503063000761767,7.4140625,0.23725,32,2,32.0,1.1993976000000002,13.1868145,0.9621476000000002,0.017991456541684117,99987456,51671040,0,0,42.567723500000056,5620.6684616,6554.505026140001,131443059,37121,131443059,37121,0,604096,131396512,0,0,8,14091404,0,0.0,0,0,,087-n256-large-plain-anubis-d5-solve,417370112,10140,30391.995105,32,,,,,,,
run-09,repeat-burst,512,bounded-warm,requests,512,512,1.0,1.322763671,387.06838660978013,387.06838660978013,0.0,0.0,0,0,0.0,1.5207939,1.3453243,1.5207939,0.0,173142016,154046464,59108,81920,19.80552399999999,44.67852304999997,144.86067127,7348352,129024,7956832,136304,604496,0,0,0,0,0,0,0,0.0,0,0,,088-n512-repeat-burst-bounded-warm,306814976,0,0,512,,512,512,1.0,,0,
run-09,alias-flood,128,anubis-d4-solve,requests,128,128,1.0,2.674359991,47.86191852658477,47.86191852658477,7.002960937499999,0.8963789999999999,128,2,32.0,3.9448733,1.9306846,3.0484942999999998,0.4642803904894668,103845888,57597952,0,0,234.90405350000003,509.89904319999926,689.6241717700001,1962408,123537,1962408,123537,0,2424320,1862368,0,0,16,634197,0,0.0,0,0,,089-n128-alias-flood-anubis-d4-solve,403070976,11648,4197.240677,128,,,,,,,
run-09,repeat-burst,512,anubis-d4-solve,requests,512,512,1.0,8.842921809,57.899415041633105,57.899415041633105,7.0241542968749995,3.596367,512,2,128.0,15.6173386,2.7768367,12.0209716,1.2951308948055893,114528256,65851392,0,0,249.9302379999997,289.94528039999994,639.0420937999993,7510412,445724,7510412,445724,0,9699328,7366144,0,0,16,1109412,0,0.0,0,0,,090-n512-repeat-burst-anubis-d4-solve,467312640,11772,4994.522155,512,,,,,,,
run-09,human-mix,256,bounded-warm,requests,40,38,0.95,7.575142531,5.280428696398347,5.016407261578429,0.0,0.0,0,0,0.0,0.625065,0.4213686,0.625065,0.0,107732992,90849280,4243703,4317184,4.7436705000000075,352.9720150500001,1011.1536373599995,8952319,28204,9028379,29114,75562,0,0,0,0,0,0,0,0.0,72,42,,091-n256-human-mix-bounded-warm,86560768,0,0,38,,31,31,1.0,,0,2
run-09,alias-flood,512,nginx-cold,requests,512,512,1.0,0.669582925,764.6551022787804,764.6551022787804,0.229275390625,0.117389,16,2,4.0,0.5430336,1.1052413,0.42564460000000004,0.10621119569093192,63737856,35237888,241671,266240,0.3981159999999875,1.2387068500000076,207.27398562999952,7517712,133888,7517712,133888,0,302720,232796,0,0,0,0,496,0.96875,0,0,,092-n512-alias-flood-nginx-cold,262250496,11736,0,512,,,,,,,
run-09,ref-update,256,bounded-warm,after-publication,32,0,0.0,0.2693507,118.80422066844453,0.0,0.0,0.0,0,0,0.0,0.1481950999999999,0.29422690000000007,0.1481950999999999,0.0,99360768,79433728,138685,147456,6.490418000000005,8.920116700000005,9.167995820000002,4320,7136,156440,8956,151124,0,0,0,0,0,0,0,0.0,0,0,,093-n256-ref-update-bounded-warm,84500480,0,0,,,32,0,0.0,32,0,
run-09,ref-update,256,bounded-warm,after-update-preparation,32,32,1.0,0.319412186,100.18402992301615,100.18402992301615,0.0,0.0,0,0,0.0,0.1981383000000001,0.3041480999999999,0.1981383000000001,0.0,107339776,86831104,138685,147456,8.138692500000005,14.673442599999989,19.703766460000004,2206752,7136,2358872,8956,151124,0,0,0,0,0,0,0,0.0,0,0,,093-n256-ref-update-bounded-warm,86208512,0,0,32,,32,32,1.0,,0,
run-09,ref-update,256,bounded-warm,requests,32,32,1.0,0.36984335,86.52311850409099,86.52311850409099,0.0,0.0,0,0,0.0,0.3162903,0.2973568,0.3162903,0.0,98586624,78299136,138685,147456,11.553059500000003,34.767704299999984,37.17695495999999,2206912,7136,2359032,8956,151124,0,0,0,0,0,0,0,0.0,0,0,,093-n256-ref-update-bounded-warm,84500480,0,0,32,,32,32,1.0,,0,
run-09,large-plain,256,cgit,requests,32,32,1.0,0.820954259,38.97902915928474,38.97902915928474,6.850812499999999,0.21922599999999998,32,2,32.0,1.0239693,0.73012,0.8047433000000002,0.30026023119487205,108167168,94543872,0,0,135.288722,144.8821935,148.49121483000002,131399680,10048,131399680,10048,0,602688,131396512,0,0,0,0,0,0.0,0,0,,094-n256-large-plain-cgit,422891520,10148,0,32,,,,,,,
run-09,unique-crawl,128,bounded-warm,requests,128,128,1.0,0.771945158,165.81488810892964,165.81488810892964,0.0,0.0,0,0,0.0,0.5000068999999998,1.0310679,0.5000068999999998,0.0,157310976,145612800,1279105,1974272,24.30171850000002,91.79361499999996,98.35417543,1224738,32914,1833218,40194,604496,0,0,0,0,0,0,0,0.0,0,0,,095-n128-unique-crawl-bounded-warm,272023552,0,0,128,,128,128,1.0,,0,
run-09,alias-flood,32,anubis-d5-nosolve,requests,32,0,0.0,0.519413479,61.60795068623931,0.0,0.0,0,0,0,0.0,0.019340499999999997,0.8741264,0.019340499999999997,0.0,57757696,27111424,0,0,12.933685999999994,48.96393144999997,61.082856110000016,140889,10432,140889,10432,0,0,0,0,0,32,0,0,0.0,0,0,,096-n32-alias-flood-anubis-d5-nosolve,254111744,0,0,,32,,,,,,
run-09,human-mix,256,anubis-d4-solve,requests,40,40,1.0,5.852653821,6.834506400579404,6.834506400579404,5.2223,0.208892,40,1,2.2222222222222223,1.0359212999999998,0.4964778,0.8270292999999999,0.4207479166238651,75517952,40308736,0,0,24.788643500000035,42.87533264999984,184.36166600999994,8631150,36034,8631150,36034,0,756598,8615939,0,0,2,262776,0,0.0,0,0,,097-n256-human-mix-anubis-d4-solve,108257280,11584,254.35791799999998,40,,,,,,,
run-09,repeat-burst,32,bounded-cold,requests,32,0,0.0,0.670885711,47.6981391544349,0.0,0.0,0,0,0,0.0,0.30949669999999996,0.9378102,0.30949669999999996,0.0,96747520,77099008,0,0,79.97916499999997,126.59507884999995,137.07702662,4320,8064,612800,15344,604496,0,0,0,0,0,0,0,0.0,0,0,,098-n32-repeat-burst-bounded-cold,265408512,0,0,,,32,0,0.0,32,0,
run-09,comparisons,256,bounded-cold,requests,64,28,0.4375,106.215467247,0.6025487780529218,0.26361509039815334,0.0,0,0,0,0.0,5.4702834,16.1510406,5.4702834,0.0,192356352,171147264,0,0,196.0114104999957,50287.90820584999,53588.61821991,11978345,1821872,12130465,1823692,151124,0,0,0,0,0,0,0,0.0,7388,24800,,099-n256-comparisons-bounded-cold,409653248,0,0,28,,0,0,,,0,36
run-09,unique-crawl,32,nginx-cold,requests,32,32,1.0,0.870801507,36.74775450290993,36.74775450290993,4.93421875,0.157895,32,2,1.0,0.8824612000000001,0.8212055,0.7245662,0.19227221444571427,60276736,40275968,338022,393216,205.87384500000002,244.75747404999998,256.84468892,325181,8218,325181,8218,0,605440,320883,0,0,0,0,0,0.0,0,0,,100-n32-unique-crawl-nginx-cold,260456448,13872,0,32,,,,,,,
run-09,unique-crawl,128,anubis-d5-nosolve,requests,128,0,0.0,0.571009866,224.16425288175319,0.0,0.0,0,0,0,0.0,0.05939969999999999,1.0503626,0.05939969999999999,0.0,59473920,29335552,0,0,7.147134999999992,49.91292679999991,66.42970430000003,563748,47362,563748,47362,0,0,0,0,0,128,0,0,0.0,0,0,,101-n128-unique-crawl-anubis-d5-nosolve,256258048,0,0,,128,,,,,,
run-09,comparisons,256,bounded-warm,requests,64,28,0.4375,106.220778103,0.6025186516515684,0.2636019100975612,0.0,0,0,0,0.0,5.516432200000001,16.0026915,5.516432200000001,0.0,192471040,171376640,0,0,189.36789550000685,50322.24133779999,53848.138300210005,11978345,1821872,12130465,1823692,151124,0,0,0,0,0,0,0,0.0,7388,24800,,102-n256-comparisons-bounded-warm,436072448,0,0,28,,0,0,,,0,36
run-09,alias-flood,128,nginx-cold,requests,128,128,1.0,0.669571672,191.16698831906376,191.16698831906376,0.83709375,0.107148,16,2,4.0,0.48359690000000005,0.9215992,0.3764489000000001,0.11626312175618207,58515456,34574336,241671,266240,0.5883980000000122,147.79346649999994,208.40016484999998,1879440,33472,1879440,33472,0,302720,232796,0,0,0,0,112,0.875,0,0,,103-n128-alias-flood-nginx-cold,256315392,11592,0,128,,,,,,,
run-09,unique-crawl,32,anubis-d5-nosolve,requests,32,0,0.0,0.520285582,61.50468340289315,0.0,0.0,0,0,0,0.0,0.020927200000000007,0.8771309,0.020927200000000007,0.0,55730176,26058752,0,0,11.691636000000003,41.43599155000001,54.11631023000002,140890,10282,140890,10282,0,0,0,0,0,32,0,0,0.0,0,0,,104-n32-unique-crawl-anubis-d5-nosolve,250667008,0,0,,32,,,,,,
run-09,comparisons,256,anubis-d5-nosolve,requests,64,0,0.0,0.52095512,122.85127363754482,0.0,0.0,0,0,0,0.0,0.0236528,0.7911799,0.0236528,0.0,57204736,28921856,0,0,1.0238009999999917,10.329996299999998,13.523701319999983,281816,26940,281816,26940,0,0,0,0,0,64,0,0,0.0,0,0,,105-n256-comparisons-anubis-d5-nosolve,397590528,0,0,,64,,,,,,
run-09,repeat-burst,512,bounded-cold,requests,512,0,0.0,1.272154779,402.4667504707774,0.0,0.0,0,0,0,0.0,1.4636516,1.3381799,1.4636516,0.0,139599872,122187776,0,0,17.749897000000033,48.06721325,129.44745596,69120,129024,677600,136304,604496,0,0,0,0,0,0,0,0.0,0,0,,106-n512-repeat-burst-bounded-cold,282730496,0,0,,,512,0,0.0,512,0,
run-09,unique-crawl,512,bounded-warm,requests,512,512,1.0,1.221311093,419.22160777426103,419.22160777426103,0.0,0.0,0,0,0.0,1.2051219999999994,1.4550069,1.2051219999999994,0.0,182681600,177836032,5317361,8028160,13.735953999999992,39.864107599999976,104.66915921000005,5099908,131712,5708388,138992,604496,0,0,0,0,0,0,0,0.0,0,0,,107-n512-unique-crawl-bounded-warm,301780992,0,0,512,,512,512,1.0,,0,
run-09,session-churn,256,nginx-cold,requests,128,128,1.0,0.720377942,177.68450772469654,177.68450772469654,1.1282656249999998,0.144418,32,2,1.0,0.8544555,0.5543964,0.7100375000000001,0.26049591952617296,67211264,32550912,337941,401408,0.5719174999999552,120.51676490000001,125.70164054,1300920,32256,1300920,32256,0,605696,320958,0,0,0,0,96,0.75,0,0,,108-n256-session-churn-nginx-cold,140017664,11336,0,128,,,,,,,
run-09,repeat-burst,512,nginx-cold,requests,512,512,1.0,0.972347948,526.560477710804,526.560477710804,0.05126953125,0.02625,4,2,1.0,0.145138,1.170356,0.118888,0.022429072863299714,42852352,25346048,60076,69632,0.8898855000000196,11.737407050000014,507.09381001,7434372,129024,7434372,129024,0,75696,57548,0,0,0,0,508,0.9921875,0,0,,109-n512-repeat-burst-nginx-cold,272424960,11540,0,512,,,,,,,
run-09,human-mix,256,anubis-d5-nosolve,requests,40,0,0.0,5.157087376,7.756316130331936,0.0,0.0,0,0,0,0.0,0.0368967,0.2137371,0.0368967,0.0,56340480,27799552,0,0,1.9093290000000707,2.86636960000014,9.532705540000002,176080,15538,176080,15538,0,0,0,0,0,40,0,0,0.0,0,0,,110-n256-human-mix-anubis-d5-nosolve,49012736,0,0,,40,,,,,,
run-09,repeat-burst,32,nginx-cold,requests,32,32,1.0,0.9214412,34.72820620566999,34.72820620566999,0.9129375,0.029213999999999997,4,2,1.0,0.12720209999999998,0.8353555,0.0979881,0.03497193709743935,43122688,29085696,60076,69632,22.25444250000001,517.09665955,527.2669500300001,464652,8064,464652,8064,0,75680,57548,0,0,0,0,28,0.875,0,0,,111-n32-repeat-burst-nginx-cold,252444672,11716,0,32,,,,,,,
